raw_node_id,raw_node_name,raw_node_type,raw_cluster,tex_label,display_number,raw_description,indegree,outdegree,incoming_raw_node_ids,incoming_dependency_types,outgoing_raw_node_ids,outgoing_dependency_types
cert:adversary_lower,cert:adversary_lower,certificate_data,certificate_data,,,"Rational 87 by 51 lower adversary, all nine filtered PSD inequalities and strict Rayleigh lower threshold.",0,1,,,thm:r10-source-interval,CERTIFICATE_USES
cert:adversary_upper,cert:adversary_upper,certificate_data,certificate_data,,,"Dyadic base factors, exact residual repair and strict 3.9301 upper bound.",0,1,,,thm:r10-source-interval,CERTIFICATE_USES
cert:alternative_program,cert:alternative_program,certificate_data,certificate_data,,,18 by 28 alternative matrix and energies at weights 5/4 and 1.,0,1,,,prop:r10-regular-route-b,CERTIFICATE_USES
cert:atlas_bases,cert:atlas_bases,certificate_data,certificate_data,,,162 R10 bases; port inclusion and TU minor checks.,0,1,,,prop:r10-basis-polynomials,CERTIFICATE_USES
cert:atlas_four_color,cert:atlas_four_color,certificate_data,certificate_data,,,Supplementary 2488/4480 four-state orbit counts.,0,1,,,supplement:four_state_orbits,CERTIFICATE_USES
cert:atlas_orbits,cert:atlas_orbits,certificate_data,certificate_data,,,19 unpointed and 26 pointed subset orbits.,0,1,,,prop:r10-subset-orbits,CERTIFICATE_USES
cert:atlas_symmetry,cert:atlas_symmetry,certificate_data,certificate_data,,,Complete 720-element automorphism group and port transitivity.,0,1,,,prop:r10-symmetry,CERTIFICATE_USES
cert:classical_fbs,cert:classical_fbs,certificate_data,certificate_data,,,Supplementary fractional-block-sensitivity primal/dual certificates.,0,1,,,supplement:fbs,CERTIFICATE_USES
cert:classical_sabotage,cert:classical_sabotage,certificate_data,certificate_data,,,Supplementary exact sabotage policy and dual lower bound.,0,1,,,supplement:sabotage,CERTIFICATE_USES
cert:natural_program,cert:natural_program,certificate_data,certificate_data,,,Unit-weight energies and balanced incidence for the natural R10 program.,0,2,,,interface:recursive_balanced_incidence;prop:r10-natural-program-cost,CERTIFICATE_USES;CERTIFICATE_USES
cert:r10_boundary,cert:r10_boundary,certificate_data,certificate_data,,,All 512 masks and the two positive/negative boundary families.,0,1,,,lem:r10-minimal-positive,CERTIFICATE_USES
cert:r10_source,cert:r10_source,certificate_data,certificate_data,,,Predicate and mask/filter conventions.,0,1,,,thm:r10-source-interval,CERTIFICATE_USES
cert:recursive_base,cert:recursive_base,certificate_data,certificate_data,,,Base sensitivity five on both fibers and extremal masks.,0,1,,,prop:recursive-r10-sensitivity,CERTIFICATE_USES
cor:regular-extension-chain,cor:regular-extension-chain,corollary,Section 2: Matroids,cor:regular-extension-chain,2.28,Every regular matroid is obtained from a free matroid by regular single-element extensions followed by contraction of the new elements.,3,0,thm:regular-quotient-form;prop:regular-basic-properties;def:single-element-extension,PROOF_USES;PROOF_USES;DEFINITIONAL,,
cor:regular-linear-cost,cor:regular-linear-cost,corollary,Section 11: Regular Program Matroids: Representation Optimization and Certification,cor:regular-linear-cost,11.6,The linear cost of a fixed regular program is the infimum over one common positive weight assignment of the geometric mean of its worst input-minor basis ratios.,4,3,prop:regular-representations-are-weights;thm:regular-matroid-energy;def:representation-cost;def:linear-cost,PROOF_USES;PROOF_USES;DEFINITIONAL;DEFINITIONAL,prop:regular-optimality-certificate;thm:seymour-linear-cost;prop:recursive-r10-natural-cost,PROOF_USES;PROOF_USES;PROOF_USES
cor:regular-typed-support-bound,cor:regular-typed-support-bound,corollary,Section 11: Regular Program Matroids: Representation Optimization and Certification,cor:regular-typed-support-bound,11.4,Per-class available circuit and cocircuit size bounds a_j and b_j imply linear cost at most the sum of sqrt(a_j b_j).,3,0,interface:signed_regular_witnesses;def:linear-cost;ext:scalar_balance,SEMANTIC_USES;DEFINITIONAL;EXTERNAL_IMPORT,,
def:amplitude-readout,def:amplitude-readout,definition,Section 3: Queries,def:amplitude-readout,3.19,amplitude readout,2,1,def:configuration-amplitude;ext:finite_probability,DEFINITIONAL;EXTERNAL_IMPORT,def:quantum-query-circuit,DEFINITIONAL
def:balanced-recombination,def:balanced-recombination,definition,Section F: Real Amplitudes and Reversible Recombination,def:balanced-recombination,F.4,balanced recombination,2,1,def:power-law-carrier;ext:linear_basis,DEFINITIONAL;EXTERNAL_IMPORT,thm:square-root-forced,DEFINITIONAL
def:colored-matroid,def:colored-matroid,definition,Section 2: Matroids,def:colored-matroid,2.35,colored matroid,2,1,def:matroid;ext:finite_sets,DEFINITIONAL;EXTERNAL_IMPORT,def:f-separation-matroid,DEFINITIONAL
def:common-refinement,def:common-refinement,definition,Section 3: Queries,def:common-refinement,3.9,common refinement,2,3,def:partition-refinement;def:query-gate,DEFINITIONAL;DEFINITIONAL,def:query-closure;prop:query-closure-operator;prop:query-separation-cover,DEFINITIONAL;DEFINITIONAL;DEFINITIONAL
def:computational-factorization,def:computational-factorization,definition,Section E: Matroidal Form of the Span-Program/Adversary Correspondence,def:computational-factorization,E.4,computational factorization,3,6,def:query-separation;ext:inner_product;ext:finite_sets,DEFINITIONAL;EXTERNAL_IMPORT;EXTERNAL_IMPORT,interface:factorization_upper_bound;interface:quotient_negative_functional;def:normal-form-relation-space;prop:factorization-transport-equivalence;thm:quotient-normal-form-correct;prop:quotient-complementary-rank,SEMANTIC_USES;SEMANTIC_USES;DEFINITIONAL;DEFINITIONAL;DEFINITIONAL;DEFINITIONAL
def:configuration-amplitude,def:configuration-amplitude,definition,Section 3: Queries,def:configuration-amplitude,3.14,configuration amplitude,2,4,def:configuration-arena;ext:inner_product,DEFINITIONAL;EXTERNAL_IMPORT,def:recombination;def:phase-query;def:amplitude-readout;def:correlation-kernel,DEFINITIONAL;DEFINITIONAL;DEFINITIONAL;DEFINITIONAL
def:configuration-arena,def:configuration-arena,definition,Section 3: Queries,def:configuration-arena,3.13,configuration arena,1,2,ext:finite_sets,EXTERNAL_IMPORT,def:configuration-amplitude;def:phase-address,DEFINITIONAL;DEFINITIONAL
def:correlation-kernel,def:correlation-kernel,definition,Section 6: Correlations and the General Adversary Bound,def:correlation-kernel,6.2,correlation kernel,2,3,def:configuration-amplitude;ext:inner_product,DEFINITIONAL;EXTERNAL_IMPORT,prop:correlation-positive;prop:query-correlation-support;thm:adversary-query-lower-bound,DEFINITIONAL;DEFINITIONAL;DEFINITIONAL
def:correlation-transport,def:correlation-transport,definition,Section 6: Correlations and the General Adversary Bound,def:correlation-transport,6.8,correlation transport,2,5,def:positive-kernel;def:query-separation,DEFINITIONAL;DEFINITIONAL,def:correlation-transport-value;def:correlation-transport-lagrangian;prop:correlation-transport-feasible;prop:represented-program-gives-transport;prop:factorization-transport-equivalence,DEFINITIONAL;DEFINITIONAL;DEFINITIONAL;DEFINITIONAL;DEFINITIONAL
def:correlation-transport-lagrangian,def:correlation-transport-lagrangian,definition,Section 6: Correlations and the General Adversary Bound,def:correlation-transport-lagrangian,6.12,correlation transport lagrangian,1,1,def:correlation-transport,DEFINITIONAL,prop:correlation-transport-dual,DEFINITIONAL
def:correlation-transport-value,def:correlation-transport-value,definition,Section 6: Correlations and the General Adversary Bound,def:correlation-transport-value,6.9,correlation transport value,2,3,def:correlation-transport;ext:infima,DEFINITIONAL;EXTERNAL_IMPORT,prop:correlation-transport-attainment;prop:correlation-transport-dual;thm:correlation-transport-adversary,DEFINITIONAL;DEFINITIONAL;DEFINITIONAL
def:f-matroid-span-program,def:f-matroid-span-program,definition,Section 9: Response-Labeled Matroid Span Programs,def:f-matroid-span-program,9.1,f matroid span program,3,9,def:matroid-closure;def:query-gate;interface:response_labels,DEFINITIONAL;DEFINITIONAL;DEFINITIONAL,interface:input_minors;interface:r10_natural_program;interface:r10_alternative_program;def:representable-matroid-span-program-class;def:positive-support;def:negative-support;def:regular-matroid-span-program;prop:matroid-program-to-linear-span-program;lem:reconstruction-separation-pairing,DEFINITIONAL;DEFINITIONAL;SEMANTIC_USES;DEFINITIONAL;DEFINITIONAL;DEFINITIONAL;DEFINITIONAL;DEFINITIONAL;DEFINITIONAL
def:f-separation-matroid,def:f-separation-matroid,definition,Section 7: Matroidal Query Models,def:f-separation-matroid,7.11,f separation matroid,3,1,def:target-query-matroid;def:colored-matroid;def:query-separation,DEFINITIONAL;DEFINITIONAL;DEFINITIONAL,prop:agreement-set-flat,DEFINITIONAL
def:fiber-partition,def:fiber-partition,definition,Section 3: Queries,def:fiber-partition,3.3,fiber partition,1,4,def:partition,DEFINITIONAL,def:query-gate;def:query-set-separates-function;def:target-query-matroid;prop:partition-computation,DEFINITIONAL;DEFINITIONAL;DEFINITIONAL;DEFINITIONAL
def:free-matroid,def:free-matroid,definition,Section 2: Matroids,def:free-matroid,2.9,free matroid,1,2,def:matroid,DEFINITIONAL,thm:regular-quotient-form;prop:coordinate-query-matroid,DEFINITIONAL;DEFINITIONAL
def:fundamental-circuit,def:fundamental-circuit,definition,Section 2: Matroids,def:fundamental-circuit,2.12,fundamental circuit,2,1,def:matroid-basis;def:matroid-circuit,DEFINITIONAL;DEFINITIONAL,prop:relation-fundamental-circuits,DEFINITIONAL
def:general-adversary-bound-weighted,def:general-adversary-bound-weighted,definition,Section 4: The General Adversary Bound,def:general-adversary-bound-weighted,4.1,general adversary bound weighted,3,6,def:query-separation;ext:matrix_norms;ext:infima,DEFINITIONAL;EXTERNAL_IMPORT;EXTERNAL_IMPORT,interface:factorization_upper_bound;prop:adversary-attainment;lem:adversary-copy-invariance;prop:adversary-routing-duality;thm:correlation-transport-adversary;thm:flat-adversary-decomposition,SEMANTIC_USES;DEFINITIONAL;DEFINITIONAL;DEFINITIONAL;DEFINITIONAL;DEFINITIONAL
def:graphic-cographic,def:graphic-cographic,definition,Section 2: Matroids,def:graphic-cographic,2.29,graphic cographic,2,1,def:matroid;ext:graphic_basics,DEFINITIONAL;EXTERNAL_IMPORT,def:seymour-decomposition,DEFINITIONAL
def:hyperplane-cocircuit,def:hyperplane-cocircuit,definition,Section 2: Matroids,def:hyperplane-cocircuit,2.8,hyperplane cocircuit,2,3,def:matroid-flat;def:matroid-rank,DEFINITIONAL;DEFINITIONAL,def:negative-support;prop:cocircuit-separates-closure;prop:agreement-set-flat,DEFINITIONAL;DEFINITIONAL;DEFINITIONAL
def:linear-cost,def:linear-cost,definition,Section 10: Representation Costs and Optimization,def:linear-cost,10.9,linear cost,3,7,def:representation-cost;def:representable-matroid-span-program-class;ext:infima,DEFINITIONAL;DEFINITIONAL;EXTERNAL_IMPORT,def:matroid-span-program-cost;prop:regular-representations-are-weights;thm:regular-support-bound;cor:regular-typed-support-bound;cor:regular-linear-cost;thm:adversary-lower-bounds-msp;thm:optimal-matroid-normal-form,DEFINITIONAL;DEFINITIONAL;DEFINITIONAL;DEFINITIONAL;DEFINITIONAL;DEFINITIONAL;DEFINITIONAL
def:loop-coloop,def:loop-coloop,definition,Section 2: Matroids,def:loop-coloop,2.10,loop coloop,1,2,def:matroid-basis,DEFINITIONAL,interface:two_sum_response;def:regular-matroid-sums,DEFINITIONAL;DEFINITIONAL
def:matroid,def:matroid,definition,Section 2: Matroids,def:matroid,2.1,matroid,1,6,ext:finite_sets,EXTERNAL_IMPORT,def:matroid-basis;def:matroid-circuit;def:free-matroid;def:matroid-representability;def:graphic-cographic;def:colored-matroid,DEFINITIONAL;DEFINITIONAL;DEFINITIONAL;DEFINITIONAL;DEFINITIONAL;DEFINITIONAL
def:matroid-basis,def:matroid-basis,definition,Section 2: Matroids,def:matroid-basis,2.2,matroid basis,1,4,def:matroid,DEFINITIONAL,interface:weighted_basis_sums;def:matroid-rank;def:loop-coloop;def:fundamental-circuit,DEFINITIONAL;DEFINITIONAL;DEFINITIONAL;DEFINITIONAL
def:matroid-circuit,def:matroid-circuit,definition,Section 2: Matroids,def:matroid-circuit,2.6,matroid circuit,1,3,def:matroid,DEFINITIONAL,def:fundamental-circuit;def:matroid-cycle;prop:closure-circuit,DEFINITIONAL;DEFINITIONAL;DEFINITIONAL
def:matroid-closure,def:matroid-closure,definition,Section 2: Matroids,def:matroid-closure,2.4,matroid closure,1,7,def:matroid-rank,DEFINITIONAL,interface:r10_predicate;def:matroid-flat;def:f-matroid-span-program;prop:closure-circuit;prop:cocircuit-separates-closure;prop:target-extension-criterion;prop:span-program-matroid-shadow,DEFINITIONAL;DEFINITIONAL;DEFINITIONAL;DEFINITIONAL;DEFINITIONAL;DEFINITIONAL;DEFINITIONAL
def:matroid-cycle,def:matroid-cycle,definition,Section 2: Matroids,def:matroid-cycle,2.30,matroid cycle,1,1,def:matroid-circuit,DEFINITIONAL,def:regular-matroid-sums,DEFINITIONAL
def:matroid-flat,def:matroid-flat,definition,Section 2: Matroids,def:matroid-flat,2.5,matroid flat,1,3,def:matroid-closure,DEFINITIONAL,def:hyperplane-cocircuit;def:modular-pair;prop:functional-zero-flat,DEFINITIONAL;DEFINITIONAL;DEFINITIONAL
def:matroid-minors,def:matroid-minors,definition,Section 2: Matroids,def:matroid-minors,2.11,matroid minors,1,5,def:matroid-rank,DEFINITIONAL,interface:input_minors;def:single-element-extension;def:regular-matroid-sums;prop:represented-minors;prop:r10-proper-minors,DEFINITIONAL;DEFINITIONAL;DEFINITIONAL;DEFINITIONAL;DEFINITIONAL
def:matroid-rank,def:matroid-rank,definition,Section 2: Matroids,def:matroid-rank,2.3,matroid rank,1,4,def:matroid-basis,DEFINITIONAL,def:matroid-closure;def:hyperplane-cocircuit;def:matroid-minors;def:modular-pair,DEFINITIONAL;DEFINITIONAL;DEFINITIONAL;DEFINITIONAL
def:matroid-representability,def:matroid-representability,definition,Section 2: Matroids,def:matroid-representability,2.19,matroid representability,2,6,def:matroid;ext:linear_basis,DEFINITIONAL;EXTERNAL_IMPORT,def:vector-matroid;def:projective-equivalence;def:regular-matroid;def:representable-matroid-span-program-class;prop:represented-minors;prop:functional-zero-flat,DEFINITIONAL;DEFINITIONAL;DEFINITIONAL;DEFINITIONAL;DEFINITIONAL;DEFINITIONAL
def:matroid-span-program-cost,def:matroid-span-program-cost,definition,Section 10: Representation Costs and Optimization,def:matroid-span-program-cost,10.10,matroid span program cost,2,4,def:linear-cost;ext:infima,DEFINITIONAL;EXTERNAL_IMPORT,thm:multiresponse-msp-comparison;prop:regular-optimality-certificate;thm:adversary-lower-bounds-msp;thm:optimal-matroid-normal-form,DEFINITIONAL;DEFINITIONAL;DEFINITIONAL;DEFINITIONAL
def:matroid-span-support-profile,def:matroid-span-support-profile,definition,Section 9: Response-Labeled Matroid Span Programs,def:matroid-span-support-profile,9.9,matroid span support profile,2,1,def:positive-support;def:negative-support,DEFINITIONAL;DEFINITIONAL,thm:regular-support-bound,DEFINITIONAL
def:matroidal-query-system,def:matroidal-query-system,definition,Section 7: Matroidal Query Models,def:matroidal-query-system,7.3,matroidal query system,3,2,def:query-closure;prop:query-closure-operator;ext:matroid_basic,DEFINITIONAL;SEMANTIC_USES;EXTERNAL_IMPORT,def:target-query-matroid;thm:target-modular-cut,DEFINITIONAL;DEFINITIONAL
def:modular-cut,def:modular-cut,definition,Section 2: Matroids,def:modular-cut,2.15,modular cut,1,1,def:modular-pair,DEFINITIONAL,prop:modular-cut-extension,DEFINITIONAL
def:modular-pair,def:modular-pair,definition,Section 2: Matroids,def:modular-pair,2.14,modular pair,2,1,def:matroid-flat;def:matroid-rank,DEFINITIONAL;DEFINITIONAL,def:modular-cut,DEFINITIONAL
def:negative-separation-energy,def:negative-separation-energy,definition,Section 10: Representation Costs and Optimization,def:negative-separation-energy,10.3,negative separation energy,2,6,def:separation-set;ext:infima,DEFINITIONAL;EXTERNAL_IMPORT,interface:worst_energies;interface:energy_monotonicity;prop:representation-energy-attainment;prop:representation-scaling;prop:representation-coordinate-invariance;prop:quotient-normal-form-cost,DEFINITIONAL;SEMANTIC_USES;DEFINITIONAL;DEFINITIONAL;DEFINITIONAL;DEFINITIONAL
def:negative-support,def:negative-support,definition,Section 9: Response-Labeled Matroid Span Programs,def:negative-support,9.8,negative support,2,2,def:f-matroid-span-program;def:hyperplane-cocircuit,DEFINITIONAL;DEFINITIONAL,def:matroid-span-support-profile;prop:support-linear-characterization,DEFINITIONAL;DEFINITIONAL
def:normal-form-relation-space,def:normal-form-relation-space,definition,Section E: Matroidal Form of the Span-Program/Adversary Correspondence,def:normal-form-relation-space,E.6,normal form relation space,3,6,def:computational-factorization;interface:response_labels;ext:linear_basis,DEFINITIONAL;DEFINITIONAL;EXTERNAL_IMPORT,interface:relation_extension;interface:quotient_negative_functional;def:quotient-normal-form;prop:relation-fundamental-circuits;thm:quotient-normal-form-correct;prop:quotient-complementary-rank,SEMANTIC_USES;SEMANTIC_USES;DEFINITIONAL;DEFINITIONAL;DEFINITIONAL;DEFINITIONAL
def:partition,def:partition,definition,Section 3: Queries,def:partition,3.1,partition,1,3,ext:finite_sets,EXTERNAL_IMPORT,def:partition-refinement;def:fiber-partition;def:phase-assignment,DEFINITIONAL;DEFINITIONAL;DEFINITIONAL
def:partition-refinement,def:partition-refinement,definition,Section 3: Queries,def:partition-refinement,3.2,partition refinement,1,2,def:partition,DEFINITIONAL,def:common-refinement;prop:partition-computation,DEFINITIONAL;DEFINITIONAL
def:phase-address,def:phase-address,definition,Section 3: Queries,def:phase-address,3.17,phase address,3,2,def:query-gate;def:configuration-arena;def:phase-assignment,DEFINITIONAL;DEFINITIONAL;DEFINITIONAL,def:phase-query;thm:standard-quantum-equivalence,DEFINITIONAL;DEFINITIONAL
def:phase-assignment,def:phase-assignment,definition,Section 3: Queries,def:phase-assignment,3.16,phase assignment,1,1,def:partition,DEFINITIONAL,def:phase-address,DEFINITIONAL
def:phase-query,def:phase-query,definition,Section 3: Queries,def:phase-query,3.18,phase query,2,3,def:phase-address;def:configuration-amplitude,DEFINITIONAL;DEFINITIONAL,def:quantum-query-circuit;prop:quantum-separation-cover;prop:query-correlation-support,DEFINITIONAL;DEFINITIONAL;DEFINITIONAL
def:positive-kernel,def:positive-kernel,definition,Section 6: Correlations and the General Adversary Bound,def:positive-kernel,6.3,positive kernel,1,4,ext:psd_gram,EXTERNAL_IMPORT,def:correlation-transport;lem:positive-kernel-entry-bound;prop:correlation-positive;lem:positive-kernel-self-duality,DEFINITIONAL;DEFINITIONAL;DEFINITIONAL;DEFINITIONAL
def:positive-reconstruction-energy,def:positive-reconstruction-energy,definition,Section 10: Representation Costs and Optimization,def:positive-reconstruction-energy,10.2,positive reconstruction energy,2,6,def:reconstruction-set;ext:infima,DEFINITIONAL;EXTERNAL_IMPORT,interface:worst_energies;interface:energy_monotonicity;prop:representation-energy-attainment;prop:representation-scaling;prop:representation-coordinate-invariance;prop:quotient-normal-form-cost,DEFINITIONAL;SEMANTIC_USES;DEFINITIONAL;DEFINITIONAL;DEFINITIONAL;DEFINITIONAL
def:positive-support,def:positive-support,definition,Section 9: Response-Labeled Matroid Span Programs,def:positive-support,9.6,positive support,2,3,def:f-matroid-span-program;ext:finite_sets,DEFINITIONAL;EXTERNAL_IMPORT,def:matroid-span-support-profile;prop:positive-support-circuits;prop:support-linear-characterization,DEFINITIONAL;DEFINITIONAL;DEFINITIONAL
def:power-law-carrier,def:power-law-carrier,definition,Section F: Real Amplitudes and Reversible Recombination,def:power-law-carrier,F.3,power law carrier,2,2,ext:real_powers;ext:linear_equiv,EXTERNAL_IMPORT;EXTERNAL_IMPORT,def:balanced-recombination;thm:square-root-forced,DEFINITIONAL;DEFINITIONAL
def:projective-equivalence,def:projective-equivalence,definition,Section 2: Matroids,def:projective-equivalence,2.21,projective equivalence,2,1,def:matroid-representability;ext:linear_equiv,DEFINITIONAL;EXTERNAL_IMPORT,prop:regular-basic-properties,DEFINITIONAL
def:quantum-query-circuit,def:quantum-query-circuit,definition,Section 3: Queries,def:quantum-query-circuit,3.20,quantum query circuit,3,3,def:recombination;def:phase-query;def:amplitude-readout,DEFINITIONAL;DEFINITIONAL;DEFINITIONAL,def:quantum-query-complexity;prop:quantum-separation-cover;thm:standard-quantum-equivalence,DEFINITIONAL;DEFINITIONAL;DEFINITIONAL
def:quantum-query-complexity,def:quantum-query-complexity,definition,Section 3: Queries,def:quantum-query-complexity,3.21,quantum query complexity,2,2,def:quantum-query-circuit;ext:infima,DEFINITIONAL;EXTERNAL_IMPORT,thm:recursive-r10-comparison;thm:adversary-query-lower-bound,DEFINITIONAL;DEFINITIONAL
def:query-closure,def:query-closure,definition,Section 7: Matroidal Query Models,def:query-closure,7.1,query closure,1,4,def:common-refinement,DEFINITIONAL,interface:agreement_fibers;def:matroidal-query-system;prop:query-closure-operator;prop:coordinate-query-matroid,DEFINITIONAL;DEFINITIONAL;DEFINITIONAL;DEFINITIONAL
def:query-gate,def:query-gate,definition,Section 3: Queries,def:query-gate,3.8,query gate,1,5,def:fiber-partition,DEFINITIONAL,interface:response_labels;def:common-refinement;def:query-separation;def:phase-address;def:f-matroid-span-program,DEFINITIONAL;DEFINITIONAL;DEFINITIONAL;DEFINITIONAL;DEFINITIONAL
def:query-separation,def:query-separation,definition,Section 3: Queries,def:query-separation,3.11,query separation,1,12,def:query-gate,DEFINITIONAL,interface:agreement_fibers;interface:r10_predicate;interface:or_function;def:query-set-separates-function;def:general-adversary-bound-weighted;def:routing-norm;def:correlation-transport;def:f-separation-matroid;def:computational-factorization;lem:bipartite-spectrum;prop:query-correlation-support;lem:reconstruction-separation-pairing,DEFINITIONAL;DEFINITIONAL;DEFINITIONAL;DEFINITIONAL;DEFINITIONAL;DEFINITIONAL;DEFINITIONAL;DEFINITIONAL;DEFINITIONAL;DEFINITIONAL;DEFINITIONAL;DEFINITIONAL
def:query-set-separates-function,def:query-set-separates-function,definition,Section 3: Queries,def:query-set-separates-function,3.12,query set separates function,2,4,def:query-separation;def:fiber-partition,DEFINITIONAL;DEFINITIONAL,prop:adversary-attainment;prop:quantum-separation-cover;prop:correlation-transport-feasible;prop:query-separation-cover,DEFINITIONAL;DEFINITIONAL;DEFINITIONAL;DEFINITIONAL
def:quotient-normal-form,def:quotient-normal-form,definition,Section E: Matroidal Form of the Span-Program/Adversary Correspondence,def:quotient-normal-form,E.7,quotient normal form,3,2,def:normal-form-relation-space;def:vector-matroid;ext:linear_quotient,DEFINITIONAL;DEFINITIONAL;EXTERNAL_IMPORT,prop:quotient-normal-form-contraction;thm:quotient-normal-form-correct,DEFINITIONAL;DEFINITIONAL
def:r10,def:r10,definition,Section 2: Matroids,def:r10,2.32,r10,1,7,def:vector-matroid,DEFINITIONAL,interface:r10_predicate;def:seymour-decomposition;prop:r10-no-three-sum;prop:r10-basis-polynomials;prop:r10-symmetry;prop:r10-proper-minors;lem:r10-minimal-positive,DEFINITIONAL;DEFINITIONAL;DEFINITIONAL;DEFINITIONAL;DEFINITIONAL;DEFINITIONAL;DEFINITIONAL
def:recombination,def:recombination,definition,Section 3: Queries,def:recombination,3.15,recombination,1,3,def:configuration-amplitude,DEFINITIONAL,def:quantum-query-circuit;prop:recombination-preserves-correlation;thm:standard-quantum-equivalence,DEFINITIONAL;DEFINITIONAL;DEFINITIONAL
def:reconstruction-set,def:reconstruction-set,definition,Section 5: Span Programs,def:reconstruction-set,5.2,reconstruction set,1,3,def:span-program,DEFINITIONAL,def:positive-reconstruction-energy;prop:reconstruction-separation-acceptance;lem:reconstruction-separation-pairing,DEFINITIONAL;DEFINITIONAL;DEFINITIONAL
def:recursive-r10-function,def:recursive-r10-function,definition,Section 16: Recursive \\texorpdfstring{$R_{10}$}{R10} Closure,def:recursive-r10-function,16.1,recursive r10 function,3,4,interface:r10_predicate;ext:finite_induction;ext:finite_products,DEFINITIONAL;EXTERNAL_IMPORT;EXTERNAL_IMPORT,interface:recursive_alternative_program;prop:recursive-r10-closure;prop:recursive-r10-sensitivity;thm:recursive-r10-comparison,SEMANTIC_USES;DEFINITIONAL;DEFINITIONAL;DEFINITIONAL
def:regular-matroid,def:regular-matroid,definition,Section 2: Matroids,def:regular-matroid,2.24,regular matroid,1,4,def:matroid-representability,DEFINITIONAL,interface:weighted_representation;def:regular-matroid-sums;def:regular-matroid-span-program;prop:regular-basic-properties,DEFINITIONAL;DEFINITIONAL;DEFINITIONAL;DEFINITIONAL
def:regular-matroid-span-program,def:regular-matroid-span-program,definition,Section 11: Regular Program Matroids: Representation Optimization and Certification,def:regular-matroid-span-program,11.1,regular matroid span program,2,2,def:f-matroid-span-program;def:regular-matroid,DEFINITIONAL;DEFINITIONAL,interface:signed_regular_witnesses;thm:regular-support-bound,SEMANTIC_USES;DEFINITIONAL
def:regular-matroid-sums,def:regular-matroid-sums,definition,Section 2: Matroids,def:regular-matroid-sums,2.31,regular matroid sums,4,9,def:matroid-cycle;def:matroid-minors;def:loop-coloop;def:regular-matroid,DEFINITIONAL;DEFINITIONAL;DEFINITIONAL;DEFINITIONAL,interface:triangle_signature;interface:r10_alternative_program;interface:recursive_natural_matroid;interface:recursive_alternative_program;def:seymour-decomposition;prop:seymour-one-sum;thm:seymour-two-sum;lem:seymour-three-sum-five;prop:r10-no-three-sum,DEFINITIONAL;SEMANTIC_USES;SEMANTIC_USES;SEMANTIC_USES;DEFINITIONAL;DEFINITIONAL;DEFINITIONAL;DEFINITIONAL;DEFINITIONAL
def:representable-matroid-span-program-class,def:representable-matroid-span-program-class,definition,Section 9: Response-Labeled Matroid Span Programs,def:representable-matroid-span-program-class,9.2,representable matroid span program class,2,3,def:f-matroid-span-program;def:matroid-representability,DEFINITIONAL;DEFINITIONAL,def:linear-cost;prop:matroid-program-to-linear-span-program;prop:linear-span-program-to-matroid-program,DEFINITIONAL;DEFINITIONAL;DEFINITIONAL
def:representation-cost,def:representation-cost,definition,Section 10: Representation Costs and Optimization,def:representation-cost,10.7,representation cost,2,3,interface:worst_energies;ext:real_order,DEFINITIONAL;EXTERNAL_IMPORT,def:linear-cost;prop:representation-coordinate-invariance;cor:regular-linear-cost,DEFINITIONAL;DEFINITIONAL;DEFINITIONAL
def:response-labeled-span-program,def:response-labeled-span-program,definition,Section 9: Response-Labeled Matroid Span Programs,def:response-labeled-span-program,9.3,response labeled span program,2,2,def:span-program;interface:response_labels,DEFINITIONAL;DEFINITIONAL,prop:matroid-program-to-linear-span-program;prop:linear-span-program-to-matroid-program,DEFINITIONAL;DEFINITIONAL
def:reversible-classical-gate,def:reversible-classical-gate,definition,Section F: Real Amplitudes and Reversible Recombination,def:reversible-classical-gate,F.1,reversible classical gate,2,1,ext:finite_probability;ext:linear_equiv,EXTERNAL_IMPORT;EXTERNAL_IMPORT,thm:permutation-wall,DEFINITIONAL
def:routing-norm,def:routing-norm,definition,Section 4: The General Adversary Bound,def:routing-norm,4.5,routing norm,3,2,def:query-separation;ext:norm_duality;ext:infima,DEFINITIONAL;EXTERNAL_IMPORT;EXTERNAL_IMPORT,prop:adversary-routing-duality;prop:scalar-flat-routing-certificate,DEFINITIONAL;DEFINITIONAL
def:separation-set,def:separation-set,definition,Section 5: Span Programs,def:separation-set,5.3,separation set,2,3,def:span-program;ext:linear_separation,DEFINITIONAL;EXTERNAL_IMPORT,def:negative-separation-energy;prop:reconstruction-separation-acceptance;lem:reconstruction-separation-pairing,DEFINITIONAL;DEFINITIONAL;DEFINITIONAL
def:seymour-decomposition,def:seymour-decomposition,definition,Section 2: Matroids,def:seymour-decomposition,2.33,seymour decomposition,3,2,def:regular-matroid-sums;def:graphic-cographic;def:r10,DEFINITIONAL;DEFINITIONAL;DEFINITIONAL,thm:seymour-decomposition;prop:r10-no-three-sum,DEFINITIONAL;DEFINITIONAL
def:single-element-extension,def:single-element-extension,definition,Section 2: Matroids,def:single-element-extension,2.16,single element extension,1,3,def:matroid-minors,DEFINITIONAL,def:target-query-matroid;prop:modular-cut-extension;cor:regular-extension-chain,DEFINITIONAL;DEFINITIONAL;DEFINITIONAL
def:span-program,def:span-program,definition,Section 5: Span Programs,def:span-program,5.1,span program,2,4,ext:linear_basis;ext:finite_sets,EXTERNAL_IMPORT;EXTERNAL_IMPORT,def:reconstruction-set;def:separation-set;def:response-labeled-span-program;prop:span-program-matroid-shadow,DEFINITIONAL;DEFINITIONAL;DEFINITIONAL;DEFINITIONAL
def:target-query-matroid,def:target-query-matroid,definition,Section 7: Matroidal Query Models,def:target-query-matroid,7.4,target query matroid,3,5,def:matroidal-query-system;def:single-element-extension;def:fiber-partition,DEFINITIONAL;DEFINITIONAL;DEFINITIONAL,def:f-separation-matroid;thm:target-modular-cut;prop:minimal-query-circuits;prop:coordinate-target-matroid;prop:query-separation-cover,DEFINITIONAL;DEFINITIONAL;DEFINITIONAL;DEFINITIONAL;DEFINITIONAL
def:vector-matroid,def:vector-matroid,definition,Section 2: Matroids,def:vector-matroid,2.20,vector matroid,2,5,def:matroid-representability;ext:represented_closure,DEFINITIONAL;EXTERNAL_IMPORT,interface:relation_extension;def:r10;def:quotient-normal-form;prop:span-program-matroid-shadow;prop:boolean-coordinate-representation,SEMANTIC_USES;DEFINITIONAL;DEFINITIONAL;DEFINITIONAL;DEFINITIONAL
ext:adversary_composition,ext:adversary_composition,external_obligation,external_obligation,,,"Exact weighted Boolean adversary composition, including unequal input costs.",0,1,,,thm:recursive-r10-comparison,EXTERNAL_IMPORT
ext:adversary_tightness,ext:adversary_tightness,external_obligation,external_obligation,,,Bounded-error Boolean quantum query complexity is Theta(general adversary).,0,1,,,thm:recursive-r10-comparison,EXTERNAL_IMPORT
ext:affine_minimization,ext:affine_minimization,external_obligation,external_obligation,,,Minimum Euclidean norm on a nonempty affine subspace,0,1,,,prop:representation-energy-attainment,EXTERNAL_IMPORT
ext:cauchy_schwarz,ext:cauchy_schwarz,external_obligation,external_obligation,,,Cauchy–Schwarz for finite real vectors,0,4,,,interface:factorization_upper_bound;prop:r10-natural-program-cost;prop:recursive-r10-natural-cost;thm:adversary-query-lower-bound,EXTERNAL_IMPORT;EXTERNAL_IMPORT;EXTERNAL_IMPORT;EXTERNAL_IMPORT
ext:closure_system_intersections,ext:closure_system_intersections,external_obligation,external_obligation,,,Intersections of closure-stable families,0,1,,,prop:target-extension-criterion,EXTERNAL_IMPORT
ext:crapo_extension,ext:crapo_extension,external_obligation,external_obligation,,,Modular-cut/single-element-extension classification.,0,1,,,prop:modular-cut-extension,EXTERNAL_IMPORT
ext:determinant_basis,ext:determinant_basis,external_obligation,external_obligation,,,Cauchy–Binet: det(A W A^T) is the weighted basis polynomial for full-row-rank TU A.,0,2,,,thm:regular-matroid-energy;prop:regular-triangle-identity,EXTERNAL_IMPORT;EXTERNAL_IMPORT
ext:exact_psd_checker,ext:exact_psd_checker,external_obligation,external_obligation,,,Soundness of rational LDL/Gram certificates and embedding their inequalities in real PSD/operator norms.,0,1,,,thm:r10-source-interval,EXTERNAL_IMPORT
ext:finite_compactness,ext:finite_compactness,external_obligation,external_obligation,,,Finite-dimensional compactness and extreme-value theorem,0,2,,,prop:adversary-attainment;prop:correlation-transport-attainment,EXTERNAL_IMPORT;EXTERNAL_IMPORT
ext:finite_group_actions,ext:finite_group_actions,external_obligation,external_obligation,,,"Finite permutation groups, stabilizers and orbit partitions",0,2,,,prop:r10-symmetry;prop:r10-subset-orbits,EXTERNAL_IMPORT;EXTERNAL_IMPORT
ext:finite_induction,ext:finite_induction,external_obligation,external_obligation,,,"Natural-number recursion, induction and disjoint finite products",0,6,,,interface:reduction_invariant;interface:recursive_natural_matroid;interface:recursive_balanced_incidence;interface:recursive_extremizers;def:recursive-r10-function;prop:recursive-r10-sensitivity,EXTERNAL_IMPORT;EXTERNAL_IMPORT;EXTERNAL_IMPORT;EXTERNAL_IMPORT;EXTERNAL_IMPORT;EXTERNAL_IMPORT
ext:finite_probability,ext:finite_probability,external_obligation,external_obligation,,,"Finite probability, projective readout and norm identities",0,6,,,interface:randomized_expected_queries;def:amplitude-readout;def:reversible-classical-gate;prop:quantum-separation-cover;thm:adversary-query-lower-bound;supplement:sabotage,EXTERNAL_IMPORT;EXTERNAL_IMPORT;EXTERNAL_IMPORT;EXTERNAL_IMPORT;EXTERNAL_IMPORT;SEMANTIC_USES
ext:finite_products,ext:finite_products,external_obligation,external_obligation,,,Finite coordinate products and interpolation between inputs,0,5,,,interface:sensitivity;interface:or_function;def:recursive-r10-function;prop:coordinate-query-matroid;prop:coordinate-target-matroid,EXTERNAL_IMPORT;EXTERNAL_IMPORT;EXTERNAL_IMPORT;EXTERNAL_IMPORT;EXTERNAL_IMPORT
ext:finite_sets,ext:finite_sets,external_obligation,external_obligation,,,"Finite sums, products, subsets, cardinalities and decidable equality",0,11,,,interface:weighted_basis_sums;interface:sensitivity;interface:one_hot_oracle;def:matroid;def:colored-matroid;def:partition;def:configuration-arena;def:span-program;def:positive-support;def:computational-factorization;prop:partition-computation,EXTERNAL_IMPORT;EXTERNAL_IMPORT;EXTERNAL_IMPORT;EXTERNAL_IMPORT;EXTERNAL_IMPORT;EXTERNAL_IMPORT;EXTERNAL_IMPORT;EXTERNAL_IMPORT;EXTERNAL_IMPORT;EXTERNAL_IMPORT;EXTERNAL_IMPORT
ext:graphic_basics,ext:graphic_basics,external_obligation,external_obligation,,,"Cycle matroids, graph planar duals, K3,3 minors and parallel extensions.",0,6,,,interface:k4_signature;interface:r10_alternative_program;def:graphic-cographic;prop:r10-no-three-sum;prop:r10-proper-minors;prop:recursive-r10-closure,EXTERNAL_IMPORT;EXTERNAL_IMPORT;EXTERNAL_IMPORT;EXTERNAL_IMPORT;EXTERNAL_IMPORT;EXTERNAL_IMPORT
ext:infima,ext:infima,external_obligation,external_obligation,,,"Infima/suprema, monotonicity and extended nonnegative real values",0,11,,,interface:energy_monotonicity;interface:randomized_expected_queries;def:quantum-query-complexity;def:general-adversary-bound-weighted;def:routing-norm;def:correlation-transport-value;def:positive-reconstruction-energy;def:negative-separation-energy;def:linear-cost;def:matroid-span-program-cost;thm:adversary-lower-bounds-msp,EXTERNAL_IMPORT;EXTERNAL_IMPORT;EXTERNAL_IMPORT;EXTERNAL_IMPORT;EXTERNAL_IMPORT;EXTERNAL_IMPORT;EXTERNAL_IMPORT;EXTERNAL_IMPORT;EXTERNAL_IMPORT;EXTERNAL_IMPORT;EXTERNAL_IMPORT
ext:inner_product,ext:inner_product,external_obligation,external_obligation,,,Finite real inner products and polarization,0,4,,,def:configuration-amplitude;def:correlation-kernel;def:computational-factorization;prop:recombination-preserves-correlation,EXTERNAL_IMPORT;EXTERNAL_IMPORT;EXTERNAL_IMPORT;EXTERNAL_IMPORT
ext:linear_basis,ext:linear_basis,external_obligation,external_obligation,,,"Finite bases, spans, coordinate maps and linear independence",0,6,,,interface:triangle_signature;def:matroid-representability;def:span-program;def:normal-form-relation-space;def:balanced-recombination;prop:boolean-coordinate-representation,EXTERNAL_IMPORT;EXTERNAL_IMPORT;EXTERNAL_IMPORT;EXTERNAL_IMPORT;EXTERNAL_IMPORT;EXTERNAL_IMPORT
ext:linear_equiv,ext:linear_equiv,external_obligation,external_obligation,,,Linear equivalences and inverse coordinate transformations,0,4,,,def:projective-equivalence;def:reversible-classical-gate;def:power-law-carrier;prop:representation-coordinate-invariance,EXTERNAL_IMPORT;EXTERNAL_IMPORT;EXTERNAL_IMPORT;EXTERNAL_IMPORT
ext:linear_quotient,ext:linear_quotient,external_obligation,external_obligation,,,"Submodule quotients, induced maps and quotient dimensions",0,5,,,interface:quotient_negative_functional;def:quotient-normal-form;prop:represented-minors;thm:regular-quotient-form;thm:quotient-normal-form-correct,EXTERNAL_IMPORT;EXTERNAL_IMPORT;EXTERNAL_IMPORT;EXTERNAL_IMPORT;EXTERNAL_IMPORT
ext:linear_separation,ext:linear_separation,external_obligation,external_obligation,,,Finite-dimensional annihilator separation and dual bases,0,3,,,def:separation-set;prop:reconstruction-separation-acceptance;prop:support-linear-characterization,EXTERNAL_IMPORT;EXTERNAL_IMPORT;EXTERNAL_IMPORT
ext:lp_duality,ext:lp_duality,external_obligation,external_obligation,,,Finite feasible bounded linear programs have equal primal/dual optima.,0,2,,,thm:singleton-fiber-scalarization;supplement:fbs,EXTERNAL_IMPORT;SEMANTIC_USES
ext:matrix_norms,ext:matrix_norms,external_obligation,external_obligation,,,Finite real matrices and Euclidean operator norm inequalities,0,6,,,interface:factorization_upper_bound;def:general-adversary-bound-weighted;prop:adversary-attainment;lem:adversary-copy-invariance;thm:singleton-fiber-scalarization;thm:r10-source-interval,EXTERNAL_IMPORT;EXTERNAL_IMPORT;EXTERNAL_IMPORT;EXTERNAL_IMPORT;EXTERNAL_IMPORT;EXTERNAL_IMPORT
ext:matrix_spectral,ext:matrix_spectral,external_obligation,external_obligation,,,"Finite real spectral theorem, singular values and symmetric dilation",0,4,,,lem:bipartite-spectrum;lem:adversary-copy-invariance;thm:correlation-transport-adversary;thm:adversary-query-lower-bound,EXTERNAL_IMPORT;EXTERNAL_IMPORT;EXTERNAL_IMPORT;EXTERNAL_IMPORT
ext:matroid_basic,ext:matroid_basic,external_obligation,external_obligation,,,"Finite matroid closure, exchange, rank, bases, duality and hyperplanes.",0,7,,,def:matroidal-query-system;prop:closure-circuit;prop:cocircuit-separates-closure;prop:agreement-set-flat;prop:support-linear-characterization;prop:seymour-two-sum-input-minors;lem:r10-targeted-query-matroid,EXTERNAL_IMPORT;EXTERNAL_IMPORT;EXTERNAL_IMPORT;EXTERNAL_IMPORT;EXTERNAL_IMPORT;EXTERNAL_IMPORT;EXTERNAL_IMPORT
ext:mobius,ext:mobius,external_obligation,external_obligation,,,Finite-poset zeta/Mobius inversion.,0,1,,,prop:mobius-source-potential,EXTERNAL_IMPORT
ext:norm_duality,ext:norm_duality,external_obligation,external_obligation,,,"Finite-dimensional quotient-norm, operator/nuclear norm duality.",0,2,,,def:routing-norm;prop:adversary-routing-duality,EXTERNAL_IMPORT;EXTERNAL_IMPORT
ext:orthogonal_unitary,ext:orthogonal_unitary,external_obligation,external_obligation,,,Orthogonal maps are unitary after complexification,0,1,,,thm:standard-quantum-equivalence,EXTERNAL_IMPORT
ext:partition_lattice,ext:partition_lattice,external_obligation,external_obligation,,,"Equivalence relations, quotient blocks and partition lattice",0,2,,,prop:query-closure-operator;prop:query-separation-cover,EXTERNAL_IMPORT;EXTERNAL_IMPORT
ext:partition_pinching,ext:partition_pinching,external_obligation,external_obligation,,,Block-diagonal conditional expectation is operator-norm contractive.,0,1,,,prop:mobius-source-potential,EXTERNAL_IMPORT
ext:psd_gram,ext:psd_gram,external_obligation,external_obligation,,,"PSD quadratic forms, Gram factorization and finite real inner products",0,7,,,def:positive-kernel;lem:positive-kernel-entry-bound;prop:correlation-positive;prop:correlation-transport-feasible;lem:positive-kernel-self-duality;prop:represented-program-gives-transport;prop:factorization-transport-equivalence,EXTERNAL_IMPORT;EXTERNAL_IMPORT;EXTERNAL_IMPORT;EXTERNAL_IMPORT;EXTERNAL_IMPORT;EXTERNAL_IMPORT;EXTERNAL_IMPORT
ext:quadratic_minimum,ext:quadratic_minimum,external_obligation,external_obligation,,,Full-row-rank constrained quadratic minimum and Schur-complement/determinant ratio.,0,1,,,thm:regular-matroid-energy,EXTERNAL_IMPORT
ext:r10_connected,ext:r10_connected,external_obligation,external_obligation,,,R10 is connected: every element has a target circuit witness.,0,2,,,lem:r10-targeted-query-matroid;prop:recursive-r10-closure,EXTERNAL_IMPORT;EXTERNAL_IMPORT
ext:r10_standard_minors,ext:r10_standard_minors,external_obligation,external_obligation,,,"R10 deletion is K3,3 and contraction its dual, with elementwise relabeling.",0,3,,,prop:r10-no-three-sum;prop:r10-proper-minors;prop:recursive-r10-closure,EXTERNAL_IMPORT;EXTERNAL_IMPORT;EXTERNAL_IMPORT
ext:randomized_sensitivity,ext:randomized_sensitivity,external_obligation,external_obligation,,,Coupled-transcript expected-query lower bound (1-2 epsilon) times sensitivity.,0,1,,,thm:recursive-r10-randomized-lower,EXTERNAL_IMPORT
ext:rank_nullity,ext:rank_nullity,external_obligation,external_obligation,,,"Rank-nullity, annihilators and independent rank lower bounds",0,1,,,prop:quotient-complementary-rank,EXTERNAL_IMPORT
ext:rank_two_determinant,ext:rank_two_determinant,external_obligation,external_obligation,,,Two-dimensional determinant identity and positivity,0,1,,,prop:regular-triangle-identity,EXTERNAL_IMPORT
ext:real_order,ext:real_order,external_obligation,external_obligation,,,Real ordered-field arithmetic and square-root identities,0,7,,,interface:two_sum_response;def:representation-cost;prop:representation-scaling;prop:regular-representations-are-weights;prop:grover-source-value;prop:grover-program-value;thm:adversary-query-lower-bound,EXTERNAL_IMPORT;EXTERNAL_IMPORT;EXTERNAL_IMPORT;EXTERNAL_IMPORT;EXTERNAL_IMPORT;EXTERNAL_IMPORT;EXTERNAL_IMPORT
ext:real_powers,ext:real_powers,external_obligation,external_obligation,,,Real power identities under positivity assumptions,0,2,,,def:power-law-carrier;thm:square-root-forced,EXTERNAL_IMPORT;EXTERNAL_IMPORT
ext:realification,ext:realification,external_obligation,external_obligation,,,"Complex unitary evolution embeds in real orthogonal evolution, preserving probabilities.",0,1,,,thm:standard-quantum-equivalence,EXTERNAL_IMPORT
ext:regular_uniqueness,ext:regular_uniqueness,external_obligation,external_obligation,,,Projective uniqueness of real representations of regular matroids.,0,1,,,prop:regular-basic-properties,EXTERNAL_IMPORT
ext:represented_closure,ext:represented_closure,external_obligation,external_obligation,,,Vector matroid independence and closure equal linear independence and span.,0,5,,,def:vector-matroid;prop:functional-zero-flat;prop:span-program-matroid-shadow;prop:relation-fundamental-circuits;thm:quotient-normal-form-correct,EXTERNAL_IMPORT;EXTERNAL_IMPORT;EXTERNAL_IMPORT;EXTERNAL_IMPORT;EXTERNAL_IMPORT
ext:scalar_balance,ext:scalar_balance,external_obligation,external_obligation,,,"Infimum of max(alpha^2 P,alpha^-2 N) and zero-limit cases",0,2,,,prop:representation-balance;cor:regular-typed-support-bound,EXTERNAL_IMPORT;EXTERNAL_IMPORT
ext:seymour,ext:seymour,external_obligation,external_obligation,,,"Regular-matroid decomposition into graphic, cographic and R10 leaves.",0,1,,,thm:seymour-decomposition,EXTERNAL_IMPORT
ext:simplex_extreme_points,ext:simplex_extreme_points,external_obligation,external_obligation,,,Extreme points of a finite probability simplex,0,1,,,thm:permutation-wall,EXTERNAL_IMPORT
ext:slater,ext:slater,external_obligation,external_obligation,,,Finite-dimensional SDP strong duality under strict feasibility.,0,1,,,prop:correlation-transport-dual,EXTERNAL_IMPORT
ext:sum_bases,ext:sum_bases,external_obligation,external_obligation,,,"Direct/2-sum basis and circuit bijections, rank and regularity preservation.",0,8,,,interface:r10_alternative_program;interface:recursive_balanced_incidence;prop:seymour-one-sum;thm:seymour-two-sum;prop:r10-regular-route-b;prop:recursive-r10-closure;prop:recursive-r10-natural-cost;thm:recursive-r10-regular-cost,EXTERNAL_IMPORT;EXTERNAL_IMPORT;EXTERNAL_IMPORT;EXTERNAL_IMPORT;EXTERNAL_IMPORT;EXTERNAL_IMPORT;EXTERNAL_IMPORT;EXTERNAL_IMPORT
ext:three_sum_binary,ext:three_sum_binary,external_obligation,external_obligation,,,Binary coindependent-triangle gluing and its five boundary basis states.,0,1,,,lem:seymour-three-sum-five,EXTERNAL_IMPORT
ext:tu_signed_circuits,ext:tu_signed_circuits,external_obligation,external_obligation,,,"Fundamental regular circuit and cocircuit witnesses have entries 0,+1,-1.",0,3,,,interface:signed_regular_witnesses;thm:regular-support-bound;prop:regular-triangle-identity,EXTERNAL_IMPORT;EXTERNAL_IMPORT;EXTERNAL_IMPORT
ext:tu_standard_form,ext:tu_standard_form,external_obligation,external_obligation,,,"TU basis normalization [I|D], transpose and signed extension closure.",0,2,,,thm:regular-quotient-form;thm:regular-matroid-energy,EXTERNAL_IMPORT;EXTERNAL_IMPORT
ext:tutte_tu,ext:tutte_tu,external_obligation,external_obligation,,,"Regularity, TU representability and minor closure.",0,2,,,interface:weighted_representation;prop:regular-basic-properties,EXTERNAL_IMPORT;EXTERNAL_IMPORT
ext:walsh_kickback,ext:walsh_kickback,external_obligation,external_obligation,,,Walsh transform and phase kickback for the specified one-hot XOR oracle.,0,1,,,thm:standard-quantum-equivalence,EXTERNAL_IMPORT
interface:agreement_fibers,interface:agreement_fibers,interface,definition_interface,,,Partition opposite-output pairs by their exact agreement subset; flat values under matroidality.,2,3,def:query-separation;def:query-closure,DEFINITIONAL;DEFINITIONAL,thm:flat-adversary-decomposition;prop:scalar-flat-routing-certificate;prop:mobius-source-potential,SEMANTIC_USES;SEMANTIC_USES;SEMANTIC_USES
interface:energy_monotonicity,interface:energy_monotonicity,interface,primitive_lemma,,,Adding available input columns cannot increase positive energy; removing negative constraints cannot increase negative energy. Consequently extrema lie on the Boolean boundary.,3,3,def:positive-reconstruction-energy;def:negative-separation-energy;ext:infima,SEMANTIC_USES;SEMANTIC_USES;EXTERNAL_IMPORT,prop:r10-natural-program-cost;prop:r10-regular-route-b;thm:recursive-r10-regular-cost,SEMANTIC_USES;SEMANTIC_USES;SEMANTIC_USES
interface:factorization_upper_bound,interface:factorization_upper_bound,interface,primitive_lemma,,,"For unit query costs, any exact finite separating-pair factorization with positive and negative loads P,N gives Adv <= sqrt(PN). No minimizer or strong duality is needed.",5,1,def:general-adversary-bound-weighted;def:computational-factorization;lem:bipartite-spectrum;ext:cauchy_schwarz;ext:matrix_norms,SEMANTIC_USES;SEMANTIC_USES;SEMANTIC_USES;EXTERNAL_IMPORT;EXTERNAL_IMPORT,thm:r10-source-interval,SEMANTIC_USES
interface:input_minors,interface:input_minors,interface,definition_interface,,,Positive restriction to available elements and target; negative contraction of available elements.,2,3,def:f-matroid-span-program;def:matroid-minors,DEFINITIONAL;DEFINITIONAL,interface:reduced_ratio;thm:regular-matroid-energy;prop:seymour-two-sum-input-minors,DEFINITIONAL;SEMANTIC_USES;SEMANTIC_USES
interface:k4_signature,interface:k4_signature,interface,primitive_lemma,,,"K4 star signature (alpha1 alpha2 alpha3, alpha2 alpha3, alpha1 alpha3, alpha1 alpha2, alpha1+alpha2+alpha3).",2,2,interface:triangle_signature;ext:graphic_basics,SEMANTIC_USES;EXTERNAL_IMPORT,interface:three_sum_zero_case;thm:seymour-three-sum,SEMANTIC_USES;SEMANTIC_USES
interface:one_hot_oracle,interface:one_hot_oracle,interface,definition_interface,,,XOR by the one-hot response vector; finite ancillary answer register with its specified encoding.,2,1,interface:response_labels;ext:finite_sets,DEFINITIONAL;EXTERNAL_IMPORT,thm:standard-quantum-equivalence,SEMANTIC_USES
interface:or_function,interface:or_function,interface,definition_interface,,,"Boolean OR on a finite coordinate set, including a separate zero-coordinate case.",2,2,def:query-separation;ext:finite_products,DEFINITIONAL;EXTERNAL_IMPORT,prop:grover-source-value;prop:grover-program-value,SEMANTIC_USES;SEMANTIC_USES
interface:quotient_negative_functional,interface:quotient_negative_functional,interface,primitive_lemma,,,"For each negative input, the explicit functional annihilates all relations and takes target value one.",3,3,def:normal-form-relation-space;def:computational-factorization;ext:linear_quotient,SEMANTIC_USES;SEMANTIC_USES;EXTERNAL_IMPORT,thm:quotient-normal-form-correct;prop:quotient-complementary-rank;prop:quotient-normal-form-cost,SEMANTIC_USES;SEMANTIC_USES;SEMANTIC_USES
interface:r10_alternative_program,interface:r10_alternative_program,interface,construction_interface,,,"The 18 by 28 representation with 27 labeled inputs, proven regular by parallel target copies and graphic 2-sums.",5,2,interface:r10_predicate;def:f-matroid-span-program;def:regular-matroid-sums;ext:sum_bases;ext:graphic_basics,SEMANTIC_USES;SEMANTIC_USES;SEMANTIC_USES;EXTERNAL_IMPORT;EXTERNAL_IMPORT,interface:recursive_alternative_program;prop:r10-regular-route-b,SEMANTIC_USES;SEMANTIC_USES
interface:r10_natural_program,interface:r10_natural_program,interface,definition_interface,,,"The pointed R10 representation, each of its nine non-target columns available at bit value one.",2,2,interface:r10_predicate;def:f-matroid-span-program,DEFINITIONAL;DEFINITIONAL,interface:recursive_natural_matroid;prop:r10-natural-program-cost,SEMANTIC_USES;SEMANTIC_USES
interface:r10_predicate,interface:r10_predicate,interface,definition_interface,,,"The 9-bit pointed R10 closure predicate and exact column-to-K3,3-edge convention.",3,8,def:r10;def:matroid-closure;def:query-separation,DEFINITIONAL;DEFINITIONAL;DEFINITIONAL,interface:r10_natural_program;interface:r10_alternative_program;def:recursive-r10-function;lem:r10-minimal-positive;lem:r10-targeted-query-matroid;thm:r10-source-interval;supplement:fbs;supplement:sabotage,DEFINITIONAL;SEMANTIC_USES;DEFINITIONAL;SEMANTIC_USES;SEMANTIC_USES;SEMANTIC_USES;SEMANTIC_USES;SEMANTIC_USES
interface:randomized_expected_queries,interface:randomized_expected_queries,interface,definition_interface,,,Worst input expected randomized decision-tree cost with per-input error bound.,2,1,ext:finite_probability;ext:infima,EXTERNAL_IMPORT;EXTERNAL_IMPORT,thm:recursive-r10-randomized-lower,SEMANTIC_USES
interface:recursive_alternative_program,interface:recursive_alternative_program,interface,construction_interface,,,"Replicate 27-input program recursively, grouping three child copies under each shared input label.",3,1,interface:r10_alternative_program;def:recursive-r10-function;def:regular-matroid-sums,SEMANTIC_USES;SEMANTIC_USES;SEMANTIC_USES,thm:recursive-r10-regular-cost,SEMANTIC_USES
interface:recursive_balanced_incidence,interface:recursive_balanced_incidence,interface,primitive_lemma,,,Recursive large circuit/cocircuit families have size 5^h and each of the 9^h coordinates occurs with frequency (5/9)^h.,5,1,lem:r10-minimal-positive;prop:recursive-r10-closure;ext:finite_induction;ext:sum_bases;cert:natural_program,SEMANTIC_USES;SEMANTIC_USES;EXTERNAL_IMPORT;EXTERNAL_IMPORT;CERTIFICATE_USES,prop:recursive-r10-natural-cost,SEMANTIC_USES
interface:recursive_extremizers,interface:recursive_extremizers,interface,primitive_lemma,,,Build recursive inputs realizing both alternative response extrema; include zero/infinite port cases.,4,1,prop:r10-regular-route-b;prop:recursive-r10-sensitivity;interface:response_homogeneity;ext:finite_induction,SEMANTIC_USES;SEMANTIC_USES;SEMANTIC_USES;EXTERNAL_IMPORT,thm:recursive-r10-regular-cost,SEMANTIC_USES
interface:recursive_natural_matroid,interface:recursive_natural_matroid,interface,construction_interface,,,"Recursive 2-sum construction at the nine ports, with disjoint fresh ground sets.",3,1,interface:r10_natural_program;def:regular-matroid-sums;ext:finite_induction,SEMANTIC_USES;SEMANTIC_USES;EXTERNAL_IMPORT,prop:recursive-r10-closure,SEMANTIC_USES
interface:reduced_ratio,interface:reduced_ratio,interface,definition_interface,,,The target basis ratio evaluated at the output of a specified finite reduction trace. This names the expression without asserting its invariance.,4,1,interface:input_minors;interface:weighted_basis_sums;interface:two_sum_response;interface:triangle_signature,DEFINITIONAL;DEFINITIONAL;DEFINITIONAL;DEFINITIONAL,thm:r10-fixed-weight-evaluation,SEMANTIC_USES
interface:reduction_invariant,interface:reduction_invariant,interface,primitive_lemma,,,A finite sequence of legal local reductions preserves the target basis ratio and its port degeneracy tag.,5,1,prop:seymour-one-sum;thm:seymour-two-sum;thm:seymour-three-sum;interface:three_sum_zero_case;ext:finite_induction,SEMANTIC_USES;SEMANTIC_USES;SEMANTIC_USES;SEMANTIC_USES;EXTERNAL_IMPORT,thm:seymour-linear-cost,PROOF_USES
interface:relation_extension,interface:relation_extension,interface,construction_interface,,,Free response basis plus target and the positive relation columns before contraction.,2,2,def:normal-form-relation-space;def:vector-matroid,SEMANTIC_USES;SEMANTIC_USES,prop:relation-fundamental-circuits;prop:quotient-normal-form-contraction,SEMANTIC_USES;SEMANTIC_USES
interface:response_homogeneity,interface:response_homogeneity,interface,primitive_lemma,,,Target basis ratio scales by a common positive scalar on non-target weights; reciprocal positive-energy scaling and monotonicity propagate port bounds.,3,2,interface:weighted_basis_sums;interface:two_sum_response;thm:regular-matroid-energy,SEMANTIC_USES;SEMANTIC_USES;SEMANTIC_USES,interface:recursive_extremizers;thm:recursive-r10-regular-cost,SEMANTIC_USES;SEMANTIC_USES
interface:response_labels,interface:response_labels,interface,definition_interface,,,Finite dependent sum of query blocks; observed response and element availability.,1,5,def:query-gate,DEFINITIONAL,interface:response_multiplicity;interface:one_hot_oracle;def:f-matroid-span-program;def:response-labeled-span-program;def:normal-form-relation-space,DEFINITIONAL;DEFINITIONAL;DEFINITIONAL;DEFINITIONAL;DEFINITIONAL
interface:response_multiplicity,interface:response_multiplicity,interface,definition_interface,,,kappa is the maximum number of unobserved response blocks.,1,1,interface:response_labels,DEFINITIONAL,thm:multiresponse-msp-comparison,SEMANTIC_USES
interface:sensitivity,interface:sensitivity,interface,definition_interface,,,Two-sided maximum sensitivity on Boolean fibers and its block-composition rule.,2,1,ext:finite_products;ext:finite_sets,EXTERNAL_IMPORT;EXTERNAL_IMPORT,prop:recursive-r10-sensitivity,SEMANTIC_USES
interface:signed_regular_witnesses,interface:signed_regular_witnesses,interface,primitive_lemma,,,"Available target circuits and disjoint target cocircuits give explicit signed TU reconstruction/separation witnesses, with weighted coordinate-square objectives.",4,2,prop:positive-support-circuits;prop:support-linear-characterization;def:regular-matroid-span-program;ext:tu_signed_circuits,SEMANTIC_USES;SEMANTIC_USES;SEMANTIC_USES;EXTERNAL_IMPORT,thm:regular-support-bound;cor:regular-typed-support-bound,SEMANTIC_USES;SEMANTIC_USES
interface:three_sum_zero_case,interface:three_sum_zero_case,interface,primitive_lemma,,,"If one pi is zero, contract the corresponding spoke; prove proportional signatures and ratio preservation. Also prove a,c>0 and at most one zero in the applicable coindependent case.",3,2,lem:seymour-three-sum-five;prop:regular-triangle-identity;interface:k4_signature,SEMANTIC_USES;SEMANTIC_USES;SEMANTIC_USES,interface:reduction_invariant;thm:seymour-linear-cost,SEMANTIC_USES;SEMANTIC_USES
interface:triangle_signature,interface:triangle_signature,interface,definition_interface,,,Five boundary class sums indexed by subspaces of the binary triangle plane.,3,5,def:regular-matroid-sums;interface:weighted_basis_sums;ext:linear_basis,DEFINITIONAL;DEFINITIONAL;EXTERNAL_IMPORT,interface:k4_signature;interface:reduced_ratio;lem:seymour-three-sum-five;prop:regular-triangle-identity;thm:seymour-three-sum,SEMANTIC_USES;DEFINITIONAL;PROOF_USES;PROOF_USES;PROOF_USES
interface:two_sum_response,interface:two_sum_response,interface,definition_interface,,,"P0/P1 for the target-free side, with tagged zero and infinite port responses.",3,6,interface:weighted_basis_sums;def:loop-coloop;ext:real_order,DEFINITIONAL;DEFINITIONAL;EXTERNAL_IMPORT,interface:reduced_ratio;interface:response_homogeneity;thm:seymour-two-sum;prop:seymour-two-sum-input-minors;prop:r10-basis-polynomials;prop:r10-symmetry,DEFINITIONAL;SEMANTIC_USES;SEMANTIC_USES;SEMANTIC_USES;PROOF_USES;SEMANTIC_USES
interface:weighted_basis_sums,interface:weighted_basis_sums,interface,definition_interface,,,"Finite sum of basis monomials, split by target membership with its weight stripped.",2,8,def:matroid-basis;ext:finite_sets,DEFINITIONAL;EXTERNAL_IMPORT,interface:two_sum_response;interface:triangle_signature;interface:reduced_ratio;interface:response_homogeneity;thm:regular-matroid-energy;prop:seymour-one-sum;thm:seymour-two-sum;lem:seymour-three-sum-five,DEFINITIONAL;DEFINITIONAL;DEFINITIONAL;SEMANTIC_USES;SEMANTIC_USES;SEMANTIC_USES;SEMANTIC_USES;SEMANTIC_USES
interface:weighted_representation,interface:weighted_representation,interface,definition_interface,,,"TU columns scaled by positive square-root weights, normalized at the target.",2,2,def:regular-matroid;ext:tutte_tu,DEFINITIONAL;EXTERNAL_IMPORT,prop:regular-representations-are-weights;thm:regular-matroid-energy,SEMANTIC_USES;SEMANTIC_USES
interface:worst_energies,interface:worst_energies,interface,definition_interface,,,Maximum positive/negative energies with empty-fiber convention zero.,2,3,def:positive-reconstruction-energy;def:negative-separation-energy,DEFINITIONAL;DEFINITIONAL,def:representation-cost;prop:representation-scaling;prop:representation-balance,DEFINITIONAL;SEMANTIC_USES;SEMANTIC_USES
lem:adversary-copy-invariance,lem:adversary-copy-invariance,lemma,Section 4: The General Adversary Bound,lem:adversary-copy-invariance,4.4,Duplicating each input into a nonempty finite copy fiber without changing answers or outputs leaves the weighted adversary value unchanged.,3,1,def:general-adversary-bound-weighted;ext:matrix_spectral;ext:matrix_norms,DEFINITIONAL;EXTERNAL_IMPORT;EXTERNAL_IMPORT,prop:adversary-routing-duality,PROOF_USES
lem:bipartite-spectrum,lem:bipartite-spectrum,lemma,Section 4: The General Adversary Bound,lem:bipartite-spectrum,4.3,"A Boolean adversary matrix has an off-diagonal rectangular block, whose norm equals the full matrix norm; its spectrum is symmetric.",2,5,def:query-separation;ext:matrix_spectral,DEFINITIONAL;EXTERNAL_IMPORT,interface:factorization_upper_bound;thm:correlation-transport-adversary;thm:flat-adversary-decomposition;thm:r10-source-interval;thm:adversary-query-lower-bound,SEMANTIC_USES;PROOF_USES;SEMANTIC_USES;SEMANTIC_USES;SEMANTIC_USES
lem:positive-kernel-entry-bound,lem:positive-kernel-entry-bound,lemma,Section 6: Correlations and the General Adversary Bound,lem:positive-kernel-entry-bound,6.4,"A PSD kernel satisfies the entrywise Cauchy–Schwarz inequality, and a zero diagonal forces the corresponding row and column to vanish.",2,2,def:positive-kernel;ext:psd_gram,DEFINITIONAL;EXTERNAL_IMPORT,prop:correlation-transport-attainment;thm:correlation-transport-adversary,PROOF_USES;PROOF_USES
lem:positive-kernel-self-duality,lem:positive-kernel-self-duality,lemma,Section 6: Correlations and the General Adversary Bound,lem:positive-kernel-self-duality,6.13,A linear functional on the PSD cone has finite infimum precisely when its coefficient matrix is PSD; the finite infimum is zero.,2,1,def:positive-kernel;ext:psd_gram,DEFINITIONAL;EXTERNAL_IMPORT,prop:correlation-transport-dual,PROOF_USES
lem:r10-minimal-positive,lem:r10-minimal-positive,lemma,Section 15: Pointed \\texorpdfstring{$R_{10}$}{R10} Closure,lem:r10-minimal-positive,15.1,"The pointed R10 predicate has six perfect matchings and nine double stars as minimal positive inputs, with the stated two maximal-negative families.",4,4,prop:closure-circuit;interface:r10_predicate;cert:r10_boundary;def:r10,SEMANTIC_USES;SEMANTIC_USES;CERTIFICATE_USES;DEFINITIONAL,interface:recursive_balanced_incidence;prop:r10-natural-program-cost;prop:r10-regular-route-b;prop:recursive-r10-natural-cost,SEMANTIC_USES;PROOF_USES;PROOF_USES;SEMANTIC_USES
lem:r10-targeted-query-matroid,lem:r10-targeted-query-matroid,lemma,Section 15: Pointed \\texorpdfstring{$R_{10}$}{R10} Closure,lem:r10-targeted-query-matroid,15.2,"Every coordinate of pointed R10 closure is essential, so its targeted query matroid is U9,10.",4,0,prop:coordinate-target-matroid;interface:r10_predicate;ext:r10_connected;ext:matroid_basic,PROOF_USES;SEMANTIC_USES;EXTERNAL_IMPORT;EXTERNAL_IMPORT,,
lem:reconstruction-separation-pairing,lem:reconstruction-separation-pairing,lemma,Section E: Matroidal Form of the Span-Program/Adversary Correspondence,lem:reconstruction-separation-pairing,E.1,Positive reconstruction and negative separation witnesses pair to one after retaining only queries that distinguish their inputs.,4,1,def:reconstruction-set;def:separation-set;def:f-matroid-span-program;def:query-separation,DEFINITIONAL;DEFINITIONAL;DEFINITIONAL;DEFINITIONAL,prop:represented-program-gives-transport,PROOF_USES
lem:seymour-three-sum-five,lem:seymour-three-sum-five,lemma,Section 12: Regular Program Costs under Seymour Decomposition,lem:seymour-three-sum-five,12.4,A coindependent-triangle 3-sum target basis sum is a linear combination of five boundary class sums of the target-free side.,4,2,def:regular-matroid-sums;interface:triangle_signature;interface:weighted_basis_sums;ext:three_sum_binary,DEFINITIONAL;PROOF_USES;SEMANTIC_USES;EXTERNAL_IMPORT,interface:three_sum_zero_case;thm:seymour-three-sum,SEMANTIC_USES;PROOF_USES
prop:adversary-attainment,prop:adversary-attainment,proposition,Section 4: The General Adversary Bound,prop:adversary-attainment,4.2,"For a separating finite query family with positive query costs, the adversary optimum is finite and attained.",4,2,def:general-adversary-bound-weighted;def:query-set-separates-function;ext:finite_compactness;ext:matrix_norms,DEFINITIONAL;DEFINITIONAL;EXTERNAL_IMPORT;EXTERNAL_IMPORT,thm:correlation-transport-adversary;thm:adversary-query-lower-bound,PROOF_USES;SEMANTIC_USES
prop:adversary-routing-duality,prop:adversary-routing-duality,proposition,Section 4: The General Adversary Bound,prop:adversary-routing-duality,4.6,"The weighted routing norm is dual to filtered operator-norm constraints, and the adversary value is the supremum of routing costs on unit rank-one demands.",4,1,lem:adversary-copy-invariance;def:routing-norm;def:general-adversary-bound-weighted;ext:norm_duality,PROOF_USES;DEFINITIONAL;DEFINITIONAL;EXTERNAL_IMPORT,prop:scalar-flat-routing-certificate,SEMANTIC_USES
prop:agreement-set-flat,prop:agreement-set-flat,proposition,Section 8: Agreement Flats in the General Adversary Bound,prop:agreement-set-flat,8.1,Opposite-output agree sets are noncomputing flats; every noncomputing flat lies in a realized agree set; maximal ones are the target cocircuit complements.,5,4,prop:query-closure-operator;prop:query-separation-cover;def:f-separation-matroid;def:hyperplane-cocircuit;ext:matroid_basic,SEMANTIC_USES;SEMANTIC_USES;DEFINITIONAL;DEFINITIONAL;EXTERNAL_IMPORT,thm:flat-adversary-decomposition;prop:scalar-flat-routing-certificate;prop:mobius-source-potential;thm:singleton-fiber-scalarization,SEMANTIC_USES;SEMANTIC_USES;SEMANTIC_USES;PROOF_USES
prop:boolean-coordinate-representation,prop:boolean-coordinate-representation,proposition,Section 7: Matroidal Query Models,prop:boolean-coordinate-representation,7.9,"For Boolean coordinate queries, standard basis columns and the sum over essential coordinates represent the targeted query matroid over F2.",3,0,prop:coordinate-target-matroid;def:vector-matroid;ext:linear_basis,PROOF_USES;DEFINITIONAL;EXTERNAL_IMPORT,,
prop:closure-circuit,prop:closure-circuit,proposition,Section 2: Matroids,prop:closure-circuit,2.7,"For an element outside A, membership in the closure of A is equivalent to a circuit through that element contained in A together with it.",3,4,def:matroid-closure;def:matroid-circuit;ext:matroid_basic,DEFINITIONAL;DEFINITIONAL;EXTERNAL_IMPORT,prop:minimal-query-circuits;prop:positive-support-circuits;lem:r10-minimal-positive;prop:recursive-r10-closure,SPECIALIZES;PROOF_USES;SEMANTIC_USES;SEMANTIC_USES
prop:cocircuit-separates-closure,prop:cocircuit-separates-closure,proposition,Section 2: Matroids,prop:cocircuit-separates-closure,2.13,An element outside the closure of A lies in a cocircuit disjoint from A.,3,0,def:hyperplane-cocircuit;def:matroid-closure;ext:matroid_basic,DEFINITIONAL;DEFINITIONAL;EXTERNAL_IMPORT,,
prop:coordinate-query-matroid,prop:coordinate-query-matroid,proposition,Section 7: Matroidal Query Models,prop:coordinate-query-matroid,7.7,"On a full product domain with at least two values per coordinate, the coordinate-query matroid is free.",3,1,def:query-closure;def:free-matroid;ext:finite_products,DEFINITIONAL;DEFINITIONAL;EXTERNAL_IMPORT,prop:coordinate-target-matroid,SEMANTIC_USES
prop:coordinate-target-matroid,prop:coordinate-target-matroid,proposition,Section 7: Matroidal Query Models,prop:coordinate-target-matroid,7.8,"On a full product domain, a fixed coordinate set computes f exactly when it contains all essential coordinates, and the corresponding target extension exists.",4,3,thm:target-modular-cut;prop:coordinate-query-matroid;def:target-query-matroid;ext:finite_products,PROOF_USES;SEMANTIC_USES;DEFINITIONAL;EXTERNAL_IMPORT,prop:boolean-coordinate-representation;prop:grover-source-value;lem:r10-targeted-query-matroid,PROOF_USES;SEMANTIC_USES;PROOF_USES
prop:correlation-positive,prop:correlation-positive,proposition,Section 6: Correlations and the General Adversary Bound,prop:correlation-positive,6.5,The correlation kernel of a family of quantum states is positive semidefinite.,3,0,def:correlation-kernel;def:positive-kernel;ext:psd_gram,DEFINITIONAL;DEFINITIONAL;EXTERNAL_IMPORT,,
prop:correlation-transport-attainment,prop:correlation-transport-attainment,proposition,Section 6: Correlations and the General Adversary Bound,prop:correlation-transport-attainment,6.11,"For separating finite query families, the correlation-transport infimum is attained.",4,2,lem:positive-kernel-entry-bound;prop:correlation-transport-feasible;def:correlation-transport-value;ext:finite_compactness,PROOF_USES;PROOF_USES;DEFINITIONAL;EXTERNAL_IMPORT,thm:multiresponse-msp-comparison;prop:factorization-transport-equivalence,SEMANTIC_USES;PROOF_USES
prop:correlation-transport-dual,prop:correlation-transport-dual,proposition,Section 6: Correlations and the General Adversary Bound,prop:correlation-transport-dual,6.14,"The correlation transport has the stated diagonal-load multiplier dual, with equal primal and dual values.",5,1,prop:correlation-transport-feasible;lem:positive-kernel-self-duality;def:correlation-transport-lagrangian;def:correlation-transport-value;ext:slater,PROOF_USES;PROOF_USES;DEFINITIONAL;DEFINITIONAL;EXTERNAL_IMPORT,thm:correlation-transport-adversary,PROOF_USES
prop:correlation-transport-feasible,prop:correlation-transport-feasible,proposition,Section 6: Correlations and the General Adversary Bound,prop:correlation-transport-feasible,6.10,A separating query family admits a feasible correlation transport.,3,2,def:correlation-transport;def:query-set-separates-function;ext:psd_gram,DEFINITIONAL;DEFINITIONAL;EXTERNAL_IMPORT,prop:correlation-transport-attainment;prop:correlation-transport-dual,PROOF_USES;PROOF_USES
prop:factorization-transport-equivalence,prop:factorization-transport-equivalence,proposition,Section E: Matroidal Form of the Span-Program/Adversary Correspondence,prop:factorization-transport-equivalence,E.5,Gram kernels and computational factorizations have the same feasibility and cost; a separating query set has an optimal factorization of adversary cost.,5,2,prop:correlation-transport-attainment;thm:correlation-transport-adversary;def:computational-factorization;def:correlation-transport;ext:psd_gram,PROOF_USES;PROOF_USES;DEFINITIONAL;DEFINITIONAL;EXTERNAL_IMPORT,thm:multiresponse-msp-comparison;thm:optimal-matroid-normal-form,SEMANTIC_USES;PROOF_USES
prop:functional-zero-flat,prop:functional-zero-flat,proposition,Section 2: Matroids,prop:functional-zero-flat,2.23,The represented elements annihilated by a linear functional form a flat.,3,1,def:matroid-flat;def:matroid-representability;ext:represented_closure,DEFINITIONAL;DEFINITIONAL;EXTERNAL_IMPORT,prop:support-linear-characterization,PROOF_USES
prop:grover-program-value,prop:grover-program-value,proposition,Section 14: Grover Search,prop:grover-program-value,14.2,The usual rank-one regular OR program has optimized linear cost sqrt(n).,4,0,prop:regular-representations-are-weights;thm:regular-matroid-energy;interface:or_function;ext:real_order,PROOF_USES;PROOF_USES;SEMANTIC_USES;EXTERNAL_IMPORT,,
prop:grover-source-value,prop:grover-source-value,proposition,Section 14: Grover Search,prop:grover-source-value,14.1,The exact general adversary value of OR_n under coordinate queries is sqrt(n).,4,0,prop:coordinate-target-matroid;thm:flat-adversary-decomposition;interface:or_function;ext:real_order,SEMANTIC_USES;PROOF_USES;SEMANTIC_USES;EXTERNAL_IMPORT,,
prop:linear-span-program-to-matroid-program,prop:linear-span-program-to-matroid-program,proposition,Section 9: Response-Labeled Matroid Span Programs,prop:linear-span-program-to-matroid-program,9.5,Every finite real response-labeled span program computing f has an underlying representable labeled matroid program.,3,0,prop:span-program-matroid-shadow;def:response-labeled-span-program;def:representable-matroid-span-program-class,SPECIALIZES;DEFINITIONAL;DEFINITIONAL,,
prop:matroid-program-to-linear-span-program,prop:matroid-program-to-linear-span-program,proposition,Section 9: Response-Labeled Matroid Span Programs,prop:matroid-program-to-linear-span-program,9.4,Every real representation of a response-labeled matroid program gives a response-labeled linear span program computing the same function.,4,0,prop:span-program-matroid-shadow;def:f-matroid-span-program;def:response-labeled-span-program;def:representable-matroid-span-program-class,SPECIALIZES;DEFINITIONAL;DEFINITIONAL;DEFINITIONAL,,
prop:minimal-query-circuits,prop:minimal-query-circuits,proposition,Section 7: Matroidal Query Models,prop:minimal-query-circuits,7.6,Minimal fixed query sets computing the target are exactly circuits through the target with that element removed.,2,0,prop:closure-circuit;def:target-query-matroid,SPECIALIZES;DEFINITIONAL,,
prop:mobius-source-potential,prop:mobius-source-potential,proposition,Section 8: Agreement Flats in the General Adversary Bound,prop:mobius-source-potential,8.5,"Cumulative agreement-flat matrices are the zeta transform of fiber blocks; query masks are join differences, with contractive operator-norm bounds.",4,0,prop:agreement-set-flat;interface:agreement_fibers;ext:mobius;ext:partition_pinching,SEMANTIC_USES;SEMANTIC_USES;EXTERNAL_IMPORT;EXTERNAL_IMPORT,,
prop:modular-cut-extension,prop:modular-cut-extension,proposition,Section 2: Matroids,prop:modular-cut-extension,2.17,"Single-element extensions on a fixed enlarged ground set correspond bijectively to modular cuts, via the flats spanning the new element.",3,1,def:single-element-extension;def:modular-cut;ext:crapo_extension,DEFINITIONAL;DEFINITIONAL;EXTERNAL_IMPORT,prop:target-extension-criterion,PROOF_USES
prop:partition-computation,prop:partition-computation,proposition,Section 3: Queries,prop:partition-computation,3.4,A partition refines the fibers of f exactly when f factors through its block map.,3,0,def:partition-refinement;def:fiber-partition;ext:finite_sets,DEFINITIONAL;DEFINITIONAL;EXTERNAL_IMPORT,,
prop:positive-support-circuits,prop:positive-support-circuits,proposition,Section 9: Response-Labeled Matroid Span Programs,prop:positive-support-circuits,9.7,Minimum positive support equals the smallest available target circuit size minus one.,2,2,prop:closure-circuit;def:positive-support,PROOF_USES;DEFINITIONAL,interface:signed_regular_witnesses;thm:regular-support-bound,SEMANTIC_USES;SEMANTIC_USES
prop:quantum-separation-cover,prop:quantum-separation-cover,proposition,Section 6: Correlations and the General Adversary Bound,prop:quantum-separation-cover,6.1,A quantum query circuit computing with error below one half requires the allowed queries to separate opposite-output inputs.,4,1,def:quantum-query-circuit;def:query-set-separates-function;def:phase-query;ext:finite_probability,DEFINITIONAL;DEFINITIONAL;DEFINITIONAL;EXTERNAL_IMPORT,thm:adversary-query-lower-bound,PROOF_USES
prop:query-closure-operator,prop:query-closure-operator,proposition,Section 7: Matroidal Query Models,prop:query-closure-operator,7.2,"Queries determined by joint answers form an extensive, monotone, idempotent closure operator.",3,3,def:query-closure;def:common-refinement;ext:partition_lattice,DEFINITIONAL;DEFINITIONAL;EXTERNAL_IMPORT,def:matroidal-query-system;thm:target-modular-cut;prop:agreement-set-flat,SEMANTIC_USES;SEMANTIC_USES;SEMANTIC_USES
prop:query-correlation-support,prop:query-correlation-support,proposition,Section 6: Correlations and the General Adversary Bound,prop:query-correlation-support,6.7,A phase query leaves a configuration’s pairwise correlation contribution unchanged when the addressed query does not separate the two inputs.,3,1,def:phase-query;def:correlation-kernel;def:query-separation,DEFINITIONAL;DEFINITIONAL;DEFINITIONAL,thm:adversary-query-lower-bound,SEMANTIC_USES
prop:query-separation-cover,prop:query-separation-cover,proposition,Section 7: Matroidal Query Models,prop:query-separation-cover,7.10,"Fixed-set computation, spanning the adjoined target, and separation of every opposite-output pair are equivalent.",4,1,def:target-query-matroid;def:query-set-separates-function;def:common-refinement;ext:partition_lattice,DEFINITIONAL;DEFINITIONAL;DEFINITIONAL;EXTERNAL_IMPORT,prop:agreement-set-flat,SEMANTIC_USES
prop:quotient-complementary-rank,prop:quotient-complementary-rank,proposition,Section E: Matroidal Form of the Span-Program/Adversary Correspondence,prop:quotient-complementary-rank,E.12,The negative-functional matrix annihilates the positive-relation matrix; complementary rank lower certificates determine the quotient dimension and its full annihilator when their ranks sum to the free dimension.,4,0,def:normal-form-relation-space;def:computational-factorization;interface:quotient_negative_functional;ext:rank_nullity,DEFINITIONAL;DEFINITIONAL;SEMANTIC_USES;EXTERNAL_IMPORT,,
prop:quotient-normal-form-contraction,prop:quotient-normal-form-contraction,proposition,Section E: Matroidal Form of the Span-Program/Adversary Correspondence,prop:quotient-normal-form-contraction,E.10,"Contracting the represented positive relation elements produces the quotient normal-form matroid, identically on the surviving labeled ground set.",3,0,prop:represented-minors;def:quotient-normal-form;interface:relation_extension,PROOF_USES;DEFINITIONAL;SEMANTIC_USES,,
prop:quotient-normal-form-cost,prop:quotient-normal-form-cost,proposition,Section E: Matroidal Form of the Span-Program/Adversary Correspondence,prop:quotient-normal-form-cost,E.13,"The quotient representation’s positive energy is bounded by its factor load, while its negative energy is bounded by the same load weighted by the number of unobserved response blocks.",4,2,thm:quotient-normal-form-correct;interface:quotient_negative_functional;def:positive-reconstruction-energy;def:negative-separation-energy,PROOF_USES;SEMANTIC_USES;DEFINITIONAL;DEFINITIONAL,thm:multiresponse-msp-comparison;thm:optimal-matroid-normal-form,PROOF_USES;PROOF_USES
prop:r10-basis-polynomials,prop:r10-basis-polynomials,proposition,Section 13: The \\texorpdfstring{$R_{10}$}{R10} Summand,prop:r10-basis-polynomials,13.2,"R10 has 162 bases, and each element belongs to 81; the two stripped port polynomials have 81 unit-coefficient monomials of degrees five and four.",3,0,def:r10;interface:two_sum_response;cert:atlas_bases,DEFINITIONAL;PROOF_USES;CERTIFICATE_USES,,
prop:r10-natural-program-cost,prop:r10-natural-program-cost,proposition,Section 15: Pointed \\texorpdfstring{$R_{10}$}{R10} Closure,prop:r10-natural-program-cost,15.4,The natural pointed R10 program has linear-cost infimum exactly five over every real representation.,7,1,prop:regular-representations-are-weights;thm:regular-matroid-energy;lem:r10-minimal-positive;interface:r10_natural_program;interface:energy_monotonicity;ext:cauchy_schwarz;cert:natural_program,SEMANTIC_USES;PROOF_USES;PROOF_USES;SEMANTIC_USES;SEMANTIC_USES;EXTERNAL_IMPORT;CERTIFICATE_USES,prop:recursive-r10-natural-cost,SEMANTIC_USES
prop:r10-no-three-sum,prop:r10-no-three-sum,proposition,Section 13: The \\texorpdfstring{$R_{10}$}{R10} Summand,prop:r10-no-three-sum,13.1,An intact R10 leaf cannot attach by a proper 3-sum; in the target component its attachment is a 2-sum.,5,1,def:r10;def:seymour-decomposition;ext:r10_standard_minors;ext:graphic_basics;def:regular-matroid-sums,DEFINITIONAL;DEFINITIONAL;EXTERNAL_IMPORT;EXTERNAL_IMPORT;DEFINITIONAL,thm:r10-fixed-weight-evaluation,PROOF_USES
prop:r10-proper-minors,prop:r10-proper-minors,proposition,Section 13: The \\texorpdfstring{$R_{10}$}{R10} Summand,prop:r10-proper-minors,13.4,"Every R10 deletion is graphic K3,3 and every contraction is its dual; all proper minors are graphic or cographic, and those with at most eight elements are both.",4,1,def:r10;def:matroid-minors;ext:r10_standard_minors;ext:graphic_basics,DEFINITIONAL;DEFINITIONAL;EXTERNAL_IMPORT;EXTERNAL_IMPORT,thm:r10-fixed-weight-evaluation,PROOF_USES
prop:r10-regular-route-b,prop:r10-regular-route-b,proposition,Section 15: Pointed \\texorpdfstring{$R_{10}$}{R10} Closure,prop:r10-regular-route-b,15.5,"The explicit 27-input regular program at weights 5/4 and 1 has worst energies 12/5 and 29/4, hence linear cost at most sqrt(87/5).",7,2,prop:representation-energy-attainment;thm:regular-matroid-energy;lem:r10-minimal-positive;interface:r10_alternative_program;interface:energy_monotonicity;ext:sum_bases;cert:alternative_program,SEMANTIC_USES;SEMANTIC_USES;PROOF_USES;SEMANTIC_USES;SEMANTIC_USES;EXTERNAL_IMPORT;CERTIFICATE_USES,interface:recursive_extremizers;thm:recursive-r10-regular-cost,SEMANTIC_USES;PROOF_USES
prop:r10-subset-orbits,prop:r10-subset-orbits,proposition,Section 13: The \\texorpdfstring{$R_{10}$}{R10} Summand,prop:r10-subset-orbits,13.5,"Aut(R10) has 19 subset orbits, and a point stabilizer has 26 orbits on subsets avoiding that point.",3,0,prop:r10-symmetry;ext:finite_group_actions;cert:atlas_orbits,SEMANTIC_USES;EXTERNAL_IMPORT;CERTIFICATE_USES,,
prop:r10-symmetry,prop:r10-symmetry,proposition,Section 13: The \\texorpdfstring{$R_{10}$}{R10} Summand,prop:r10-symmetry,13.3,Aut(R10) has order 720 and is transitive; the two port polynomials are equivariant under its action and relabeling of weights.,4,2,def:r10;interface:two_sum_response;ext:finite_group_actions;cert:atlas_symmetry,DEFINITIONAL;SEMANTIC_USES;EXTERNAL_IMPORT;CERTIFICATE_USES,prop:r10-subset-orbits;supplement:four_state_orbits,SEMANTIC_USES;SEMANTIC_USES
prop:recombination-preserves-correlation,prop:recombination-preserves-correlation,proposition,Section 6: Correlations and the General Adversary Bound,prop:recombination-preserves-correlation,6.6,A real recombination preserves the Euclidean inner product.,2,1,def:recombination;ext:inner_product,DEFINITIONAL;EXTERNAL_IMPORT,thm:adversary-query-lower-bound,SEMANTIC_USES
prop:reconstruction-separation-acceptance,prop:reconstruction-separation-acceptance,proposition,Section 5: Span Programs,prop:reconstruction-separation-acceptance,5.4,"A span program accepts exactly when its reconstruction set is nonempty, and rejects exactly when its normalized separation set is nonempty.",3,2,def:reconstruction-set;def:separation-set;ext:linear_separation,DEFINITIONAL;DEFINITIONAL;EXTERNAL_IMPORT,prop:support-linear-characterization;prop:representation-energy-attainment,SEMANTIC_USES;SEMANTIC_USES
prop:recursive-r10-closure,prop:recursive-r10-closure,proposition,Section 16: Recursive \\texorpdfstring{$R_{10}$}{R10} Closure,prop:recursive-r10-closure,16.2,"The recursive 2-sum R10 matroid is regular with 1+9^h elements and rank (1+9^h)/2, computes the composed predicate, and retains R10 as a minor.",7,2,prop:closure-circuit;def:recursive-r10-function;interface:recursive_natural_matroid;ext:sum_bases;ext:r10_connected;ext:graphic_basics;ext:r10_standard_minors,SEMANTIC_USES;DEFINITIONAL;SEMANTIC_USES;EXTERNAL_IMPORT;EXTERNAL_IMPORT;EXTERNAL_IMPORT;EXTERNAL_IMPORT,interface:recursive_balanced_incidence;prop:recursive-r10-natural-cost,SEMANTIC_USES;SEMANTIC_USES
prop:recursive-r10-natural-cost,prop:recursive-r10-natural-cost,proposition,Section 16: Recursive \\texorpdfstring{$R_{10}$}{R10} Closure,prop:recursive-r10-natural-cost,16.5,The natural recursive regular program has optimized linear cost exactly 5^h.,9,1,thm:regular-support-bound;cor:regular-linear-cost;lem:r10-minimal-positive;prop:r10-natural-program-cost;prop:recursive-r10-closure;interface:recursive_balanced_incidence;ext:cauchy_schwarz;ext:sum_bases;thm:regular-matroid-energy,SEMANTIC_USES;PROOF_USES;SEMANTIC_USES;SEMANTIC_USES;SEMANTIC_USES;SEMANTIC_USES;EXTERNAL_IMPORT;EXTERNAL_IMPORT;PROOF_USES,thm:recursive-r10-comparison,PROOF_USES
prop:recursive-r10-sensitivity,prop:recursive-r10-sensitivity,proposition,Section 16: Recursive \\texorpdfstring{$R_{10}$}{R10} Closure,prop:recursive-r10-sensitivity,16.3,"On either output fiber, the recursive R10 predicate has sensitivity exactly 5^h.",4,3,def:recursive-r10-function;interface:sensitivity;ext:finite_induction;cert:recursive_base,DEFINITIONAL;SEMANTIC_USES;EXTERNAL_IMPORT;CERTIFICATE_USES,interface:recursive_extremizers;thm:recursive-r10-randomized-lower;thm:recursive-r10-regular-cost,SEMANTIC_USES;PROOF_USES;PROOF_USES
prop:regular-basic-properties,prop:regular-basic-properties,proposition,Section 2: Matroids,prop:regular-basic-properties,2.26,"Regular matroids are minor closed, and all their real representations are projectively equivalent to a fixed totally unimodular representation.",4,3,def:regular-matroid;def:projective-equivalence;ext:regular_uniqueness;ext:tutte_tu,DEFINITIONAL;DEFINITIONAL;EXTERNAL_IMPORT;EXTERNAL_IMPORT,thm:regular-quotient-form;cor:regular-extension-chain;prop:regular-representations-are-weights,PROOF_USES;PROOF_USES;PROOF_USES
prop:regular-optimality-certificate,prop:regular-optimality-certificate,proposition,Section 11: Regular Program Matroids: Representation Optimization and Certification,prop:regular-optimality-certificate,11.7,A regular program whose linear-cost infimum matches the adversary value is globally optimal among all represented labeled programs.,3,0,cor:regular-linear-cost;thm:adversary-lower-bounds-msp;def:matroid-span-program-cost,PROOF_USES;PROOF_USES;DEFINITIONAL,,
prop:regular-representations-are-weights,prop:regular-representations-are-weights,proposition,Section 11: Regular Program Matroids: Representation Optimization and Certification,prop:regular-representations-are-weights,11.2,"For a fixed nonconstant regular program, optimizing all real representations reduces exactly to positive weights on the non-target columns of a fixed TU representation.",5,3,prop:regular-basic-properties;prop:representation-coordinate-invariance;def:linear-cost;interface:weighted_representation;ext:real_order,PROOF_USES;PROOF_USES;DEFINITIONAL;SEMANTIC_USES;EXTERNAL_IMPORT,cor:regular-linear-cost;prop:grover-program-value;prop:r10-natural-program-cost,PROOF_USES;PROOF_USES;SEMANTIC_USES
prop:regular-triangle-identity,prop:regular-triangle-identity,proposition,Section 12: Regular Program Costs under Seymour Decomposition,prop:regular-triangle-identity,12.5,The five weighted triangle class sums of a regular matroid satisfy a c = p1 p2 + p1 p3 + p2 p3.,4,2,interface:triangle_signature;ext:determinant_basis;ext:tu_signed_circuits;ext:rank_two_determinant,PROOF_USES;EXTERNAL_IMPORT;EXTERNAL_IMPORT;EXTERNAL_IMPORT,interface:three_sum_zero_case;thm:seymour-three-sum,SEMANTIC_USES;PROOF_USES
prop:relation-fundamental-circuits,prop:relation-fundamental-circuits,proposition,Section E: Matroidal Form of the Span-Program/Adversary Correspondence,prop:relation-fundamental-circuits,E.9,"The free response generators and target form a basis before contraction, and each relation element’s fundamental circuit is its nonzero coordinate support together with that element.",4,0,def:fundamental-circuit;def:normal-form-relation-space;interface:relation_extension;ext:represented_closure,DEFINITIONAL;DEFINITIONAL;SEMANTIC_USES;EXTERNAL_IMPORT,,
prop:representation-balance,prop:representation-balance,proposition,Section 10: Representation Costs and Optimization,prop:representation-balance,10.6,"Optimizing the common relative scale balances the worst energies at their geometric mean, also as an infimum when one factor is zero.",2,1,interface:worst_energies;ext:scalar_balance,SEMANTIC_USES;EXTERNAL_IMPORT,prop:represented-program-gives-transport,PROOF_USES
prop:representation-coordinate-invariance,prop:representation-coordinate-invariance,proposition,Section 10: Representation Costs and Optimization,prop:representation-coordinate-invariance,10.8,Invertible ambient coordinate changes preserve each input energy and the balanced representation cost.,4,1,def:representation-cost;def:positive-reconstruction-energy;def:negative-separation-energy;ext:linear_equiv,DEFINITIONAL;DEFINITIONAL;DEFINITIONAL;EXTERNAL_IMPORT,prop:regular-representations-are-weights,PROOF_USES
prop:representation-energy-attainment,prop:representation-energy-attainment,proposition,Section 10: Representation Costs and Optimization,prop:representation-energy-attainment,10.4,Both input-level quadratic energy minima are attained in finite dimensions.,4,3,prop:reconstruction-separation-acceptance;def:positive-reconstruction-energy;def:negative-separation-energy;ext:affine_minimization,SEMANTIC_USES;DEFINITIONAL;DEFINITIONAL;EXTERNAL_IMPORT,thm:regular-matroid-energy;prop:r10-regular-route-b;prop:represented-program-gives-transport,SEMANTIC_USES;SEMANTIC_USES;SEMANTIC_USES
prop:representation-scaling,prop:representation-scaling,proposition,Section 10: Representation Costs and Optimization,prop:representation-scaling,10.5,Scaling target vectors by alpha and input vectors by beta rescales the worst positive and negative energies by reciprocal square ratios.,4,1,def:positive-reconstruction-energy;def:negative-separation-energy;interface:worst_energies;ext:real_order,DEFINITIONAL;DEFINITIONAL;SEMANTIC_USES;EXTERNAL_IMPORT,prop:represented-program-gives-transport,PROOF_USES
prop:represented-minors,prop:represented-minors,proposition,Section 2: Matroids,prop:represented-minors,2.22,Restriction and deletion retain represented vectors; contraction projects the surviving vectors to the quotient by the contracted span.,3,3,def:matroid-minors;def:matroid-representability;ext:linear_quotient,DEFINITIONAL;DEFINITIONAL;EXTERNAL_IMPORT,thm:regular-quotient-form;thm:regular-matroid-energy;prop:quotient-normal-form-contraction,PROOF_USES;SEMANTIC_USES;PROOF_USES
prop:represented-program-gives-transport,prop:represented-program-gives-transport,proposition,Section E: Matroidal Form of the Span-Program/Adversary Correspondence,prop:represented-program-gives-transport,E.2,A represented program gives a transport bounded by its worst witness energies; balancing yields the adversary lower bound on its representation cost.,7,2,thm:correlation-transport-adversary;prop:representation-energy-attainment;prop:representation-scaling;prop:representation-balance;lem:reconstruction-separation-pairing;def:correlation-transport;ext:psd_gram,PROOF_USES;SEMANTIC_USES;PROOF_USES;PROOF_USES;PROOF_USES;DEFINITIONAL;EXTERNAL_IMPORT,thm:adversary-lower-bounds-msp;thm:optimal-matroid-normal-form,COROLLARY_OF;PROOF_USES
prop:routing-potential-optimality,prop:routing-potential-optimality,proposition,Section 8: Agreement Flats in the General Adversary Bound,prop:routing-potential-optimality,8.4,A feasible adversary matrix matching a routing upper bound certifies equality with that bound.,1,0,thm:flat-adversary-decomposition,PROOF_USES,,
prop:scalar-flat-routing-certificate,prop:scalar-flat-routing-certificate,proposition,Section 8: Agreement Flats in the General Adversary Bound,prop:scalar-flat-routing-certificate,8.3,Any nonnegative flat-dependent fractional assignment to separating queries yields the stated nuclear-norm routing upper bound.,4,0,prop:adversary-routing-duality;prop:agreement-set-flat;interface:agreement_fibers;def:routing-norm,SEMANTIC_USES;SEMANTIC_USES;SEMANTIC_USES;DEFINITIONAL,,
prop:seymour-one-sum,prop:seymour-one-sum,proposition,Section 12: Regular Program Costs under Seymour Decomposition,prop:seymour-one-sum,12.1,"In a 1-sum, a target-free factor multiplies both target basis sums equally and cancels from their ratio.",3,2,def:regular-matroid-sums;interface:weighted_basis_sums;ext:sum_bases,DEFINITIONAL;SEMANTIC_USES;EXTERNAL_IMPORT,interface:reduction_invariant;thm:seymour-linear-cost,SEMANTIC_USES;SEMANTIC_USES
prop:seymour-two-sum-input-minors,prop:seymour-two-sum-input-minors,proposition,Section 12: Regular Program Costs under Seymour Decomposition,prop:seymour-two-sum-input-minors,12.3,"For an input minor of a child program, the effective 2-sum weight is inverse positive energy or negative energy, with 0 and infinity accounting for false restriction and true contraction inputs.",4,1,thm:regular-matroid-energy;interface:two_sum_response;interface:input_minors;ext:matroid_basic,PROOF_USES;SEMANTIC_USES;SEMANTIC_USES;EXTERNAL_IMPORT,thm:recursive-r10-regular-cost,PROOF_USES
prop:span-program-matroid-shadow,prop:span-program-matroid-shadow,proposition,Section 5: Span Programs,prop:span-program-matroid-shadow,5.5,"Adding the target vector to the input configuration converts span-program acceptance into target closure in a vector matroid, and a represented pointed matroid gives the converse construction.",4,2,def:span-program;def:vector-matroid;ext:represented_closure;def:matroid-closure,DEFINITIONAL;DEFINITIONAL;EXTERNAL_IMPORT;DEFINITIONAL,prop:matroid-program-to-linear-span-program;prop:linear-span-program-to-matroid-program,SPECIALIZES;SPECIALIZES
prop:support-linear-characterization,prop:support-linear-characterization,proposition,Section 10: Representation Costs and Optimization,prop:support-linear-characterization,10.1,"The positive and negative matroid support minima equal minimum coordinate support of reconstruction coefficients and functional evaluations, respectively.",6,2,prop:functional-zero-flat;prop:reconstruction-separation-acceptance;def:positive-support;def:negative-support;ext:matroid_basic;ext:linear_separation,PROOF_USES;SEMANTIC_USES;DEFINITIONAL;DEFINITIONAL;EXTERNAL_IMPORT;EXTERNAL_IMPORT,interface:signed_regular_witnesses;thm:regular-support-bound,SEMANTIC_USES;SEMANTIC_USES
prop:target-extension-criterion,prop:target-extension-criterion,proposition,Section 2: Matroids,prop:target-extension-criterion,2.18,An availability family admits a target extension precisely when the modular cut generated by its positive flats avoids its negative flats.,3,1,prop:modular-cut-extension;def:matroid-closure;ext:closure_system_intersections,PROOF_USES;DEFINITIONAL;EXTERNAL_IMPORT,thm:target-modular-cut,PROOF_USES
supplement:fbs,supplement:fbs,supplementary_claim,supplementary_claim,,,Pointed R10 fractional block sensitivity: 247 inputs at 3 and nine at 5 in each fiber.,3,0,interface:r10_predicate;cert:classical_fbs;ext:lp_duality,SEMANTIC_USES;CERTIFICATE_USES;SEMANTIC_USES,,
supplement:four_state_orbits,supplement:four_state_orbits,supplementary_claim,supplementary_claim,,,2488 unpointed and 4480 pointed four-state response orbits in Appendix A.,2,0,prop:r10-symmetry;cert:atlas_four_color,SEMANTIC_USES;CERTIFICATE_USES,,
supplement:sabotage,supplement:sabotage,supplementary_claim,supplementary_claim,,,Exact sabotage value 240947/53451 for the appendix model.,3,0,interface:r10_predicate;cert:classical_sabotage;ext:finite_probability,SEMANTIC_USES;CERTIFICATE_USES;SEMANTIC_USES,,
thm:adversary-lower-bounds-msp,thm:adversary-lower-bounds-msp,theorem,Section E: Matroidal Form of the Span-Program/Adversary Correspondence,thm:adversary-lower-bounds-msp,E.3,"The adversary value is a lower bound on the global represented labeled program optimum, also with extended values.",4,3,prop:represented-program-gives-transport;def:linear-cost;def:matroid-span-program-cost;ext:infima,COROLLARY_OF;DEFINITIONAL;DEFINITIONAL;EXTERNAL_IMPORT,thm:multiresponse-msp-comparison;prop:regular-optimality-certificate;thm:optimal-matroid-normal-form,PROOF_USES;PROOF_USES;SEMANTIC_USES
thm:adversary-query-lower-bound,thm:adversary-query-lower-bound,theorem,Section G: Quantum Query Model Checks,thm:adversary-query-lower-bound,G.2,Boolean bounded-error query complexity is at least (1−2 sqrt(epsilon(1−epsilon)))/2 times the general adversary bound in the phase-query model.,11,0,prop:adversary-attainment;lem:bipartite-spectrum;prop:quantum-separation-cover;prop:recombination-preserves-correlation;prop:query-correlation-support;def:correlation-kernel;def:quantum-query-complexity;ext:matrix_spectral;ext:cauchy_schwarz;ext:finite_probability;ext:real_order,SEMANTIC_USES;SEMANTIC_USES;PROOF_USES;SEMANTIC_USES;SEMANTIC_USES;DEFINITIONAL;DEFINITIONAL;EXTERNAL_IMPORT;EXTERNAL_IMPORT;EXTERNAL_IMPORT;EXTERNAL_IMPORT,,
thm:correlation-transport-adversary,thm:correlation-transport-adversary,theorem,Section 6: Correlations and the General Adversary Bound,thm:correlation-transport-adversary,6.15,"For finite queries and a Boolean target, the correlation-transport value equals the general adversary bound, including the nonseparating infinite case.",7,3,prop:adversary-attainment;lem:bipartite-spectrum;lem:positive-kernel-entry-bound;prop:correlation-transport-dual;def:correlation-transport-value;def:general-adversary-bound-weighted;ext:matrix_spectral,PROOF_USES;PROOF_USES;PROOF_USES;PROOF_USES;DEFINITIONAL;DEFINITIONAL;EXTERNAL_IMPORT,thm:multiresponse-msp-comparison;prop:represented-program-gives-transport;prop:factorization-transport-equivalence,SEMANTIC_USES;PROOF_USES;PROOF_USES
thm:flat-adversary-decomposition,thm:flat-adversary-decomposition,theorem,Section 8: Agreement Flats in the General Adversary Bound,thm:flat-adversary-decomposition,8.2,"The Boolean rectangular adversary optimization can be grouped by realized agreement flats, with each query retaining precisely the blocks whose flats omit it.",4,3,lem:bipartite-spectrum;prop:agreement-set-flat;def:general-adversary-bound-weighted;interface:agreement_fibers,SEMANTIC_USES;SEMANTIC_USES;DEFINITIONAL;SEMANTIC_USES,prop:routing-potential-optimality;thm:singleton-fiber-scalarization;prop:grover-source-value,PROOF_USES;PROOF_USES;PROOF_USES
thm:multiresponse-msp-comparison,thm:multiresponse-msp-comparison,theorem,Section 10: Representation Costs and Optimization,thm:multiresponse-msp-comparison,10.11,"For finite separating response partitions, the global labeled program optimum lies between the adversary bound and sqrt(kappa) times it; binary queries give equality.",8,0,prop:correlation-transport-attainment;thm:correlation-transport-adversary;thm:adversary-lower-bounds-msp;prop:factorization-transport-equivalence;thm:quotient-normal-form-correct;prop:quotient-normal-form-cost;def:matroid-span-program-cost;interface:response_multiplicity,SEMANTIC_USES;SEMANTIC_USES;PROOF_USES;SEMANTIC_USES;SEMANTIC_USES;PROOF_USES;DEFINITIONAL;SEMANTIC_USES,,
thm:optimal-matroid-normal-form,thm:optimal-matroid-normal-form,theorem,Section E: Matroidal Form of the Span-Program/Adversary Correspondence,thm:optimal-matroid-normal-form,E.14,"For an optimal binary factorization, the explicit quotient representation, its fixed-type infimum, the global program optimum, and the adversary value all coincide.",7,0,prop:represented-program-gives-transport;thm:adversary-lower-bounds-msp;prop:factorization-transport-equivalence;thm:quotient-normal-form-correct;prop:quotient-normal-form-cost;def:linear-cost;def:matroid-span-program-cost,PROOF_USES;SEMANTIC_USES;PROOF_USES;PROOF_USES;PROOF_USES;DEFINITIONAL;DEFINITIONAL,,
thm:permutation-wall,thm:permutation-wall,theorem,Section F: Real Amplitudes and Reversible Recombination,thm:permutation-wall,F.2,Every affine automorphism of a finite probability simplex is induced by a permutation of its configurations.,2,0,def:reversible-classical-gate;ext:simplex_extreme_points,DEFINITIONAL;EXTERNAL_IMPORT,,
thm:quotient-normal-form-correct,thm:quotient-normal-form-correct,theorem,Section E: Matroidal Form of the Span-Program/Adversary Correspondence,thm:quotient-normal-form-correct,E.11,Every computational factorization produces a quotient program whose available vectors span the target exactly on the positive inputs.,6,3,def:normal-form-relation-space;def:quotient-normal-form;def:computational-factorization;ext:linear_quotient;ext:represented_closure;interface:quotient_negative_functional,DEFINITIONAL;DEFINITIONAL;DEFINITIONAL;EXTERNAL_IMPORT;EXTERNAL_IMPORT;SEMANTIC_USES,thm:multiresponse-msp-comparison;prop:quotient-normal-form-cost;thm:optimal-matroid-normal-form,SEMANTIC_USES;PROOF_USES;PROOF_USES
thm:r10-fixed-weight-evaluation,thm:r10-fixed-weight-evaluation,theorem,Section 13: The \\texorpdfstring{$R_{10}$}{R10} Summand,thm:r10-fixed-weight-evaluation,13.6,"In fixed-weight evaluation, intact R10 pieces contribute their two port-polynomial ratio or its reciprocal; a proper deletion or contraction makes the piece graphic or cographic.",4,0,thm:seymour-two-sum;prop:r10-no-three-sum;prop:r10-proper-minors;interface:reduced_ratio,PROOF_USES;PROOF_USES;PROOF_USES;SEMANTIC_USES,,
thm:r10-source-interval,thm:r10-source-interval,theorem,Section 15: Pointed \\texorpdfstring{$R_{10}$}{R10} Closure,thm:r10-source-interval,15.3,The pointed R10 adversary value lies strictly between 3.908755342845 and 3.9301.,8,1,lem:bipartite-spectrum;interface:r10_predicate;interface:factorization_upper_bound;ext:exact_psd_checker;ext:matrix_norms;cert:r10_source;cert:adversary_lower;cert:adversary_upper,SEMANTIC_USES;SEMANTIC_USES;SEMANTIC_USES;EXTERNAL_IMPORT;EXTERNAL_IMPORT;CERTIFICATE_USES;CERTIFICATE_USES;CERTIFICATE_USES,thm:recursive-r10-comparison,PROOF_USES
thm:recursive-r10-comparison,thm:recursive-r10-comparison,theorem,Section 16: Recursive \\texorpdfstring{$R_{10}$}{R10} Closure,thm:recursive-r10-comparison,16.7,"The recursive family has randomized lower bound 5^h/3, natural program cost 5^h, the alternative program upper bound, and quantum complexity Theta(a^h) for the certified base adversary value a.",9,0,thm:r10-source-interval;thm:recursive-r10-randomized-lower;prop:recursive-r10-natural-cost;thm:recursive-r10-regular-cost;thm:standard-quantum-equivalence;def:quantum-query-complexity;ext:adversary_composition;ext:adversary_tightness;def:recursive-r10-function,PROOF_USES;PROOF_USES;PROOF_USES;PROOF_USES;SEMANTIC_USES;DEFINITIONAL;EXTERNAL_IMPORT;EXTERNAL_IMPORT;DEFINITIONAL,,
thm:recursive-r10-randomized-lower,thm:recursive-r10-randomized-lower,theorem,Section 16: Recursive \\texorpdfstring{$R_{10}$}{R10} Closure,thm:recursive-r10-randomized-lower,16.4,"Worst-case expected randomized queries for the recursive predicate are at least (1−2 epsilon)5^h, in particular 5^h/3 at error one third.",3,1,prop:recursive-r10-sensitivity;interface:randomized_expected_queries;ext:randomized_sensitivity,PROOF_USES;SEMANTIC_USES;EXTERNAL_IMPORT,thm:recursive-r10-comparison,PROOF_USES
thm:recursive-r10-regular-cost,thm:recursive-r10-regular-cost,theorem,Section 16: Recursive \\texorpdfstring{$R_{10}$}{R10} Closure,thm:recursive-r10-regular-cost,16.6,"The recursively replicated alternative program computes F_h and its displayed representation has exact energies (12/5)^h and (29/4)^h, giving the corresponding linear-cost upper bound.",9,1,thm:seymour-two-sum;prop:seymour-two-sum-input-minors;prop:r10-regular-route-b;prop:recursive-r10-sensitivity;interface:recursive_alternative_program;interface:energy_monotonicity;interface:response_homogeneity;interface:recursive_extremizers;ext:sum_bases,SEMANTIC_USES;PROOF_USES;PROOF_USES;PROOF_USES;SEMANTIC_USES;SEMANTIC_USES;SEMANTIC_USES;SEMANTIC_USES;EXTERNAL_IMPORT,thm:recursive-r10-comparison,PROOF_USES
thm:regular-matroid-energy,thm:regular-matroid-energy,theorem,Section 11: Regular Program Matroids: Representation Optimization and Certification,thm:regular-matroid-energy,11.5,"Each positive energy of a regular program is a target-inclusion basis ratio on a restriction minor; each negative energy is the reciprocal ratio on a contraction minor, with the coloop case equal to zero.",8,8,prop:represented-minors;prop:representation-energy-attainment;interface:weighted_representation;interface:input_minors;interface:weighted_basis_sums;ext:tu_standard_form;ext:determinant_basis;ext:quadratic_minimum,SEMANTIC_USES;SEMANTIC_USES;SEMANTIC_USES;SEMANTIC_USES;SEMANTIC_USES;EXTERNAL_IMPORT;EXTERNAL_IMPORT;EXTERNAL_IMPORT,interface:response_homogeneity;cor:regular-linear-cost;prop:seymour-two-sum-input-minors;prop:grover-program-value;prop:r10-natural-program-cost;prop:r10-regular-route-b;thm:seymour-linear-cost;prop:recursive-r10-natural-cost,SEMANTIC_USES;PROOF_USES;PROOF_USES;PROOF_USES;PROOF_USES;SEMANTIC_USES;PROOF_USES;PROOF_USES
thm:regular-quotient-form,thm:regular-quotient-form,theorem,Section 2: Matroids,thm:regular-quotient-form,2.27,A finite matroid is regular exactly when it is a contraction of a regular extension whose restriction to the original elements is free.,5,1,prop:represented-minors;prop:regular-basic-properties;def:free-matroid;ext:tu_standard_form;ext:linear_quotient,PROOF_USES;PROOF_USES;DEFINITIONAL;EXTERNAL_IMPORT;EXTERNAL_IMPORT,cor:regular-extension-chain,PROOF_USES
thm:regular-support-bound,thm:regular-support-bound,theorem,Section 11: Regular Program Matroids: Representation Optimization and Certification,thm:regular-support-bound,11.3,A regular program computing a nonconstant function has linear cost at most the square root of the product of its worst circuit and cocircuit supports.,7,1,prop:positive-support-circuits;prop:support-linear-characterization;def:regular-matroid-span-program;def:matroid-span-support-profile;def:linear-cost;ext:tu_signed_circuits;interface:signed_regular_witnesses,SEMANTIC_USES;SEMANTIC_USES;DEFINITIONAL;DEFINITIONAL;DEFINITIONAL;EXTERNAL_IMPORT;SEMANTIC_USES,prop:recursive-r10-natural-cost,SEMANTIC_USES
thm:seymour-decomposition,thm:seymour-decomposition,theorem,Section 2: Matroids,thm:seymour-decomposition,2.34,"Every regular matroid has a decomposition into graphic, cographic, and R10 leaves using 1-, 2-, and 3-sums.",2,1,def:seymour-decomposition;ext:seymour,DEFINITIONAL;EXTERNAL_IMPORT,thm:seymour-linear-cost,SEMANTIC_USES
thm:seymour-linear-cost,thm:seymour-linear-cost,theorem,Section 12: Regular Program Costs under Seymour Decomposition,thm:seymour-linear-cost,12.7,The fixed regular-program linear-cost infimum is unchanged when each input’s target ratio is evaluated by the stated Seymour reductions.,8,0,thm:seymour-decomposition;cor:regular-linear-cost;prop:seymour-one-sum;thm:seymour-two-sum;thm:seymour-three-sum;interface:three_sum_zero_case;interface:reduction_invariant;thm:regular-matroid-energy,SEMANTIC_USES;PROOF_USES;SEMANTIC_USES;SEMANTIC_USES;SEMANTIC_USES;SEMANTIC_USES;PROOF_USES;PROOF_USES,,
thm:seymour-three-sum,thm:seymour-three-sum,theorem,Section 12: Regular Program Costs under Seymour Decomposition,thm:seymour-three-sum,12.6,A regular side of a 3-sum with all three singleton class sums positive has the same target-basis ratio as a weighted K4 side with spoke weights a/p_i.,4,2,lem:seymour-three-sum-five;prop:regular-triangle-identity;interface:k4_signature;interface:triangle_signature,PROOF_USES;PROOF_USES;SEMANTIC_USES;PROOF_USES,interface:reduction_invariant;thm:seymour-linear-cost,SEMANTIC_USES;SEMANTIC_USES
thm:seymour-two-sum,thm:seymour-two-sum,theorem,Section 12: Regular Program Costs under Seymour Decomposition,thm:seymour-two-sum,12.2,"A target-free 2-sum component is replaced by an effective port weight P0/P1, with the common multiplier P1 canceling from the target ratio.",4,4,def:regular-matroid-sums;interface:weighted_basis_sums;interface:two_sum_response;ext:sum_bases,DEFINITIONAL;SEMANTIC_USES;SEMANTIC_USES;EXTERNAL_IMPORT,interface:reduction_invariant;thm:seymour-linear-cost;thm:r10-fixed-weight-evaluation;thm:recursive-r10-regular-cost,SEMANTIC_USES;SEMANTIC_USES;PROOF_USES;SEMANTIC_USES
thm:singleton-fiber-scalarization,thm:singleton-fiber-scalarization,theorem,Section 8: Agreement Flats in the General Adversary Bound,thm:singleton-fiber-scalarization,8.6,"With one output fiber a singleton, the squared adversary value is a fractional packing/covering optimum, whose covering constraints reduce to target cocircuits.",4,0,prop:agreement-set-flat;thm:flat-adversary-decomposition;ext:lp_duality;ext:matrix_norms,PROOF_USES;PROOF_USES;EXTERNAL_IMPORT;EXTERNAL_IMPORT,,
thm:square-root-forced,thm:square-root-forced,theorem,Section F: Real Amplitudes and Reversible Recombination,thm:square-root-forced,F.5,A reversible power-law carrier admitting the specified balanced linear involution must use exponent two.,3,0,def:power-law-carrier;def:balanced-recombination;ext:real_powers,DEFINITIONAL;DEFINITIONAL;EXTERNAL_IMPORT,,
thm:standard-quantum-equivalence,thm:standard-quantum-equivalence,theorem,Section G: Quantum Query Model Checks,thm:standard-quantum-equivalence,G.1,The real partition-phase circuit model and the explicitly one-hot encoded reversible response oracle have identical minimum query counts and output error.,7,1,def:quantum-query-circuit;interface:one_hot_oracle;ext:walsh_kickback;ext:realification;ext:orthogonal_unitary;def:recombination;def:phase-address,DEFINITIONAL;SEMANTIC_USES;EXTERNAL_IMPORT;EXTERNAL_IMPORT;EXTERNAL_IMPORT;DEFINITIONAL;DEFINITIONAL,thm:recursive-r10-comparison,SEMANTIC_USES
thm:target-modular-cut,thm:target-modular-cut,theorem,Section 7: Matroidal Query Models,thm:target-modular-cut,7.5,A matroidal query system admits a target extension precisely when its computing flats form a modular cut.,4,1,prop:target-extension-criterion;prop:query-closure-operator;def:matroidal-query-system;def:target-query-matroid,PROOF_USES;SEMANTIC_USES;DEFINITIONAL;DEFINITIONAL,prop:coordinate-target-matroid,PROOF_USES
