raw_edge_id,source_raw_node_id,source_raw_node_name,source_raw_node_type,source_raw_cluster,source_tex_label,target_raw_node_id,target_raw_node_name,target_raw_node_type,target_raw_cluster,target_tex_label,dependency_type
E0001,def:query-gate,def:query-gate,definition,Section 3: Queries,def:query-gate,interface:response_labels,interface:response_labels,interface,definition_interface,,DEFINITIONAL
E0002,def:positive-reconstruction-energy,def:positive-reconstruction-energy,definition,Section 10: Representation Costs and Optimization,def:positive-reconstruction-energy,interface:worst_energies,interface:worst_energies,interface,definition_interface,,DEFINITIONAL
E0003,def:negative-separation-energy,def:negative-separation-energy,definition,Section 10: Representation Costs and Optimization,def:negative-separation-energy,interface:worst_energies,interface:worst_energies,interface,definition_interface,,DEFINITIONAL
E0004,interface:response_labels,interface:response_labels,interface,definition_interface,,interface:response_multiplicity,interface:response_multiplicity,interface,definition_interface,,DEFINITIONAL
E0005,def:query-separation,def:query-separation,definition,Section 3: Queries,def:query-separation,interface:agreement_fibers,interface:agreement_fibers,interface,definition_interface,,DEFINITIONAL
E0006,def:query-closure,def:query-closure,definition,Section 7: Matroidal Query Models,def:query-closure,interface:agreement_fibers,interface:agreement_fibers,interface,definition_interface,,DEFINITIONAL
E0007,def:regular-matroid,def:regular-matroid,definition,Section 2: Matroids,def:regular-matroid,interface:weighted_representation,interface:weighted_representation,interface,definition_interface,,DEFINITIONAL
E0008,ext:tutte_tu,ext:tutte_tu,external_obligation,external_obligation,,interface:weighted_representation,interface:weighted_representation,interface,definition_interface,,EXTERNAL_IMPORT
E0009,prop:positive-support-circuits,prop:positive-support-circuits,proposition,Section 9: Response-Labeled Matroid Span Programs,prop:positive-support-circuits,interface:signed_regular_witnesses,interface:signed_regular_witnesses,interface,primitive_lemma,,SEMANTIC_USES
E0010,prop:support-linear-characterization,prop:support-linear-characterization,proposition,Section 10: Representation Costs and Optimization,prop:support-linear-characterization,interface:signed_regular_witnesses,interface:signed_regular_witnesses,interface,primitive_lemma,,SEMANTIC_USES
E0011,def:regular-matroid-span-program,def:regular-matroid-span-program,definition,Section 11: Regular Program Matroids: Representation Optimization and Certification,def:regular-matroid-span-program,interface:signed_regular_witnesses,interface:signed_regular_witnesses,interface,primitive_lemma,,SEMANTIC_USES
E0012,ext:tu_signed_circuits,ext:tu_signed_circuits,external_obligation,external_obligation,,interface:signed_regular_witnesses,interface:signed_regular_witnesses,interface,primitive_lemma,,EXTERNAL_IMPORT
E0013,def:f-matroid-span-program,def:f-matroid-span-program,definition,Section 9: Response-Labeled Matroid Span Programs,def:f-matroid-span-program,interface:input_minors,interface:input_minors,interface,definition_interface,,DEFINITIONAL
E0014,def:matroid-minors,def:matroid-minors,definition,Section 2: Matroids,def:matroid-minors,interface:input_minors,interface:input_minors,interface,definition_interface,,DEFINITIONAL
E0015,def:matroid-basis,def:matroid-basis,definition,Section 2: Matroids,def:matroid-basis,interface:weighted_basis_sums,interface:weighted_basis_sums,interface,definition_interface,,DEFINITIONAL
E0016,ext:finite_sets,ext:finite_sets,external_obligation,external_obligation,,interface:weighted_basis_sums,interface:weighted_basis_sums,interface,definition_interface,,EXTERNAL_IMPORT
E0017,interface:weighted_basis_sums,interface:weighted_basis_sums,interface,definition_interface,,interface:two_sum_response,interface:two_sum_response,interface,definition_interface,,DEFINITIONAL
E0018,def:loop-coloop,def:loop-coloop,definition,Section 2: Matroids,def:loop-coloop,interface:two_sum_response,interface:two_sum_response,interface,definition_interface,,DEFINITIONAL
E0019,ext:real_order,ext:real_order,external_obligation,external_obligation,,interface:two_sum_response,interface:two_sum_response,interface,definition_interface,,EXTERNAL_IMPORT
E0020,def:regular-matroid-sums,def:regular-matroid-sums,definition,Section 2: Matroids,def:regular-matroid-sums,interface:triangle_signature,interface:triangle_signature,interface,definition_interface,,DEFINITIONAL
E0021,interface:weighted_basis_sums,interface:weighted_basis_sums,interface,definition_interface,,interface:triangle_signature,interface:triangle_signature,interface,definition_interface,,DEFINITIONAL
E0022,ext:linear_basis,ext:linear_basis,external_obligation,external_obligation,,interface:triangle_signature,interface:triangle_signature,interface,definition_interface,,EXTERNAL_IMPORT
E0023,interface:triangle_signature,interface:triangle_signature,interface,definition_interface,,interface:k4_signature,interface:k4_signature,interface,primitive_lemma,,SEMANTIC_USES
E0024,ext:graphic_basics,ext:graphic_basics,external_obligation,external_obligation,,interface:k4_signature,interface:k4_signature,interface,primitive_lemma,,EXTERNAL_IMPORT
E0025,lem:seymour-three-sum-five,lem:seymour-three-sum-five,lemma,Section 12: Regular Program Costs under Seymour Decomposition,lem:seymour-three-sum-five,interface:three_sum_zero_case,interface:three_sum_zero_case,interface,primitive_lemma,,SEMANTIC_USES
E0026,prop:regular-triangle-identity,prop:regular-triangle-identity,proposition,Section 12: Regular Program Costs under Seymour Decomposition,prop:regular-triangle-identity,interface:three_sum_zero_case,interface:three_sum_zero_case,interface,primitive_lemma,,SEMANTIC_USES
E0027,interface:k4_signature,interface:k4_signature,interface,primitive_lemma,,interface:three_sum_zero_case,interface:three_sum_zero_case,interface,primitive_lemma,,SEMANTIC_USES
E0028,prop:seymour-one-sum,prop:seymour-one-sum,proposition,Section 12: Regular Program Costs under Seymour Decomposition,prop:seymour-one-sum,interface:reduction_invariant,interface:reduction_invariant,interface,primitive_lemma,,SEMANTIC_USES
E0029,thm:seymour-two-sum,thm:seymour-two-sum,theorem,Section 12: Regular Program Costs under Seymour Decomposition,thm:seymour-two-sum,interface:reduction_invariant,interface:reduction_invariant,interface,primitive_lemma,,SEMANTIC_USES
E0030,thm:seymour-three-sum,thm:seymour-three-sum,theorem,Section 12: Regular Program Costs under Seymour Decomposition,thm:seymour-three-sum,interface:reduction_invariant,interface:reduction_invariant,interface,primitive_lemma,,SEMANTIC_USES
E0031,interface:three_sum_zero_case,interface:three_sum_zero_case,interface,primitive_lemma,,interface:reduction_invariant,interface:reduction_invariant,interface,primitive_lemma,,SEMANTIC_USES
E0032,ext:finite_induction,ext:finite_induction,external_obligation,external_obligation,,interface:reduction_invariant,interface:reduction_invariant,interface,primitive_lemma,,EXTERNAL_IMPORT
E0033,interface:input_minors,interface:input_minors,interface,definition_interface,,interface:reduced_ratio,interface:reduced_ratio,interface,definition_interface,,DEFINITIONAL
E0034,interface:weighted_basis_sums,interface:weighted_basis_sums,interface,definition_interface,,interface:reduced_ratio,interface:reduced_ratio,interface,definition_interface,,DEFINITIONAL
E0035,interface:two_sum_response,interface:two_sum_response,interface,definition_interface,,interface:reduced_ratio,interface:reduced_ratio,interface,definition_interface,,DEFINITIONAL
E0036,interface:triangle_signature,interface:triangle_signature,interface,definition_interface,,interface:reduced_ratio,interface:reduced_ratio,interface,definition_interface,,DEFINITIONAL
E0037,def:positive-reconstruction-energy,def:positive-reconstruction-energy,definition,Section 10: Representation Costs and Optimization,def:positive-reconstruction-energy,interface:energy_monotonicity,interface:energy_monotonicity,interface,primitive_lemma,,SEMANTIC_USES
E0038,def:negative-separation-energy,def:negative-separation-energy,definition,Section 10: Representation Costs and Optimization,def:negative-separation-energy,interface:energy_monotonicity,interface:energy_monotonicity,interface,primitive_lemma,,SEMANTIC_USES
E0039,ext:infima,ext:infima,external_obligation,external_obligation,,interface:energy_monotonicity,interface:energy_monotonicity,interface,primitive_lemma,,EXTERNAL_IMPORT
E0040,interface:weighted_basis_sums,interface:weighted_basis_sums,interface,definition_interface,,interface:response_homogeneity,interface:response_homogeneity,interface,primitive_lemma,,SEMANTIC_USES
E0041,interface:two_sum_response,interface:two_sum_response,interface,definition_interface,,interface:response_homogeneity,interface:response_homogeneity,interface,primitive_lemma,,SEMANTIC_USES
E0042,thm:regular-matroid-energy,thm:regular-matroid-energy,theorem,Section 11: Regular Program Matroids: Representation Optimization and Certification,thm:regular-matroid-energy,interface:response_homogeneity,interface:response_homogeneity,interface,primitive_lemma,,SEMANTIC_USES
E0043,def:r10,def:r10,definition,Section 2: Matroids,def:r10,interface:r10_predicate,interface:r10_predicate,interface,definition_interface,,DEFINITIONAL
E0044,def:matroid-closure,def:matroid-closure,definition,Section 2: Matroids,def:matroid-closure,interface:r10_predicate,interface:r10_predicate,interface,definition_interface,,DEFINITIONAL
E0045,def:query-separation,def:query-separation,definition,Section 3: Queries,def:query-separation,interface:r10_predicate,interface:r10_predicate,interface,definition_interface,,DEFINITIONAL
E0046,interface:r10_predicate,interface:r10_predicate,interface,definition_interface,,interface:r10_natural_program,interface:r10_natural_program,interface,definition_interface,,DEFINITIONAL
E0047,def:f-matroid-span-program,def:f-matroid-span-program,definition,Section 9: Response-Labeled Matroid Span Programs,def:f-matroid-span-program,interface:r10_natural_program,interface:r10_natural_program,interface,definition_interface,,DEFINITIONAL
E0048,interface:r10_predicate,interface:r10_predicate,interface,definition_interface,,interface:r10_alternative_program,interface:r10_alternative_program,interface,construction_interface,,SEMANTIC_USES
E0049,def:f-matroid-span-program,def:f-matroid-span-program,definition,Section 9: Response-Labeled Matroid Span Programs,def:f-matroid-span-program,interface:r10_alternative_program,interface:r10_alternative_program,interface,construction_interface,,SEMANTIC_USES
E0050,def:regular-matroid-sums,def:regular-matroid-sums,definition,Section 2: Matroids,def:regular-matroid-sums,interface:r10_alternative_program,interface:r10_alternative_program,interface,construction_interface,,SEMANTIC_USES
E0051,ext:sum_bases,ext:sum_bases,external_obligation,external_obligation,,interface:r10_alternative_program,interface:r10_alternative_program,interface,construction_interface,,EXTERNAL_IMPORT
E0052,ext:graphic_basics,ext:graphic_basics,external_obligation,external_obligation,,interface:r10_alternative_program,interface:r10_alternative_program,interface,construction_interface,,EXTERNAL_IMPORT
E0053,def:general-adversary-bound-weighted,def:general-adversary-bound-weighted,definition,Section 4: The General Adversary Bound,def:general-adversary-bound-weighted,interface:factorization_upper_bound,interface:factorization_upper_bound,interface,primitive_lemma,,SEMANTIC_USES
E0054,def:computational-factorization,def:computational-factorization,definition,Section E: Matroidal Form of the Span-Program/Adversary Correspondence,def:computational-factorization,interface:factorization_upper_bound,interface:factorization_upper_bound,interface,primitive_lemma,,SEMANTIC_USES
E0055,lem:bipartite-spectrum,lem:bipartite-spectrum,lemma,Section 4: The General Adversary Bound,lem:bipartite-spectrum,interface:factorization_upper_bound,interface:factorization_upper_bound,interface,primitive_lemma,,SEMANTIC_USES
E0056,ext:cauchy_schwarz,ext:cauchy_schwarz,external_obligation,external_obligation,,interface:factorization_upper_bound,interface:factorization_upper_bound,interface,primitive_lemma,,EXTERNAL_IMPORT
E0057,ext:matrix_norms,ext:matrix_norms,external_obligation,external_obligation,,interface:factorization_upper_bound,interface:factorization_upper_bound,interface,primitive_lemma,,EXTERNAL_IMPORT
E0058,ext:finite_products,ext:finite_products,external_obligation,external_obligation,,interface:sensitivity,interface:sensitivity,interface,definition_interface,,EXTERNAL_IMPORT
E0059,ext:finite_sets,ext:finite_sets,external_obligation,external_obligation,,interface:sensitivity,interface:sensitivity,interface,definition_interface,,EXTERNAL_IMPORT
E0060,ext:finite_probability,ext:finite_probability,external_obligation,external_obligation,,interface:randomized_expected_queries,interface:randomized_expected_queries,interface,definition_interface,,EXTERNAL_IMPORT
E0061,ext:infima,ext:infima,external_obligation,external_obligation,,interface:randomized_expected_queries,interface:randomized_expected_queries,interface,definition_interface,,EXTERNAL_IMPORT
E0062,interface:r10_natural_program,interface:r10_natural_program,interface,definition_interface,,interface:recursive_natural_matroid,interface:recursive_natural_matroid,interface,construction_interface,,SEMANTIC_USES
E0063,def:regular-matroid-sums,def:regular-matroid-sums,definition,Section 2: Matroids,def:regular-matroid-sums,interface:recursive_natural_matroid,interface:recursive_natural_matroid,interface,construction_interface,,SEMANTIC_USES
E0064,ext:finite_induction,ext:finite_induction,external_obligation,external_obligation,,interface:recursive_natural_matroid,interface:recursive_natural_matroid,interface,construction_interface,,EXTERNAL_IMPORT
E0065,lem:r10-minimal-positive,lem:r10-minimal-positive,lemma,Section 15: Pointed \\texorpdfstring{$R_{10}$}{R10} Closure,lem:r10-minimal-positive,interface:recursive_balanced_incidence,interface:recursive_balanced_incidence,interface,primitive_lemma,,SEMANTIC_USES
E0066,prop:recursive-r10-closure,prop:recursive-r10-closure,proposition,Section 16: Recursive \\texorpdfstring{$R_{10}$}{R10} Closure,prop:recursive-r10-closure,interface:recursive_balanced_incidence,interface:recursive_balanced_incidence,interface,primitive_lemma,,SEMANTIC_USES
E0067,ext:finite_induction,ext:finite_induction,external_obligation,external_obligation,,interface:recursive_balanced_incidence,interface:recursive_balanced_incidence,interface,primitive_lemma,,EXTERNAL_IMPORT
E0068,ext:sum_bases,ext:sum_bases,external_obligation,external_obligation,,interface:recursive_balanced_incidence,interface:recursive_balanced_incidence,interface,primitive_lemma,,EXTERNAL_IMPORT
E0069,cert:natural_program,cert:natural_program,certificate_data,certificate_data,,interface:recursive_balanced_incidence,interface:recursive_balanced_incidence,interface,primitive_lemma,,CERTIFICATE_USES
E0070,interface:r10_alternative_program,interface:r10_alternative_program,interface,construction_interface,,interface:recursive_alternative_program,interface:recursive_alternative_program,interface,construction_interface,,SEMANTIC_USES
E0071,def:recursive-r10-function,def:recursive-r10-function,definition,Section 16: Recursive \\texorpdfstring{$R_{10}$}{R10} Closure,def:recursive-r10-function,interface:recursive_alternative_program,interface:recursive_alternative_program,interface,construction_interface,,SEMANTIC_USES
E0072,def:regular-matroid-sums,def:regular-matroid-sums,definition,Section 2: Matroids,def:regular-matroid-sums,interface:recursive_alternative_program,interface:recursive_alternative_program,interface,construction_interface,,SEMANTIC_USES
E0073,prop:r10-regular-route-b,prop:r10-regular-route-b,proposition,Section 15: Pointed \\texorpdfstring{$R_{10}$}{R10} Closure,prop:r10-regular-route-b,interface:recursive_extremizers,interface:recursive_extremizers,interface,primitive_lemma,,SEMANTIC_USES
E0074,prop:recursive-r10-sensitivity,prop:recursive-r10-sensitivity,proposition,Section 16: Recursive \\texorpdfstring{$R_{10}$}{R10} Closure,prop:recursive-r10-sensitivity,interface:recursive_extremizers,interface:recursive_extremizers,interface,primitive_lemma,,SEMANTIC_USES
E0075,interface:response_homogeneity,interface:response_homogeneity,interface,primitive_lemma,,interface:recursive_extremizers,interface:recursive_extremizers,interface,primitive_lemma,,SEMANTIC_USES
E0076,ext:finite_induction,ext:finite_induction,external_obligation,external_obligation,,interface:recursive_extremizers,interface:recursive_extremizers,interface,primitive_lemma,,EXTERNAL_IMPORT
E0077,def:normal-form-relation-space,def:normal-form-relation-space,definition,Section E: Matroidal Form of the Span-Program/Adversary Correspondence,def:normal-form-relation-space,interface:relation_extension,interface:relation_extension,interface,construction_interface,,SEMANTIC_USES
E0078,def:vector-matroid,def:vector-matroid,definition,Section 2: Matroids,def:vector-matroid,interface:relation_extension,interface:relation_extension,interface,construction_interface,,SEMANTIC_USES
E0079,def:normal-form-relation-space,def:normal-form-relation-space,definition,Section E: Matroidal Form of the Span-Program/Adversary Correspondence,def:normal-form-relation-space,interface:quotient_negative_functional,interface:quotient_negative_functional,interface,primitive_lemma,,SEMANTIC_USES
E0080,def:computational-factorization,def:computational-factorization,definition,Section E: Matroidal Form of the Span-Program/Adversary Correspondence,def:computational-factorization,interface:quotient_negative_functional,interface:quotient_negative_functional,interface,primitive_lemma,,SEMANTIC_USES
E0081,ext:linear_quotient,ext:linear_quotient,external_obligation,external_obligation,,interface:quotient_negative_functional,interface:quotient_negative_functional,interface,primitive_lemma,,EXTERNAL_IMPORT
E0082,interface:response_labels,interface:response_labels,interface,definition_interface,,interface:one_hot_oracle,interface:one_hot_oracle,interface,definition_interface,,DEFINITIONAL
E0083,ext:finite_sets,ext:finite_sets,external_obligation,external_obligation,,interface:one_hot_oracle,interface:one_hot_oracle,interface,definition_interface,,EXTERNAL_IMPORT
E0084,def:query-separation,def:query-separation,definition,Section 3: Queries,def:query-separation,interface:or_function,interface:or_function,interface,definition_interface,,DEFINITIONAL
E0085,ext:finite_products,ext:finite_products,external_obligation,external_obligation,,interface:or_function,interface:or_function,interface,definition_interface,,EXTERNAL_IMPORT
E0086,ext:finite_sets,ext:finite_sets,external_obligation,external_obligation,,def:matroid,def:matroid,definition,Section 2: Matroids,def:matroid,EXTERNAL_IMPORT
E0087,def:matroid,def:matroid,definition,Section 2: Matroids,def:matroid,def:matroid-basis,def:matroid-basis,definition,Section 2: Matroids,def:matroid-basis,DEFINITIONAL
E0088,def:matroid-basis,def:matroid-basis,definition,Section 2: Matroids,def:matroid-basis,def:matroid-rank,def:matroid-rank,definition,Section 2: Matroids,def:matroid-rank,DEFINITIONAL
E0089,def:matroid-rank,def:matroid-rank,definition,Section 2: Matroids,def:matroid-rank,def:matroid-closure,def:matroid-closure,definition,Section 2: Matroids,def:matroid-closure,DEFINITIONAL
E0090,def:matroid-closure,def:matroid-closure,definition,Section 2: Matroids,def:matroid-closure,def:matroid-flat,def:matroid-flat,definition,Section 2: Matroids,def:matroid-flat,DEFINITIONAL
E0091,def:matroid,def:matroid,definition,Section 2: Matroids,def:matroid,def:matroid-circuit,def:matroid-circuit,definition,Section 2: Matroids,def:matroid-circuit,DEFINITIONAL
E0092,def:matroid-flat,def:matroid-flat,definition,Section 2: Matroids,def:matroid-flat,def:hyperplane-cocircuit,def:hyperplane-cocircuit,definition,Section 2: Matroids,def:hyperplane-cocircuit,DEFINITIONAL
E0093,def:matroid-rank,def:matroid-rank,definition,Section 2: Matroids,def:matroid-rank,def:hyperplane-cocircuit,def:hyperplane-cocircuit,definition,Section 2: Matroids,def:hyperplane-cocircuit,DEFINITIONAL
E0094,def:matroid,def:matroid,definition,Section 2: Matroids,def:matroid,def:free-matroid,def:free-matroid,definition,Section 2: Matroids,def:free-matroid,DEFINITIONAL
E0095,def:matroid-basis,def:matroid-basis,definition,Section 2: Matroids,def:matroid-basis,def:loop-coloop,def:loop-coloop,definition,Section 2: Matroids,def:loop-coloop,DEFINITIONAL
E0096,def:matroid-rank,def:matroid-rank,definition,Section 2: Matroids,def:matroid-rank,def:matroid-minors,def:matroid-minors,definition,Section 2: Matroids,def:matroid-minors,DEFINITIONAL
E0097,def:matroid-basis,def:matroid-basis,definition,Section 2: Matroids,def:matroid-basis,def:fundamental-circuit,def:fundamental-circuit,definition,Section 2: Matroids,def:fundamental-circuit,DEFINITIONAL
E0098,def:matroid-circuit,def:matroid-circuit,definition,Section 2: Matroids,def:matroid-circuit,def:fundamental-circuit,def:fundamental-circuit,definition,Section 2: Matroids,def:fundamental-circuit,DEFINITIONAL
E0099,def:matroid-flat,def:matroid-flat,definition,Section 2: Matroids,def:matroid-flat,def:modular-pair,def:modular-pair,definition,Section 2: Matroids,def:modular-pair,DEFINITIONAL
E0100,def:matroid-rank,def:matroid-rank,definition,Section 2: Matroids,def:matroid-rank,def:modular-pair,def:modular-pair,definition,Section 2: Matroids,def:modular-pair,DEFINITIONAL
E0101,def:modular-pair,def:modular-pair,definition,Section 2: Matroids,def:modular-pair,def:modular-cut,def:modular-cut,definition,Section 2: Matroids,def:modular-cut,DEFINITIONAL
E0102,def:matroid-minors,def:matroid-minors,definition,Section 2: Matroids,def:matroid-minors,def:single-element-extension,def:single-element-extension,definition,Section 2: Matroids,def:single-element-extension,DEFINITIONAL
E0103,def:matroid,def:matroid,definition,Section 2: Matroids,def:matroid,def:matroid-representability,def:matroid-representability,definition,Section 2: Matroids,def:matroid-representability,DEFINITIONAL
E0104,ext:linear_basis,ext:linear_basis,external_obligation,external_obligation,,def:matroid-representability,def:matroid-representability,definition,Section 2: Matroids,def:matroid-representability,EXTERNAL_IMPORT
E0105,def:matroid-representability,def:matroid-representability,definition,Section 2: Matroids,def:matroid-representability,def:vector-matroid,def:vector-matroid,definition,Section 2: Matroids,def:vector-matroid,DEFINITIONAL
E0106,ext:represented_closure,ext:represented_closure,external_obligation,external_obligation,,def:vector-matroid,def:vector-matroid,definition,Section 2: Matroids,def:vector-matroid,EXTERNAL_IMPORT
E0107,def:matroid-representability,def:matroid-representability,definition,Section 2: Matroids,def:matroid-representability,def:projective-equivalence,def:projective-equivalence,definition,Section 2: Matroids,def:projective-equivalence,DEFINITIONAL
E0108,ext:linear_equiv,ext:linear_equiv,external_obligation,external_obligation,,def:projective-equivalence,def:projective-equivalence,definition,Section 2: Matroids,def:projective-equivalence,EXTERNAL_IMPORT
E0109,def:matroid-representability,def:matroid-representability,definition,Section 2: Matroids,def:matroid-representability,def:regular-matroid,def:regular-matroid,definition,Section 2: Matroids,def:regular-matroid,DEFINITIONAL
E0110,def:matroid,def:matroid,definition,Section 2: Matroids,def:matroid,def:graphic-cographic,def:graphic-cographic,definition,Section 2: Matroids,def:graphic-cographic,DEFINITIONAL
E0111,ext:graphic_basics,ext:graphic_basics,external_obligation,external_obligation,,def:graphic-cographic,def:graphic-cographic,definition,Section 2: Matroids,def:graphic-cographic,EXTERNAL_IMPORT
E0112,def:matroid-circuit,def:matroid-circuit,definition,Section 2: Matroids,def:matroid-circuit,def:matroid-cycle,def:matroid-cycle,definition,Section 2: Matroids,def:matroid-cycle,DEFINITIONAL
E0113,def:matroid-cycle,def:matroid-cycle,definition,Section 2: Matroids,def:matroid-cycle,def:regular-matroid-sums,def:regular-matroid-sums,definition,Section 2: Matroids,def:regular-matroid-sums,DEFINITIONAL
E0114,def:matroid-minors,def:matroid-minors,definition,Section 2: Matroids,def:matroid-minors,def:regular-matroid-sums,def:regular-matroid-sums,definition,Section 2: Matroids,def:regular-matroid-sums,DEFINITIONAL
E0115,def:loop-coloop,def:loop-coloop,definition,Section 2: Matroids,def:loop-coloop,def:regular-matroid-sums,def:regular-matroid-sums,definition,Section 2: Matroids,def:regular-matroid-sums,DEFINITIONAL
E0116,def:regular-matroid,def:regular-matroid,definition,Section 2: Matroids,def:regular-matroid,def:regular-matroid-sums,def:regular-matroid-sums,definition,Section 2: Matroids,def:regular-matroid-sums,DEFINITIONAL
E0117,def:vector-matroid,def:vector-matroid,definition,Section 2: Matroids,def:vector-matroid,def:r10,def:r10,definition,Section 2: Matroids,def:r10,DEFINITIONAL
E0118,def:regular-matroid-sums,def:regular-matroid-sums,definition,Section 2: Matroids,def:regular-matroid-sums,def:seymour-decomposition,def:seymour-decomposition,definition,Section 2: Matroids,def:seymour-decomposition,DEFINITIONAL
E0119,def:graphic-cographic,def:graphic-cographic,definition,Section 2: Matroids,def:graphic-cographic,def:seymour-decomposition,def:seymour-decomposition,definition,Section 2: Matroids,def:seymour-decomposition,DEFINITIONAL
E0120,def:r10,def:r10,definition,Section 2: Matroids,def:r10,def:seymour-decomposition,def:seymour-decomposition,definition,Section 2: Matroids,def:seymour-decomposition,DEFINITIONAL
E0121,def:matroid,def:matroid,definition,Section 2: Matroids,def:matroid,def:colored-matroid,def:colored-matroid,definition,Section 2: Matroids,def:colored-matroid,DEFINITIONAL
E0122,ext:finite_sets,ext:finite_sets,external_obligation,external_obligation,,def:colored-matroid,def:colored-matroid,definition,Section 2: Matroids,def:colored-matroid,EXTERNAL_IMPORT
E0123,ext:finite_sets,ext:finite_sets,external_obligation,external_obligation,,def:partition,def:partition,definition,Section 3: Queries,def:partition,EXTERNAL_IMPORT
E0124,def:partition,def:partition,definition,Section 3: Queries,def:partition,def:partition-refinement,def:partition-refinement,definition,Section 3: Queries,def:partition-refinement,DEFINITIONAL
E0125,def:partition,def:partition,definition,Section 3: Queries,def:partition,def:fiber-partition,def:fiber-partition,definition,Section 3: Queries,def:fiber-partition,DEFINITIONAL
E0126,def:fiber-partition,def:fiber-partition,definition,Section 3: Queries,def:fiber-partition,def:query-gate,def:query-gate,definition,Section 3: Queries,def:query-gate,DEFINITIONAL
E0127,def:partition-refinement,def:partition-refinement,definition,Section 3: Queries,def:partition-refinement,def:common-refinement,def:common-refinement,definition,Section 3: Queries,def:common-refinement,DEFINITIONAL
E0128,def:query-gate,def:query-gate,definition,Section 3: Queries,def:query-gate,def:common-refinement,def:common-refinement,definition,Section 3: Queries,def:common-refinement,DEFINITIONAL
E0129,def:query-gate,def:query-gate,definition,Section 3: Queries,def:query-gate,def:query-separation,def:query-separation,definition,Section 3: Queries,def:query-separation,DEFINITIONAL
E0130,def:query-separation,def:query-separation,definition,Section 3: Queries,def:query-separation,def:query-set-separates-function,def:query-set-separates-function,definition,Section 3: Queries,def:query-set-separates-function,DEFINITIONAL
E0131,def:fiber-partition,def:fiber-partition,definition,Section 3: Queries,def:fiber-partition,def:query-set-separates-function,def:query-set-separates-function,definition,Section 3: Queries,def:query-set-separates-function,DEFINITIONAL
E0132,ext:finite_sets,ext:finite_sets,external_obligation,external_obligation,,def:configuration-arena,def:configuration-arena,definition,Section 3: Queries,def:configuration-arena,EXTERNAL_IMPORT
E0133,def:configuration-arena,def:configuration-arena,definition,Section 3: Queries,def:configuration-arena,def:configuration-amplitude,def:configuration-amplitude,definition,Section 3: Queries,def:configuration-amplitude,DEFINITIONAL
E0134,ext:inner_product,ext:inner_product,external_obligation,external_obligation,,def:configuration-amplitude,def:configuration-amplitude,definition,Section 3: Queries,def:configuration-amplitude,EXTERNAL_IMPORT
E0135,def:configuration-amplitude,def:configuration-amplitude,definition,Section 3: Queries,def:configuration-amplitude,def:recombination,def:recombination,definition,Section 3: Queries,def:recombination,DEFINITIONAL
E0136,def:partition,def:partition,definition,Section 3: Queries,def:partition,def:phase-assignment,def:phase-assignment,definition,Section 3: Queries,def:phase-assignment,DEFINITIONAL
E0137,def:query-gate,def:query-gate,definition,Section 3: Queries,def:query-gate,def:phase-address,def:phase-address,definition,Section 3: Queries,def:phase-address,DEFINITIONAL
E0138,def:configuration-arena,def:configuration-arena,definition,Section 3: Queries,def:configuration-arena,def:phase-address,def:phase-address,definition,Section 3: Queries,def:phase-address,DEFINITIONAL
E0139,def:phase-assignment,def:phase-assignment,definition,Section 3: Queries,def:phase-assignment,def:phase-address,def:phase-address,definition,Section 3: Queries,def:phase-address,DEFINITIONAL
E0140,def:phase-address,def:phase-address,definition,Section 3: Queries,def:phase-address,def:phase-query,def:phase-query,definition,Section 3: Queries,def:phase-query,DEFINITIONAL
E0141,def:configuration-amplitude,def:configuration-amplitude,definition,Section 3: Queries,def:configuration-amplitude,def:phase-query,def:phase-query,definition,Section 3: Queries,def:phase-query,DEFINITIONAL
E0142,def:configuration-amplitude,def:configuration-amplitude,definition,Section 3: Queries,def:configuration-amplitude,def:amplitude-readout,def:amplitude-readout,definition,Section 3: Queries,def:amplitude-readout,DEFINITIONAL
E0143,ext:finite_probability,ext:finite_probability,external_obligation,external_obligation,,def:amplitude-readout,def:amplitude-readout,definition,Section 3: Queries,def:amplitude-readout,EXTERNAL_IMPORT
E0144,def:recombination,def:recombination,definition,Section 3: Queries,def:recombination,def:quantum-query-circuit,def:quantum-query-circuit,definition,Section 3: Queries,def:quantum-query-circuit,DEFINITIONAL
E0145,def:phase-query,def:phase-query,definition,Section 3: Queries,def:phase-query,def:quantum-query-circuit,def:quantum-query-circuit,definition,Section 3: Queries,def:quantum-query-circuit,DEFINITIONAL
E0146,def:amplitude-readout,def:amplitude-readout,definition,Section 3: Queries,def:amplitude-readout,def:quantum-query-circuit,def:quantum-query-circuit,definition,Section 3: Queries,def:quantum-query-circuit,DEFINITIONAL
E0147,def:quantum-query-circuit,def:quantum-query-circuit,definition,Section 3: Queries,def:quantum-query-circuit,def:quantum-query-complexity,def:quantum-query-complexity,definition,Section 3: Queries,def:quantum-query-complexity,DEFINITIONAL
E0148,ext:infima,ext:infima,external_obligation,external_obligation,,def:quantum-query-complexity,def:quantum-query-complexity,definition,Section 3: Queries,def:quantum-query-complexity,EXTERNAL_IMPORT
E0149,def:query-separation,def:query-separation,definition,Section 3: Queries,def:query-separation,def:general-adversary-bound-weighted,def:general-adversary-bound-weighted,definition,Section 4: The General Adversary Bound,def:general-adversary-bound-weighted,DEFINITIONAL
E0150,ext:matrix_norms,ext:matrix_norms,external_obligation,external_obligation,,def:general-adversary-bound-weighted,def:general-adversary-bound-weighted,definition,Section 4: The General Adversary Bound,def:general-adversary-bound-weighted,EXTERNAL_IMPORT
E0151,ext:infima,ext:infima,external_obligation,external_obligation,,def:general-adversary-bound-weighted,def:general-adversary-bound-weighted,definition,Section 4: The General Adversary Bound,def:general-adversary-bound-weighted,EXTERNAL_IMPORT
E0152,def:query-separation,def:query-separation,definition,Section 3: Queries,def:query-separation,def:routing-norm,def:routing-norm,definition,Section 4: The General Adversary Bound,def:routing-norm,DEFINITIONAL
E0153,ext:norm_duality,ext:norm_duality,external_obligation,external_obligation,,def:routing-norm,def:routing-norm,definition,Section 4: The General Adversary Bound,def:routing-norm,EXTERNAL_IMPORT
E0154,ext:infima,ext:infima,external_obligation,external_obligation,,def:routing-norm,def:routing-norm,definition,Section 4: The General Adversary Bound,def:routing-norm,EXTERNAL_IMPORT
E0155,ext:linear_basis,ext:linear_basis,external_obligation,external_obligation,,def:span-program,def:span-program,definition,Section 5: Span Programs,def:span-program,EXTERNAL_IMPORT
E0156,ext:finite_sets,ext:finite_sets,external_obligation,external_obligation,,def:span-program,def:span-program,definition,Section 5: Span Programs,def:span-program,EXTERNAL_IMPORT
E0157,def:span-program,def:span-program,definition,Section 5: Span Programs,def:span-program,def:reconstruction-set,def:reconstruction-set,definition,Section 5: Span Programs,def:reconstruction-set,DEFINITIONAL
E0158,def:span-program,def:span-program,definition,Section 5: Span Programs,def:span-program,def:separation-set,def:separation-set,definition,Section 5: Span Programs,def:separation-set,DEFINITIONAL
E0159,ext:linear_separation,ext:linear_separation,external_obligation,external_obligation,,def:separation-set,def:separation-set,definition,Section 5: Span Programs,def:separation-set,EXTERNAL_IMPORT
E0160,def:configuration-amplitude,def:configuration-amplitude,definition,Section 3: Queries,def:configuration-amplitude,def:correlation-kernel,def:correlation-kernel,definition,Section 6: Correlations and the General Adversary Bound,def:correlation-kernel,DEFINITIONAL
E0161,ext:inner_product,ext:inner_product,external_obligation,external_obligation,,def:correlation-kernel,def:correlation-kernel,definition,Section 6: Correlations and the General Adversary Bound,def:correlation-kernel,EXTERNAL_IMPORT
E0162,ext:psd_gram,ext:psd_gram,external_obligation,external_obligation,,def:positive-kernel,def:positive-kernel,definition,Section 6: Correlations and the General Adversary Bound,def:positive-kernel,EXTERNAL_IMPORT
E0163,def:positive-kernel,def:positive-kernel,definition,Section 6: Correlations and the General Adversary Bound,def:positive-kernel,def:correlation-transport,def:correlation-transport,definition,Section 6: Correlations and the General Adversary Bound,def:correlation-transport,DEFINITIONAL
E0164,def:query-separation,def:query-separation,definition,Section 3: Queries,def:query-separation,def:correlation-transport,def:correlation-transport,definition,Section 6: Correlations and the General Adversary Bound,def:correlation-transport,DEFINITIONAL
E0165,def:correlation-transport,def:correlation-transport,definition,Section 6: Correlations and the General Adversary Bound,def:correlation-transport,def:correlation-transport-value,def:correlation-transport-value,definition,Section 6: Correlations and the General Adversary Bound,def:correlation-transport-value,DEFINITIONAL
E0166,ext:infima,ext:infima,external_obligation,external_obligation,,def:correlation-transport-value,def:correlation-transport-value,definition,Section 6: Correlations and the General Adversary Bound,def:correlation-transport-value,EXTERNAL_IMPORT
E0167,def:correlation-transport,def:correlation-transport,definition,Section 6: Correlations and the General Adversary Bound,def:correlation-transport,def:correlation-transport-lagrangian,def:correlation-transport-lagrangian,definition,Section 6: Correlations and the General Adversary Bound,def:correlation-transport-lagrangian,DEFINITIONAL
E0168,def:common-refinement,def:common-refinement,definition,Section 3: Queries,def:common-refinement,def:query-closure,def:query-closure,definition,Section 7: Matroidal Query Models,def:query-closure,DEFINITIONAL
E0169,def:query-closure,def:query-closure,definition,Section 7: Matroidal Query Models,def:query-closure,def:matroidal-query-system,def:matroidal-query-system,definition,Section 7: Matroidal Query Models,def:matroidal-query-system,DEFINITIONAL
E0170,prop:query-closure-operator,prop:query-closure-operator,proposition,Section 7: Matroidal Query Models,prop:query-closure-operator,def:matroidal-query-system,def:matroidal-query-system,definition,Section 7: Matroidal Query Models,def:matroidal-query-system,SEMANTIC_USES
E0171,ext:matroid_basic,ext:matroid_basic,external_obligation,external_obligation,,def:matroidal-query-system,def:matroidal-query-system,definition,Section 7: Matroidal Query Models,def:matroidal-query-system,EXTERNAL_IMPORT
E0172,def:matroidal-query-system,def:matroidal-query-system,definition,Section 7: Matroidal Query Models,def:matroidal-query-system,def:target-query-matroid,def:target-query-matroid,definition,Section 7: Matroidal Query Models,def:target-query-matroid,DEFINITIONAL
E0173,def:single-element-extension,def:single-element-extension,definition,Section 2: Matroids,def:single-element-extension,def:target-query-matroid,def:target-query-matroid,definition,Section 7: Matroidal Query Models,def:target-query-matroid,DEFINITIONAL
E0174,def:fiber-partition,def:fiber-partition,definition,Section 3: Queries,def:fiber-partition,def:target-query-matroid,def:target-query-matroid,definition,Section 7: Matroidal Query Models,def:target-query-matroid,DEFINITIONAL
E0175,def:target-query-matroid,def:target-query-matroid,definition,Section 7: Matroidal Query Models,def:target-query-matroid,def:f-separation-matroid,def:f-separation-matroid,definition,Section 7: Matroidal Query Models,def:f-separation-matroid,DEFINITIONAL
E0176,def:colored-matroid,def:colored-matroid,definition,Section 2: Matroids,def:colored-matroid,def:f-separation-matroid,def:f-separation-matroid,definition,Section 7: Matroidal Query Models,def:f-separation-matroid,DEFINITIONAL
E0177,def:query-separation,def:query-separation,definition,Section 3: Queries,def:query-separation,def:f-separation-matroid,def:f-separation-matroid,definition,Section 7: Matroidal Query Models,def:f-separation-matroid,DEFINITIONAL
E0178,def:matroid-closure,def:matroid-closure,definition,Section 2: Matroids,def:matroid-closure,def:f-matroid-span-program,def:f-matroid-span-program,definition,Section 9: Response-Labeled Matroid Span Programs,def:f-matroid-span-program,DEFINITIONAL
E0179,def:query-gate,def:query-gate,definition,Section 3: Queries,def:query-gate,def:f-matroid-span-program,def:f-matroid-span-program,definition,Section 9: Response-Labeled Matroid Span Programs,def:f-matroid-span-program,DEFINITIONAL
E0180,interface:response_labels,interface:response_labels,interface,definition_interface,,def:f-matroid-span-program,def:f-matroid-span-program,definition,Section 9: Response-Labeled Matroid Span Programs,def:f-matroid-span-program,DEFINITIONAL
E0181,def:f-matroid-span-program,def:f-matroid-span-program,definition,Section 9: Response-Labeled Matroid Span Programs,def:f-matroid-span-program,def:representable-matroid-span-program-class,def:representable-matroid-span-program-class,definition,Section 9: Response-Labeled Matroid Span Programs,def:representable-matroid-span-program-class,DEFINITIONAL
E0182,def:matroid-representability,def:matroid-representability,definition,Section 2: Matroids,def:matroid-representability,def:representable-matroid-span-program-class,def:representable-matroid-span-program-class,definition,Section 9: Response-Labeled Matroid Span Programs,def:representable-matroid-span-program-class,DEFINITIONAL
E0183,def:span-program,def:span-program,definition,Section 5: Span Programs,def:span-program,def:response-labeled-span-program,def:response-labeled-span-program,definition,Section 9: Response-Labeled Matroid Span Programs,def:response-labeled-span-program,DEFINITIONAL
E0184,interface:response_labels,interface:response_labels,interface,definition_interface,,def:response-labeled-span-program,def:response-labeled-span-program,definition,Section 9: Response-Labeled Matroid Span Programs,def:response-labeled-span-program,DEFINITIONAL
E0185,def:f-matroid-span-program,def:f-matroid-span-program,definition,Section 9: Response-Labeled Matroid Span Programs,def:f-matroid-span-program,def:positive-support,def:positive-support,definition,Section 9: Response-Labeled Matroid Span Programs,def:positive-support,DEFINITIONAL
E0186,ext:finite_sets,ext:finite_sets,external_obligation,external_obligation,,def:positive-support,def:positive-support,definition,Section 9: Response-Labeled Matroid Span Programs,def:positive-support,EXTERNAL_IMPORT
E0187,def:f-matroid-span-program,def:f-matroid-span-program,definition,Section 9: Response-Labeled Matroid Span Programs,def:f-matroid-span-program,def:negative-support,def:negative-support,definition,Section 9: Response-Labeled Matroid Span Programs,def:negative-support,DEFINITIONAL
E0188,def:hyperplane-cocircuit,def:hyperplane-cocircuit,definition,Section 2: Matroids,def:hyperplane-cocircuit,def:negative-support,def:negative-support,definition,Section 9: Response-Labeled Matroid Span Programs,def:negative-support,DEFINITIONAL
E0189,def:positive-support,def:positive-support,definition,Section 9: Response-Labeled Matroid Span Programs,def:positive-support,def:matroid-span-support-profile,def:matroid-span-support-profile,definition,Section 9: Response-Labeled Matroid Span Programs,def:matroid-span-support-profile,DEFINITIONAL
E0190,def:negative-support,def:negative-support,definition,Section 9: Response-Labeled Matroid Span Programs,def:negative-support,def:matroid-span-support-profile,def:matroid-span-support-profile,definition,Section 9: Response-Labeled Matroid Span Programs,def:matroid-span-support-profile,DEFINITIONAL
E0191,def:reconstruction-set,def:reconstruction-set,definition,Section 5: Span Programs,def:reconstruction-set,def:positive-reconstruction-energy,def:positive-reconstruction-energy,definition,Section 10: Representation Costs and Optimization,def:positive-reconstruction-energy,DEFINITIONAL
E0192,ext:infima,ext:infima,external_obligation,external_obligation,,def:positive-reconstruction-energy,def:positive-reconstruction-energy,definition,Section 10: Representation Costs and Optimization,def:positive-reconstruction-energy,EXTERNAL_IMPORT
E0193,def:separation-set,def:separation-set,definition,Section 5: Span Programs,def:separation-set,def:negative-separation-energy,def:negative-separation-energy,definition,Section 10: Representation Costs and Optimization,def:negative-separation-energy,DEFINITIONAL
E0194,ext:infima,ext:infima,external_obligation,external_obligation,,def:negative-separation-energy,def:negative-separation-energy,definition,Section 10: Representation Costs and Optimization,def:negative-separation-energy,EXTERNAL_IMPORT
E0195,interface:worst_energies,interface:worst_energies,interface,definition_interface,,def:representation-cost,def:representation-cost,definition,Section 10: Representation Costs and Optimization,def:representation-cost,DEFINITIONAL
E0196,ext:real_order,ext:real_order,external_obligation,external_obligation,,def:representation-cost,def:representation-cost,definition,Section 10: Representation Costs and Optimization,def:representation-cost,EXTERNAL_IMPORT
E0197,def:representation-cost,def:representation-cost,definition,Section 10: Representation Costs and Optimization,def:representation-cost,def:linear-cost,def:linear-cost,definition,Section 10: Representation Costs and Optimization,def:linear-cost,DEFINITIONAL
E0198,def:representable-matroid-span-program-class,def:representable-matroid-span-program-class,definition,Section 9: Response-Labeled Matroid Span Programs,def:representable-matroid-span-program-class,def:linear-cost,def:linear-cost,definition,Section 10: Representation Costs and Optimization,def:linear-cost,DEFINITIONAL
E0199,ext:infima,ext:infima,external_obligation,external_obligation,,def:linear-cost,def:linear-cost,definition,Section 10: Representation Costs and Optimization,def:linear-cost,EXTERNAL_IMPORT
E0200,def:linear-cost,def:linear-cost,definition,Section 10: Representation Costs and Optimization,def:linear-cost,def:matroid-span-program-cost,def:matroid-span-program-cost,definition,Section 10: Representation Costs and Optimization,def:matroid-span-program-cost,DEFINITIONAL
E0201,ext:infima,ext:infima,external_obligation,external_obligation,,def:matroid-span-program-cost,def:matroid-span-program-cost,definition,Section 10: Representation Costs and Optimization,def:matroid-span-program-cost,EXTERNAL_IMPORT
E0202,def:f-matroid-span-program,def:f-matroid-span-program,definition,Section 9: Response-Labeled Matroid Span Programs,def:f-matroid-span-program,def:regular-matroid-span-program,def:regular-matroid-span-program,definition,Section 11: Regular Program Matroids: Representation Optimization and Certification,def:regular-matroid-span-program,DEFINITIONAL
E0203,def:regular-matroid,def:regular-matroid,definition,Section 2: Matroids,def:regular-matroid,def:regular-matroid-span-program,def:regular-matroid-span-program,definition,Section 11: Regular Program Matroids: Representation Optimization and Certification,def:regular-matroid-span-program,DEFINITIONAL
E0204,interface:r10_predicate,interface:r10_predicate,interface,definition_interface,,def:recursive-r10-function,def:recursive-r10-function,definition,Section 16: Recursive \\texorpdfstring{$R_{10}$}{R10} Closure,def:recursive-r10-function,DEFINITIONAL
E0205,ext:finite_induction,ext:finite_induction,external_obligation,external_obligation,,def:recursive-r10-function,def:recursive-r10-function,definition,Section 16: Recursive \\texorpdfstring{$R_{10}$}{R10} Closure,def:recursive-r10-function,EXTERNAL_IMPORT
E0206,ext:finite_products,ext:finite_products,external_obligation,external_obligation,,def:recursive-r10-function,def:recursive-r10-function,definition,Section 16: Recursive \\texorpdfstring{$R_{10}$}{R10} Closure,def:recursive-r10-function,EXTERNAL_IMPORT
E0207,def:query-separation,def:query-separation,definition,Section 3: Queries,def:query-separation,def:computational-factorization,def:computational-factorization,definition,Section E: Matroidal Form of the Span-Program/Adversary Correspondence,def:computational-factorization,DEFINITIONAL
E0208,ext:inner_product,ext:inner_product,external_obligation,external_obligation,,def:computational-factorization,def:computational-factorization,definition,Section E: Matroidal Form of the Span-Program/Adversary Correspondence,def:computational-factorization,EXTERNAL_IMPORT
E0209,ext:finite_sets,ext:finite_sets,external_obligation,external_obligation,,def:computational-factorization,def:computational-factorization,definition,Section E: Matroidal Form of the Span-Program/Adversary Correspondence,def:computational-factorization,EXTERNAL_IMPORT
E0210,def:computational-factorization,def:computational-factorization,definition,Section E: Matroidal Form of the Span-Program/Adversary Correspondence,def:computational-factorization,def:normal-form-relation-space,def:normal-form-relation-space,definition,Section E: Matroidal Form of the Span-Program/Adversary Correspondence,def:normal-form-relation-space,DEFINITIONAL
E0211,interface:response_labels,interface:response_labels,interface,definition_interface,,def:normal-form-relation-space,def:normal-form-relation-space,definition,Section E: Matroidal Form of the Span-Program/Adversary Correspondence,def:normal-form-relation-space,DEFINITIONAL
E0212,ext:linear_basis,ext:linear_basis,external_obligation,external_obligation,,def:normal-form-relation-space,def:normal-form-relation-space,definition,Section E: Matroidal Form of the Span-Program/Adversary Correspondence,def:normal-form-relation-space,EXTERNAL_IMPORT
E0213,def:normal-form-relation-space,def:normal-form-relation-space,definition,Section E: Matroidal Form of the Span-Program/Adversary Correspondence,def:normal-form-relation-space,def:quotient-normal-form,def:quotient-normal-form,definition,Section E: Matroidal Form of the Span-Program/Adversary Correspondence,def:quotient-normal-form,DEFINITIONAL
E0214,def:vector-matroid,def:vector-matroid,definition,Section 2: Matroids,def:vector-matroid,def:quotient-normal-form,def:quotient-normal-form,definition,Section E: Matroidal Form of the Span-Program/Adversary Correspondence,def:quotient-normal-form,DEFINITIONAL
E0215,ext:linear_quotient,ext:linear_quotient,external_obligation,external_obligation,,def:quotient-normal-form,def:quotient-normal-form,definition,Section E: Matroidal Form of the Span-Program/Adversary Correspondence,def:quotient-normal-form,EXTERNAL_IMPORT
E0216,ext:finite_probability,ext:finite_probability,external_obligation,external_obligation,,def:reversible-classical-gate,def:reversible-classical-gate,definition,Section F: Real Amplitudes and Reversible Recombination,def:reversible-classical-gate,EXTERNAL_IMPORT
E0217,ext:linear_equiv,ext:linear_equiv,external_obligation,external_obligation,,def:reversible-classical-gate,def:reversible-classical-gate,definition,Section F: Real Amplitudes and Reversible Recombination,def:reversible-classical-gate,EXTERNAL_IMPORT
E0218,ext:real_powers,ext:real_powers,external_obligation,external_obligation,,def:power-law-carrier,def:power-law-carrier,definition,Section F: Real Amplitudes and Reversible Recombination,def:power-law-carrier,EXTERNAL_IMPORT
E0219,ext:linear_equiv,ext:linear_equiv,external_obligation,external_obligation,,def:power-law-carrier,def:power-law-carrier,definition,Section F: Real Amplitudes and Reversible Recombination,def:power-law-carrier,EXTERNAL_IMPORT
E0220,def:power-law-carrier,def:power-law-carrier,definition,Section F: Real Amplitudes and Reversible Recombination,def:power-law-carrier,def:balanced-recombination,def:balanced-recombination,definition,Section F: Real Amplitudes and Reversible Recombination,def:balanced-recombination,DEFINITIONAL
E0221,ext:linear_basis,ext:linear_basis,external_obligation,external_obligation,,def:balanced-recombination,def:balanced-recombination,definition,Section F: Real Amplitudes and Reversible Recombination,def:balanced-recombination,EXTERNAL_IMPORT
E0222,def:matroid-closure,def:matroid-closure,definition,Section 2: Matroids,def:matroid-closure,prop:closure-circuit,prop:closure-circuit,proposition,Section 2: Matroids,prop:closure-circuit,DEFINITIONAL
E0223,def:matroid-circuit,def:matroid-circuit,definition,Section 2: Matroids,def:matroid-circuit,prop:closure-circuit,prop:closure-circuit,proposition,Section 2: Matroids,prop:closure-circuit,DEFINITIONAL
E0224,ext:matroid_basic,ext:matroid_basic,external_obligation,external_obligation,,prop:closure-circuit,prop:closure-circuit,proposition,Section 2: Matroids,prop:closure-circuit,EXTERNAL_IMPORT
E0225,def:hyperplane-cocircuit,def:hyperplane-cocircuit,definition,Section 2: Matroids,def:hyperplane-cocircuit,prop:cocircuit-separates-closure,prop:cocircuit-separates-closure,proposition,Section 2: Matroids,prop:cocircuit-separates-closure,DEFINITIONAL
E0226,def:matroid-closure,def:matroid-closure,definition,Section 2: Matroids,def:matroid-closure,prop:cocircuit-separates-closure,prop:cocircuit-separates-closure,proposition,Section 2: Matroids,prop:cocircuit-separates-closure,DEFINITIONAL
E0227,ext:matroid_basic,ext:matroid_basic,external_obligation,external_obligation,,prop:cocircuit-separates-closure,prop:cocircuit-separates-closure,proposition,Section 2: Matroids,prop:cocircuit-separates-closure,EXTERNAL_IMPORT
E0228,def:single-element-extension,def:single-element-extension,definition,Section 2: Matroids,def:single-element-extension,prop:modular-cut-extension,prop:modular-cut-extension,proposition,Section 2: Matroids,prop:modular-cut-extension,DEFINITIONAL
E0229,def:modular-cut,def:modular-cut,definition,Section 2: Matroids,def:modular-cut,prop:modular-cut-extension,prop:modular-cut-extension,proposition,Section 2: Matroids,prop:modular-cut-extension,DEFINITIONAL
E0230,ext:crapo_extension,ext:crapo_extension,external_obligation,external_obligation,,prop:modular-cut-extension,prop:modular-cut-extension,proposition,Section 2: Matroids,prop:modular-cut-extension,EXTERNAL_IMPORT
E0231,prop:modular-cut-extension,prop:modular-cut-extension,proposition,Section 2: Matroids,prop:modular-cut-extension,prop:target-extension-criterion,prop:target-extension-criterion,proposition,Section 2: Matroids,prop:target-extension-criterion,PROOF_USES
E0232,def:matroid-closure,def:matroid-closure,definition,Section 2: Matroids,def:matroid-closure,prop:target-extension-criterion,prop:target-extension-criterion,proposition,Section 2: Matroids,prop:target-extension-criterion,DEFINITIONAL
E0233,ext:closure_system_intersections,ext:closure_system_intersections,external_obligation,external_obligation,,prop:target-extension-criterion,prop:target-extension-criterion,proposition,Section 2: Matroids,prop:target-extension-criterion,EXTERNAL_IMPORT
E0234,def:matroid-minors,def:matroid-minors,definition,Section 2: Matroids,def:matroid-minors,prop:represented-minors,prop:represented-minors,proposition,Section 2: Matroids,prop:represented-minors,DEFINITIONAL
E0235,def:matroid-representability,def:matroid-representability,definition,Section 2: Matroids,def:matroid-representability,prop:represented-minors,prop:represented-minors,proposition,Section 2: Matroids,prop:represented-minors,DEFINITIONAL
E0236,ext:linear_quotient,ext:linear_quotient,external_obligation,external_obligation,,prop:represented-minors,prop:represented-minors,proposition,Section 2: Matroids,prop:represented-minors,EXTERNAL_IMPORT
E0237,def:matroid-flat,def:matroid-flat,definition,Section 2: Matroids,def:matroid-flat,prop:functional-zero-flat,prop:functional-zero-flat,proposition,Section 2: Matroids,prop:functional-zero-flat,DEFINITIONAL
E0238,def:matroid-representability,def:matroid-representability,definition,Section 2: Matroids,def:matroid-representability,prop:functional-zero-flat,prop:functional-zero-flat,proposition,Section 2: Matroids,prop:functional-zero-flat,DEFINITIONAL
E0239,ext:represented_closure,ext:represented_closure,external_obligation,external_obligation,,prop:functional-zero-flat,prop:functional-zero-flat,proposition,Section 2: Matroids,prop:functional-zero-flat,EXTERNAL_IMPORT
E0240,def:regular-matroid,def:regular-matroid,definition,Section 2: Matroids,def:regular-matroid,prop:regular-basic-properties,prop:regular-basic-properties,proposition,Section 2: Matroids,prop:regular-basic-properties,DEFINITIONAL
E0241,def:projective-equivalence,def:projective-equivalence,definition,Section 2: Matroids,def:projective-equivalence,prop:regular-basic-properties,prop:regular-basic-properties,proposition,Section 2: Matroids,prop:regular-basic-properties,DEFINITIONAL
E0242,ext:regular_uniqueness,ext:regular_uniqueness,external_obligation,external_obligation,,prop:regular-basic-properties,prop:regular-basic-properties,proposition,Section 2: Matroids,prop:regular-basic-properties,EXTERNAL_IMPORT
E0243,ext:tutte_tu,ext:tutte_tu,external_obligation,external_obligation,,prop:regular-basic-properties,prop:regular-basic-properties,proposition,Section 2: Matroids,prop:regular-basic-properties,EXTERNAL_IMPORT
E0244,prop:represented-minors,prop:represented-minors,proposition,Section 2: Matroids,prop:represented-minors,thm:regular-quotient-form,thm:regular-quotient-form,theorem,Section 2: Matroids,thm:regular-quotient-form,PROOF_USES
E0245,prop:regular-basic-properties,prop:regular-basic-properties,proposition,Section 2: Matroids,prop:regular-basic-properties,thm:regular-quotient-form,thm:regular-quotient-form,theorem,Section 2: Matroids,thm:regular-quotient-form,PROOF_USES
E0246,def:free-matroid,def:free-matroid,definition,Section 2: Matroids,def:free-matroid,thm:regular-quotient-form,thm:regular-quotient-form,theorem,Section 2: Matroids,thm:regular-quotient-form,DEFINITIONAL
E0247,ext:tu_standard_form,ext:tu_standard_form,external_obligation,external_obligation,,thm:regular-quotient-form,thm:regular-quotient-form,theorem,Section 2: Matroids,thm:regular-quotient-form,EXTERNAL_IMPORT
E0248,ext:linear_quotient,ext:linear_quotient,external_obligation,external_obligation,,thm:regular-quotient-form,thm:regular-quotient-form,theorem,Section 2: Matroids,thm:regular-quotient-form,EXTERNAL_IMPORT
E0249,thm:regular-quotient-form,thm:regular-quotient-form,theorem,Section 2: Matroids,thm:regular-quotient-form,cor:regular-extension-chain,cor:regular-extension-chain,corollary,Section 2: Matroids,cor:regular-extension-chain,PROOF_USES
E0250,prop:regular-basic-properties,prop:regular-basic-properties,proposition,Section 2: Matroids,prop:regular-basic-properties,cor:regular-extension-chain,cor:regular-extension-chain,corollary,Section 2: Matroids,cor:regular-extension-chain,PROOF_USES
E0251,def:single-element-extension,def:single-element-extension,definition,Section 2: Matroids,def:single-element-extension,cor:regular-extension-chain,cor:regular-extension-chain,corollary,Section 2: Matroids,cor:regular-extension-chain,DEFINITIONAL
E0252,def:seymour-decomposition,def:seymour-decomposition,definition,Section 2: Matroids,def:seymour-decomposition,thm:seymour-decomposition,thm:seymour-decomposition,theorem,Section 2: Matroids,thm:seymour-decomposition,DEFINITIONAL
E0253,ext:seymour,ext:seymour,external_obligation,external_obligation,,thm:seymour-decomposition,thm:seymour-decomposition,theorem,Section 2: Matroids,thm:seymour-decomposition,EXTERNAL_IMPORT
E0254,def:partition-refinement,def:partition-refinement,definition,Section 3: Queries,def:partition-refinement,prop:partition-computation,prop:partition-computation,proposition,Section 3: Queries,prop:partition-computation,DEFINITIONAL
E0255,def:fiber-partition,def:fiber-partition,definition,Section 3: Queries,def:fiber-partition,prop:partition-computation,prop:partition-computation,proposition,Section 3: Queries,prop:partition-computation,DEFINITIONAL
E0256,ext:finite_sets,ext:finite_sets,external_obligation,external_obligation,,prop:partition-computation,prop:partition-computation,proposition,Section 3: Queries,prop:partition-computation,EXTERNAL_IMPORT
E0257,def:general-adversary-bound-weighted,def:general-adversary-bound-weighted,definition,Section 4: The General Adversary Bound,def:general-adversary-bound-weighted,prop:adversary-attainment,prop:adversary-attainment,proposition,Section 4: The General Adversary Bound,prop:adversary-attainment,DEFINITIONAL
E0258,def:query-set-separates-function,def:query-set-separates-function,definition,Section 3: Queries,def:query-set-separates-function,prop:adversary-attainment,prop:adversary-attainment,proposition,Section 4: The General Adversary Bound,prop:adversary-attainment,DEFINITIONAL
E0259,ext:finite_compactness,ext:finite_compactness,external_obligation,external_obligation,,prop:adversary-attainment,prop:adversary-attainment,proposition,Section 4: The General Adversary Bound,prop:adversary-attainment,EXTERNAL_IMPORT
E0260,ext:matrix_norms,ext:matrix_norms,external_obligation,external_obligation,,prop:adversary-attainment,prop:adversary-attainment,proposition,Section 4: The General Adversary Bound,prop:adversary-attainment,EXTERNAL_IMPORT
E0261,def:query-separation,def:query-separation,definition,Section 3: Queries,def:query-separation,lem:bipartite-spectrum,lem:bipartite-spectrum,lemma,Section 4: The General Adversary Bound,lem:bipartite-spectrum,DEFINITIONAL
E0262,ext:matrix_spectral,ext:matrix_spectral,external_obligation,external_obligation,,lem:bipartite-spectrum,lem:bipartite-spectrum,lemma,Section 4: The General Adversary Bound,lem:bipartite-spectrum,EXTERNAL_IMPORT
E0263,def:general-adversary-bound-weighted,def:general-adversary-bound-weighted,definition,Section 4: The General Adversary Bound,def:general-adversary-bound-weighted,lem:adversary-copy-invariance,lem:adversary-copy-invariance,lemma,Section 4: The General Adversary Bound,lem:adversary-copy-invariance,DEFINITIONAL
E0264,ext:matrix_spectral,ext:matrix_spectral,external_obligation,external_obligation,,lem:adversary-copy-invariance,lem:adversary-copy-invariance,lemma,Section 4: The General Adversary Bound,lem:adversary-copy-invariance,EXTERNAL_IMPORT
E0265,ext:matrix_norms,ext:matrix_norms,external_obligation,external_obligation,,lem:adversary-copy-invariance,lem:adversary-copy-invariance,lemma,Section 4: The General Adversary Bound,lem:adversary-copy-invariance,EXTERNAL_IMPORT
E0266,lem:adversary-copy-invariance,lem:adversary-copy-invariance,lemma,Section 4: The General Adversary Bound,lem:adversary-copy-invariance,prop:adversary-routing-duality,prop:adversary-routing-duality,proposition,Section 4: The General Adversary Bound,prop:adversary-routing-duality,PROOF_USES
E0267,def:routing-norm,def:routing-norm,definition,Section 4: The General Adversary Bound,def:routing-norm,prop:adversary-routing-duality,prop:adversary-routing-duality,proposition,Section 4: The General Adversary Bound,prop:adversary-routing-duality,DEFINITIONAL
E0268,def:general-adversary-bound-weighted,def:general-adversary-bound-weighted,definition,Section 4: The General Adversary Bound,def:general-adversary-bound-weighted,prop:adversary-routing-duality,prop:adversary-routing-duality,proposition,Section 4: The General Adversary Bound,prop:adversary-routing-duality,DEFINITIONAL
E0269,ext:norm_duality,ext:norm_duality,external_obligation,external_obligation,,prop:adversary-routing-duality,prop:adversary-routing-duality,proposition,Section 4: The General Adversary Bound,prop:adversary-routing-duality,EXTERNAL_IMPORT
E0270,def:reconstruction-set,def:reconstruction-set,definition,Section 5: Span Programs,def:reconstruction-set,prop:reconstruction-separation-acceptance,prop:reconstruction-separation-acceptance,proposition,Section 5: Span Programs,prop:reconstruction-separation-acceptance,DEFINITIONAL
E0271,def:separation-set,def:separation-set,definition,Section 5: Span Programs,def:separation-set,prop:reconstruction-separation-acceptance,prop:reconstruction-separation-acceptance,proposition,Section 5: Span Programs,prop:reconstruction-separation-acceptance,DEFINITIONAL
E0272,ext:linear_separation,ext:linear_separation,external_obligation,external_obligation,,prop:reconstruction-separation-acceptance,prop:reconstruction-separation-acceptance,proposition,Section 5: Span Programs,prop:reconstruction-separation-acceptance,EXTERNAL_IMPORT
E0273,def:span-program,def:span-program,definition,Section 5: Span Programs,def:span-program,prop:span-program-matroid-shadow,prop:span-program-matroid-shadow,proposition,Section 5: Span Programs,prop:span-program-matroid-shadow,DEFINITIONAL
E0274,def:vector-matroid,def:vector-matroid,definition,Section 2: Matroids,def:vector-matroid,prop:span-program-matroid-shadow,prop:span-program-matroid-shadow,proposition,Section 5: Span Programs,prop:span-program-matroid-shadow,DEFINITIONAL
E0275,ext:represented_closure,ext:represented_closure,external_obligation,external_obligation,,prop:span-program-matroid-shadow,prop:span-program-matroid-shadow,proposition,Section 5: Span Programs,prop:span-program-matroid-shadow,EXTERNAL_IMPORT
E0276,def:quantum-query-circuit,def:quantum-query-circuit,definition,Section 3: Queries,def:quantum-query-circuit,prop:quantum-separation-cover,prop:quantum-separation-cover,proposition,Section 6: Correlations and the General Adversary Bound,prop:quantum-separation-cover,DEFINITIONAL
E0277,def:query-set-separates-function,def:query-set-separates-function,definition,Section 3: Queries,def:query-set-separates-function,prop:quantum-separation-cover,prop:quantum-separation-cover,proposition,Section 6: Correlations and the General Adversary Bound,prop:quantum-separation-cover,DEFINITIONAL
E0278,def:phase-query,def:phase-query,definition,Section 3: Queries,def:phase-query,prop:quantum-separation-cover,prop:quantum-separation-cover,proposition,Section 6: Correlations and the General Adversary Bound,prop:quantum-separation-cover,DEFINITIONAL
E0279,ext:finite_probability,ext:finite_probability,external_obligation,external_obligation,,prop:quantum-separation-cover,prop:quantum-separation-cover,proposition,Section 6: Correlations and the General Adversary Bound,prop:quantum-separation-cover,EXTERNAL_IMPORT
E0280,def:positive-kernel,def:positive-kernel,definition,Section 6: Correlations and the General Adversary Bound,def:positive-kernel,lem:positive-kernel-entry-bound,lem:positive-kernel-entry-bound,lemma,Section 6: Correlations and the General Adversary Bound,lem:positive-kernel-entry-bound,DEFINITIONAL
E0281,ext:psd_gram,ext:psd_gram,external_obligation,external_obligation,,lem:positive-kernel-entry-bound,lem:positive-kernel-entry-bound,lemma,Section 6: Correlations and the General Adversary Bound,lem:positive-kernel-entry-bound,EXTERNAL_IMPORT
E0282,def:correlation-kernel,def:correlation-kernel,definition,Section 6: Correlations and the General Adversary Bound,def:correlation-kernel,prop:correlation-positive,prop:correlation-positive,proposition,Section 6: Correlations and the General Adversary Bound,prop:correlation-positive,DEFINITIONAL
E0283,def:positive-kernel,def:positive-kernel,definition,Section 6: Correlations and the General Adversary Bound,def:positive-kernel,prop:correlation-positive,prop:correlation-positive,proposition,Section 6: Correlations and the General Adversary Bound,prop:correlation-positive,DEFINITIONAL
E0284,ext:psd_gram,ext:psd_gram,external_obligation,external_obligation,,prop:correlation-positive,prop:correlation-positive,proposition,Section 6: Correlations and the General Adversary Bound,prop:correlation-positive,EXTERNAL_IMPORT
E0285,def:recombination,def:recombination,definition,Section 3: Queries,def:recombination,prop:recombination-preserves-correlation,prop:recombination-preserves-correlation,proposition,Section 6: Correlations and the General Adversary Bound,prop:recombination-preserves-correlation,DEFINITIONAL
E0286,ext:inner_product,ext:inner_product,external_obligation,external_obligation,,prop:recombination-preserves-correlation,prop:recombination-preserves-correlation,proposition,Section 6: Correlations and the General Adversary Bound,prop:recombination-preserves-correlation,EXTERNAL_IMPORT
E0287,def:phase-query,def:phase-query,definition,Section 3: Queries,def:phase-query,prop:query-correlation-support,prop:query-correlation-support,proposition,Section 6: Correlations and the General Adversary Bound,prop:query-correlation-support,DEFINITIONAL
E0288,def:correlation-kernel,def:correlation-kernel,definition,Section 6: Correlations and the General Adversary Bound,def:correlation-kernel,prop:query-correlation-support,prop:query-correlation-support,proposition,Section 6: Correlations and the General Adversary Bound,prop:query-correlation-support,DEFINITIONAL
E0289,def:query-separation,def:query-separation,definition,Section 3: Queries,def:query-separation,prop:query-correlation-support,prop:query-correlation-support,proposition,Section 6: Correlations and the General Adversary Bound,prop:query-correlation-support,DEFINITIONAL
E0290,def:correlation-transport,def:correlation-transport,definition,Section 6: Correlations and the General Adversary Bound,def:correlation-transport,prop:correlation-transport-feasible,prop:correlation-transport-feasible,proposition,Section 6: Correlations and the General Adversary Bound,prop:correlation-transport-feasible,DEFINITIONAL
E0291,def:query-set-separates-function,def:query-set-separates-function,definition,Section 3: Queries,def:query-set-separates-function,prop:correlation-transport-feasible,prop:correlation-transport-feasible,proposition,Section 6: Correlations and the General Adversary Bound,prop:correlation-transport-feasible,DEFINITIONAL
E0292,ext:psd_gram,ext:psd_gram,external_obligation,external_obligation,,prop:correlation-transport-feasible,prop:correlation-transport-feasible,proposition,Section 6: Correlations and the General Adversary Bound,prop:correlation-transport-feasible,EXTERNAL_IMPORT
E0293,lem:positive-kernel-entry-bound,lem:positive-kernel-entry-bound,lemma,Section 6: Correlations and the General Adversary Bound,lem:positive-kernel-entry-bound,prop:correlation-transport-attainment,prop:correlation-transport-attainment,proposition,Section 6: Correlations and the General Adversary Bound,prop:correlation-transport-attainment,PROOF_USES
E0294,prop:correlation-transport-feasible,prop:correlation-transport-feasible,proposition,Section 6: Correlations and the General Adversary Bound,prop:correlation-transport-feasible,prop:correlation-transport-attainment,prop:correlation-transport-attainment,proposition,Section 6: Correlations and the General Adversary Bound,prop:correlation-transport-attainment,PROOF_USES
E0295,def:correlation-transport-value,def:correlation-transport-value,definition,Section 6: Correlations and the General Adversary Bound,def:correlation-transport-value,prop:correlation-transport-attainment,prop:correlation-transport-attainment,proposition,Section 6: Correlations and the General Adversary Bound,prop:correlation-transport-attainment,DEFINITIONAL
E0296,ext:finite_compactness,ext:finite_compactness,external_obligation,external_obligation,,prop:correlation-transport-attainment,prop:correlation-transport-attainment,proposition,Section 6: Correlations and the General Adversary Bound,prop:correlation-transport-attainment,EXTERNAL_IMPORT
E0297,def:positive-kernel,def:positive-kernel,definition,Section 6: Correlations and the General Adversary Bound,def:positive-kernel,lem:positive-kernel-self-duality,lem:positive-kernel-self-duality,lemma,Section 6: Correlations and the General Adversary Bound,lem:positive-kernel-self-duality,DEFINITIONAL
E0298,ext:psd_gram,ext:psd_gram,external_obligation,external_obligation,,lem:positive-kernel-self-duality,lem:positive-kernel-self-duality,lemma,Section 6: Correlations and the General Adversary Bound,lem:positive-kernel-self-duality,EXTERNAL_IMPORT
E0299,prop:correlation-transport-feasible,prop:correlation-transport-feasible,proposition,Section 6: Correlations and the General Adversary Bound,prop:correlation-transport-feasible,prop:correlation-transport-dual,prop:correlation-transport-dual,proposition,Section 6: Correlations and the General Adversary Bound,prop:correlation-transport-dual,PROOF_USES
E0300,lem:positive-kernel-self-duality,lem:positive-kernel-self-duality,lemma,Section 6: Correlations and the General Adversary Bound,lem:positive-kernel-self-duality,prop:correlation-transport-dual,prop:correlation-transport-dual,proposition,Section 6: Correlations and the General Adversary Bound,prop:correlation-transport-dual,PROOF_USES
E0301,def:correlation-transport-lagrangian,def:correlation-transport-lagrangian,definition,Section 6: Correlations and the General Adversary Bound,def:correlation-transport-lagrangian,prop:correlation-transport-dual,prop:correlation-transport-dual,proposition,Section 6: Correlations and the General Adversary Bound,prop:correlation-transport-dual,DEFINITIONAL
E0302,def:correlation-transport-value,def:correlation-transport-value,definition,Section 6: Correlations and the General Adversary Bound,def:correlation-transport-value,prop:correlation-transport-dual,prop:correlation-transport-dual,proposition,Section 6: Correlations and the General Adversary Bound,prop:correlation-transport-dual,DEFINITIONAL
E0303,ext:slater,ext:slater,external_obligation,external_obligation,,prop:correlation-transport-dual,prop:correlation-transport-dual,proposition,Section 6: Correlations and the General Adversary Bound,prop:correlation-transport-dual,EXTERNAL_IMPORT
E0304,prop:adversary-attainment,prop:adversary-attainment,proposition,Section 4: The General Adversary Bound,prop:adversary-attainment,thm:correlation-transport-adversary,thm:correlation-transport-adversary,theorem,Section 6: Correlations and the General Adversary Bound,thm:correlation-transport-adversary,PROOF_USES
E0305,lem:bipartite-spectrum,lem:bipartite-spectrum,lemma,Section 4: The General Adversary Bound,lem:bipartite-spectrum,thm:correlation-transport-adversary,thm:correlation-transport-adversary,theorem,Section 6: Correlations and the General Adversary Bound,thm:correlation-transport-adversary,PROOF_USES
E0306,lem:positive-kernel-entry-bound,lem:positive-kernel-entry-bound,lemma,Section 6: Correlations and the General Adversary Bound,lem:positive-kernel-entry-bound,thm:correlation-transport-adversary,thm:correlation-transport-adversary,theorem,Section 6: Correlations and the General Adversary Bound,thm:correlation-transport-adversary,PROOF_USES
E0307,prop:correlation-transport-dual,prop:correlation-transport-dual,proposition,Section 6: Correlations and the General Adversary Bound,prop:correlation-transport-dual,thm:correlation-transport-adversary,thm:correlation-transport-adversary,theorem,Section 6: Correlations and the General Adversary Bound,thm:correlation-transport-adversary,PROOF_USES
E0308,def:correlation-transport-value,def:correlation-transport-value,definition,Section 6: Correlations and the General Adversary Bound,def:correlation-transport-value,thm:correlation-transport-adversary,thm:correlation-transport-adversary,theorem,Section 6: Correlations and the General Adversary Bound,thm:correlation-transport-adversary,DEFINITIONAL
E0309,def:general-adversary-bound-weighted,def:general-adversary-bound-weighted,definition,Section 4: The General Adversary Bound,def:general-adversary-bound-weighted,thm:correlation-transport-adversary,thm:correlation-transport-adversary,theorem,Section 6: Correlations and the General Adversary Bound,thm:correlation-transport-adversary,DEFINITIONAL
E0310,ext:matrix_spectral,ext:matrix_spectral,external_obligation,external_obligation,,thm:correlation-transport-adversary,thm:correlation-transport-adversary,theorem,Section 6: Correlations and the General Adversary Bound,thm:correlation-transport-adversary,EXTERNAL_IMPORT
E0311,def:query-closure,def:query-closure,definition,Section 7: Matroidal Query Models,def:query-closure,prop:query-closure-operator,prop:query-closure-operator,proposition,Section 7: Matroidal Query Models,prop:query-closure-operator,DEFINITIONAL
E0312,def:common-refinement,def:common-refinement,definition,Section 3: Queries,def:common-refinement,prop:query-closure-operator,prop:query-closure-operator,proposition,Section 7: Matroidal Query Models,prop:query-closure-operator,DEFINITIONAL
E0313,ext:partition_lattice,ext:partition_lattice,external_obligation,external_obligation,,prop:query-closure-operator,prop:query-closure-operator,proposition,Section 7: Matroidal Query Models,prop:query-closure-operator,EXTERNAL_IMPORT
E0314,prop:target-extension-criterion,prop:target-extension-criterion,proposition,Section 2: Matroids,prop:target-extension-criterion,thm:target-modular-cut,thm:target-modular-cut,theorem,Section 7: Matroidal Query Models,thm:target-modular-cut,PROOF_USES
E0315,prop:query-closure-operator,prop:query-closure-operator,proposition,Section 7: Matroidal Query Models,prop:query-closure-operator,thm:target-modular-cut,thm:target-modular-cut,theorem,Section 7: Matroidal Query Models,thm:target-modular-cut,SEMANTIC_USES
E0316,def:matroidal-query-system,def:matroidal-query-system,definition,Section 7: Matroidal Query Models,def:matroidal-query-system,thm:target-modular-cut,thm:target-modular-cut,theorem,Section 7: Matroidal Query Models,thm:target-modular-cut,DEFINITIONAL
E0317,def:target-query-matroid,def:target-query-matroid,definition,Section 7: Matroidal Query Models,def:target-query-matroid,thm:target-modular-cut,thm:target-modular-cut,theorem,Section 7: Matroidal Query Models,thm:target-modular-cut,DEFINITIONAL
E0318,prop:closure-circuit,prop:closure-circuit,proposition,Section 2: Matroids,prop:closure-circuit,prop:minimal-query-circuits,prop:minimal-query-circuits,proposition,Section 7: Matroidal Query Models,prop:minimal-query-circuits,SPECIALIZES
E0319,def:target-query-matroid,def:target-query-matroid,definition,Section 7: Matroidal Query Models,def:target-query-matroid,prop:minimal-query-circuits,prop:minimal-query-circuits,proposition,Section 7: Matroidal Query Models,prop:minimal-query-circuits,DEFINITIONAL
E0320,def:query-closure,def:query-closure,definition,Section 7: Matroidal Query Models,def:query-closure,prop:coordinate-query-matroid,prop:coordinate-query-matroid,proposition,Section 7: Matroidal Query Models,prop:coordinate-query-matroid,DEFINITIONAL
E0321,def:free-matroid,def:free-matroid,definition,Section 2: Matroids,def:free-matroid,prop:coordinate-query-matroid,prop:coordinate-query-matroid,proposition,Section 7: Matroidal Query Models,prop:coordinate-query-matroid,DEFINITIONAL
E0322,ext:finite_products,ext:finite_products,external_obligation,external_obligation,,prop:coordinate-query-matroid,prop:coordinate-query-matroid,proposition,Section 7: Matroidal Query Models,prop:coordinate-query-matroid,EXTERNAL_IMPORT
E0323,thm:target-modular-cut,thm:target-modular-cut,theorem,Section 7: Matroidal Query Models,thm:target-modular-cut,prop:coordinate-target-matroid,prop:coordinate-target-matroid,proposition,Section 7: Matroidal Query Models,prop:coordinate-target-matroid,PROOF_USES
E0324,prop:coordinate-query-matroid,prop:coordinate-query-matroid,proposition,Section 7: Matroidal Query Models,prop:coordinate-query-matroid,prop:coordinate-target-matroid,prop:coordinate-target-matroid,proposition,Section 7: Matroidal Query Models,prop:coordinate-target-matroid,SEMANTIC_USES
E0325,def:target-query-matroid,def:target-query-matroid,definition,Section 7: Matroidal Query Models,def:target-query-matroid,prop:coordinate-target-matroid,prop:coordinate-target-matroid,proposition,Section 7: Matroidal Query Models,prop:coordinate-target-matroid,DEFINITIONAL
E0326,ext:finite_products,ext:finite_products,external_obligation,external_obligation,,prop:coordinate-target-matroid,prop:coordinate-target-matroid,proposition,Section 7: Matroidal Query Models,prop:coordinate-target-matroid,EXTERNAL_IMPORT
E0327,prop:coordinate-target-matroid,prop:coordinate-target-matroid,proposition,Section 7: Matroidal Query Models,prop:coordinate-target-matroid,prop:boolean-coordinate-representation,prop:boolean-coordinate-representation,proposition,Section 7: Matroidal Query Models,prop:boolean-coordinate-representation,PROOF_USES
E0328,def:vector-matroid,def:vector-matroid,definition,Section 2: Matroids,def:vector-matroid,prop:boolean-coordinate-representation,prop:boolean-coordinate-representation,proposition,Section 7: Matroidal Query Models,prop:boolean-coordinate-representation,DEFINITIONAL
E0329,ext:linear_basis,ext:linear_basis,external_obligation,external_obligation,,prop:boolean-coordinate-representation,prop:boolean-coordinate-representation,proposition,Section 7: Matroidal Query Models,prop:boolean-coordinate-representation,EXTERNAL_IMPORT
E0330,def:target-query-matroid,def:target-query-matroid,definition,Section 7: Matroidal Query Models,def:target-query-matroid,prop:query-separation-cover,prop:query-separation-cover,proposition,Section 7: Matroidal Query Models,prop:query-separation-cover,DEFINITIONAL
E0331,def:query-set-separates-function,def:query-set-separates-function,definition,Section 3: Queries,def:query-set-separates-function,prop:query-separation-cover,prop:query-separation-cover,proposition,Section 7: Matroidal Query Models,prop:query-separation-cover,DEFINITIONAL
E0332,def:common-refinement,def:common-refinement,definition,Section 3: Queries,def:common-refinement,prop:query-separation-cover,prop:query-separation-cover,proposition,Section 7: Matroidal Query Models,prop:query-separation-cover,DEFINITIONAL
E0333,ext:partition_lattice,ext:partition_lattice,external_obligation,external_obligation,,prop:query-separation-cover,prop:query-separation-cover,proposition,Section 7: Matroidal Query Models,prop:query-separation-cover,EXTERNAL_IMPORT
E0334,prop:query-closure-operator,prop:query-closure-operator,proposition,Section 7: Matroidal Query Models,prop:query-closure-operator,prop:agreement-set-flat,prop:agreement-set-flat,proposition,Section 8: Agreement Flats in the General Adversary Bound,prop:agreement-set-flat,SEMANTIC_USES
E0335,prop:query-separation-cover,prop:query-separation-cover,proposition,Section 7: Matroidal Query Models,prop:query-separation-cover,prop:agreement-set-flat,prop:agreement-set-flat,proposition,Section 8: Agreement Flats in the General Adversary Bound,prop:agreement-set-flat,SEMANTIC_USES
E0336,def:f-separation-matroid,def:f-separation-matroid,definition,Section 7: Matroidal Query Models,def:f-separation-matroid,prop:agreement-set-flat,prop:agreement-set-flat,proposition,Section 8: Agreement Flats in the General Adversary Bound,prop:agreement-set-flat,DEFINITIONAL
E0337,def:hyperplane-cocircuit,def:hyperplane-cocircuit,definition,Section 2: Matroids,def:hyperplane-cocircuit,prop:agreement-set-flat,prop:agreement-set-flat,proposition,Section 8: Agreement Flats in the General Adversary Bound,prop:agreement-set-flat,DEFINITIONAL
E0338,ext:matroid_basic,ext:matroid_basic,external_obligation,external_obligation,,prop:agreement-set-flat,prop:agreement-set-flat,proposition,Section 8: Agreement Flats in the General Adversary Bound,prop:agreement-set-flat,EXTERNAL_IMPORT
E0339,lem:bipartite-spectrum,lem:bipartite-spectrum,lemma,Section 4: The General Adversary Bound,lem:bipartite-spectrum,thm:flat-adversary-decomposition,thm:flat-adversary-decomposition,theorem,Section 8: Agreement Flats in the General Adversary Bound,thm:flat-adversary-decomposition,SEMANTIC_USES
E0340,prop:agreement-set-flat,prop:agreement-set-flat,proposition,Section 8: Agreement Flats in the General Adversary Bound,prop:agreement-set-flat,thm:flat-adversary-decomposition,thm:flat-adversary-decomposition,theorem,Section 8: Agreement Flats in the General Adversary Bound,thm:flat-adversary-decomposition,SEMANTIC_USES
E0341,def:general-adversary-bound-weighted,def:general-adversary-bound-weighted,definition,Section 4: The General Adversary Bound,def:general-adversary-bound-weighted,thm:flat-adversary-decomposition,thm:flat-adversary-decomposition,theorem,Section 8: Agreement Flats in the General Adversary Bound,thm:flat-adversary-decomposition,DEFINITIONAL
E0342,interface:agreement_fibers,interface:agreement_fibers,interface,definition_interface,,thm:flat-adversary-decomposition,thm:flat-adversary-decomposition,theorem,Section 8: Agreement Flats in the General Adversary Bound,thm:flat-adversary-decomposition,SEMANTIC_USES
E0343,prop:adversary-routing-duality,prop:adversary-routing-duality,proposition,Section 4: The General Adversary Bound,prop:adversary-routing-duality,prop:scalar-flat-routing-certificate,prop:scalar-flat-routing-certificate,proposition,Section 8: Agreement Flats in the General Adversary Bound,prop:scalar-flat-routing-certificate,SEMANTIC_USES
E0344,prop:agreement-set-flat,prop:agreement-set-flat,proposition,Section 8: Agreement Flats in the General Adversary Bound,prop:agreement-set-flat,prop:scalar-flat-routing-certificate,prop:scalar-flat-routing-certificate,proposition,Section 8: Agreement Flats in the General Adversary Bound,prop:scalar-flat-routing-certificate,SEMANTIC_USES
E0345,interface:agreement_fibers,interface:agreement_fibers,interface,definition_interface,,prop:scalar-flat-routing-certificate,prop:scalar-flat-routing-certificate,proposition,Section 8: Agreement Flats in the General Adversary Bound,prop:scalar-flat-routing-certificate,SEMANTIC_USES
E0346,def:routing-norm,def:routing-norm,definition,Section 4: The General Adversary Bound,def:routing-norm,prop:scalar-flat-routing-certificate,prop:scalar-flat-routing-certificate,proposition,Section 8: Agreement Flats in the General Adversary Bound,prop:scalar-flat-routing-certificate,DEFINITIONAL
E0347,thm:flat-adversary-decomposition,thm:flat-adversary-decomposition,theorem,Section 8: Agreement Flats in the General Adversary Bound,thm:flat-adversary-decomposition,prop:routing-potential-optimality,prop:routing-potential-optimality,proposition,Section 8: Agreement Flats in the General Adversary Bound,prop:routing-potential-optimality,PROOF_USES
E0348,prop:agreement-set-flat,prop:agreement-set-flat,proposition,Section 8: Agreement Flats in the General Adversary Bound,prop:agreement-set-flat,prop:mobius-source-potential,prop:mobius-source-potential,proposition,Section 8: Agreement Flats in the General Adversary Bound,prop:mobius-source-potential,SEMANTIC_USES
E0349,interface:agreement_fibers,interface:agreement_fibers,interface,definition_interface,,prop:mobius-source-potential,prop:mobius-source-potential,proposition,Section 8: Agreement Flats in the General Adversary Bound,prop:mobius-source-potential,SEMANTIC_USES
E0350,ext:mobius,ext:mobius,external_obligation,external_obligation,,prop:mobius-source-potential,prop:mobius-source-potential,proposition,Section 8: Agreement Flats in the General Adversary Bound,prop:mobius-source-potential,EXTERNAL_IMPORT
E0351,ext:partition_pinching,ext:partition_pinching,external_obligation,external_obligation,,prop:mobius-source-potential,prop:mobius-source-potential,proposition,Section 8: Agreement Flats in the General Adversary Bound,prop:mobius-source-potential,EXTERNAL_IMPORT
E0352,prop:agreement-set-flat,prop:agreement-set-flat,proposition,Section 8: Agreement Flats in the General Adversary Bound,prop:agreement-set-flat,thm:singleton-fiber-scalarization,thm:singleton-fiber-scalarization,theorem,Section 8: Agreement Flats in the General Adversary Bound,thm:singleton-fiber-scalarization,PROOF_USES
E0353,thm:flat-adversary-decomposition,thm:flat-adversary-decomposition,theorem,Section 8: Agreement Flats in the General Adversary Bound,thm:flat-adversary-decomposition,thm:singleton-fiber-scalarization,thm:singleton-fiber-scalarization,theorem,Section 8: Agreement Flats in the General Adversary Bound,thm:singleton-fiber-scalarization,PROOF_USES
E0354,ext:lp_duality,ext:lp_duality,external_obligation,external_obligation,,thm:singleton-fiber-scalarization,thm:singleton-fiber-scalarization,theorem,Section 8: Agreement Flats in the General Adversary Bound,thm:singleton-fiber-scalarization,EXTERNAL_IMPORT
E0355,ext:matrix_norms,ext:matrix_norms,external_obligation,external_obligation,,thm:singleton-fiber-scalarization,thm:singleton-fiber-scalarization,theorem,Section 8: Agreement Flats in the General Adversary Bound,thm:singleton-fiber-scalarization,EXTERNAL_IMPORT
E0356,prop:span-program-matroid-shadow,prop:span-program-matroid-shadow,proposition,Section 5: Span Programs,prop:span-program-matroid-shadow,prop:matroid-program-to-linear-span-program,prop:matroid-program-to-linear-span-program,proposition,Section 9: Response-Labeled Matroid Span Programs,prop:matroid-program-to-linear-span-program,SPECIALIZES
E0357,def:f-matroid-span-program,def:f-matroid-span-program,definition,Section 9: Response-Labeled Matroid Span Programs,def:f-matroid-span-program,prop:matroid-program-to-linear-span-program,prop:matroid-program-to-linear-span-program,proposition,Section 9: Response-Labeled Matroid Span Programs,prop:matroid-program-to-linear-span-program,DEFINITIONAL
E0358,def:response-labeled-span-program,def:response-labeled-span-program,definition,Section 9: Response-Labeled Matroid Span Programs,def:response-labeled-span-program,prop:matroid-program-to-linear-span-program,prop:matroid-program-to-linear-span-program,proposition,Section 9: Response-Labeled Matroid Span Programs,prop:matroid-program-to-linear-span-program,DEFINITIONAL
E0359,def:representable-matroid-span-program-class,def:representable-matroid-span-program-class,definition,Section 9: Response-Labeled Matroid Span Programs,def:representable-matroid-span-program-class,prop:matroid-program-to-linear-span-program,prop:matroid-program-to-linear-span-program,proposition,Section 9: Response-Labeled Matroid Span Programs,prop:matroid-program-to-linear-span-program,DEFINITIONAL
E0360,prop:span-program-matroid-shadow,prop:span-program-matroid-shadow,proposition,Section 5: Span Programs,prop:span-program-matroid-shadow,prop:linear-span-program-to-matroid-program,prop:linear-span-program-to-matroid-program,proposition,Section 9: Response-Labeled Matroid Span Programs,prop:linear-span-program-to-matroid-program,SPECIALIZES
E0361,def:response-labeled-span-program,def:response-labeled-span-program,definition,Section 9: Response-Labeled Matroid Span Programs,def:response-labeled-span-program,prop:linear-span-program-to-matroid-program,prop:linear-span-program-to-matroid-program,proposition,Section 9: Response-Labeled Matroid Span Programs,prop:linear-span-program-to-matroid-program,DEFINITIONAL
E0362,def:representable-matroid-span-program-class,def:representable-matroid-span-program-class,definition,Section 9: Response-Labeled Matroid Span Programs,def:representable-matroid-span-program-class,prop:linear-span-program-to-matroid-program,prop:linear-span-program-to-matroid-program,proposition,Section 9: Response-Labeled Matroid Span Programs,prop:linear-span-program-to-matroid-program,DEFINITIONAL
E0363,prop:closure-circuit,prop:closure-circuit,proposition,Section 2: Matroids,prop:closure-circuit,prop:positive-support-circuits,prop:positive-support-circuits,proposition,Section 9: Response-Labeled Matroid Span Programs,prop:positive-support-circuits,PROOF_USES
E0364,def:positive-support,def:positive-support,definition,Section 9: Response-Labeled Matroid Span Programs,def:positive-support,prop:positive-support-circuits,prop:positive-support-circuits,proposition,Section 9: Response-Labeled Matroid Span Programs,prop:positive-support-circuits,DEFINITIONAL
E0365,prop:functional-zero-flat,prop:functional-zero-flat,proposition,Section 2: Matroids,prop:functional-zero-flat,prop:support-linear-characterization,prop:support-linear-characterization,proposition,Section 10: Representation Costs and Optimization,prop:support-linear-characterization,PROOF_USES
E0366,prop:reconstruction-separation-acceptance,prop:reconstruction-separation-acceptance,proposition,Section 5: Span Programs,prop:reconstruction-separation-acceptance,prop:support-linear-characterization,prop:support-linear-characterization,proposition,Section 10: Representation Costs and Optimization,prop:support-linear-characterization,SEMANTIC_USES
E0367,def:positive-support,def:positive-support,definition,Section 9: Response-Labeled Matroid Span Programs,def:positive-support,prop:support-linear-characterization,prop:support-linear-characterization,proposition,Section 10: Representation Costs and Optimization,prop:support-linear-characterization,DEFINITIONAL
E0368,def:negative-support,def:negative-support,definition,Section 9: Response-Labeled Matroid Span Programs,def:negative-support,prop:support-linear-characterization,prop:support-linear-characterization,proposition,Section 10: Representation Costs and Optimization,prop:support-linear-characterization,DEFINITIONAL
E0369,ext:matroid_basic,ext:matroid_basic,external_obligation,external_obligation,,prop:support-linear-characterization,prop:support-linear-characterization,proposition,Section 10: Representation Costs and Optimization,prop:support-linear-characterization,EXTERNAL_IMPORT
E0370,ext:linear_separation,ext:linear_separation,external_obligation,external_obligation,,prop:support-linear-characterization,prop:support-linear-characterization,proposition,Section 10: Representation Costs and Optimization,prop:support-linear-characterization,EXTERNAL_IMPORT
E0371,prop:reconstruction-separation-acceptance,prop:reconstruction-separation-acceptance,proposition,Section 5: Span Programs,prop:reconstruction-separation-acceptance,prop:representation-energy-attainment,prop:representation-energy-attainment,proposition,Section 10: Representation Costs and Optimization,prop:representation-energy-attainment,SEMANTIC_USES
E0372,def:positive-reconstruction-energy,def:positive-reconstruction-energy,definition,Section 10: Representation Costs and Optimization,def:positive-reconstruction-energy,prop:representation-energy-attainment,prop:representation-energy-attainment,proposition,Section 10: Representation Costs and Optimization,prop:representation-energy-attainment,DEFINITIONAL
E0373,def:negative-separation-energy,def:negative-separation-energy,definition,Section 10: Representation Costs and Optimization,def:negative-separation-energy,prop:representation-energy-attainment,prop:representation-energy-attainment,proposition,Section 10: Representation Costs and Optimization,prop:representation-energy-attainment,DEFINITIONAL
E0374,ext:affine_minimization,ext:affine_minimization,external_obligation,external_obligation,,prop:representation-energy-attainment,prop:representation-energy-attainment,proposition,Section 10: Representation Costs and Optimization,prop:representation-energy-attainment,EXTERNAL_IMPORT
E0375,def:positive-reconstruction-energy,def:positive-reconstruction-energy,definition,Section 10: Representation Costs and Optimization,def:positive-reconstruction-energy,prop:representation-scaling,prop:representation-scaling,proposition,Section 10: Representation Costs and Optimization,prop:representation-scaling,DEFINITIONAL
E0376,def:negative-separation-energy,def:negative-separation-energy,definition,Section 10: Representation Costs and Optimization,def:negative-separation-energy,prop:representation-scaling,prop:representation-scaling,proposition,Section 10: Representation Costs and Optimization,prop:representation-scaling,DEFINITIONAL
E0377,interface:worst_energies,interface:worst_energies,interface,definition_interface,,prop:representation-scaling,prop:representation-scaling,proposition,Section 10: Representation Costs and Optimization,prop:representation-scaling,SEMANTIC_USES
E0378,ext:real_order,ext:real_order,external_obligation,external_obligation,,prop:representation-scaling,prop:representation-scaling,proposition,Section 10: Representation Costs and Optimization,prop:representation-scaling,EXTERNAL_IMPORT
E0379,interface:worst_energies,interface:worst_energies,interface,definition_interface,,prop:representation-balance,prop:representation-balance,proposition,Section 10: Representation Costs and Optimization,prop:representation-balance,SEMANTIC_USES
E0380,ext:scalar_balance,ext:scalar_balance,external_obligation,external_obligation,,prop:representation-balance,prop:representation-balance,proposition,Section 10: Representation Costs and Optimization,prop:representation-balance,EXTERNAL_IMPORT
E0381,def:representation-cost,def:representation-cost,definition,Section 10: Representation Costs and Optimization,def:representation-cost,prop:representation-coordinate-invariance,prop:representation-coordinate-invariance,proposition,Section 10: Representation Costs and Optimization,prop:representation-coordinate-invariance,DEFINITIONAL
E0382,def:positive-reconstruction-energy,def:positive-reconstruction-energy,definition,Section 10: Representation Costs and Optimization,def:positive-reconstruction-energy,prop:representation-coordinate-invariance,prop:representation-coordinate-invariance,proposition,Section 10: Representation Costs and Optimization,prop:representation-coordinate-invariance,DEFINITIONAL
E0383,def:negative-separation-energy,def:negative-separation-energy,definition,Section 10: Representation Costs and Optimization,def:negative-separation-energy,prop:representation-coordinate-invariance,prop:representation-coordinate-invariance,proposition,Section 10: Representation Costs and Optimization,prop:representation-coordinate-invariance,DEFINITIONAL
E0384,ext:linear_equiv,ext:linear_equiv,external_obligation,external_obligation,,prop:representation-coordinate-invariance,prop:representation-coordinate-invariance,proposition,Section 10: Representation Costs and Optimization,prop:representation-coordinate-invariance,EXTERNAL_IMPORT
E0385,prop:correlation-transport-attainment,prop:correlation-transport-attainment,proposition,Section 6: Correlations and the General Adversary Bound,prop:correlation-transport-attainment,thm:multiresponse-msp-comparison,thm:multiresponse-msp-comparison,theorem,Section 10: Representation Costs and Optimization,thm:multiresponse-msp-comparison,SEMANTIC_USES
E0386,thm:correlation-transport-adversary,thm:correlation-transport-adversary,theorem,Section 6: Correlations and the General Adversary Bound,thm:correlation-transport-adversary,thm:multiresponse-msp-comparison,thm:multiresponse-msp-comparison,theorem,Section 10: Representation Costs and Optimization,thm:multiresponse-msp-comparison,SEMANTIC_USES
E0387,thm:adversary-lower-bounds-msp,thm:adversary-lower-bounds-msp,theorem,Section E: Matroidal Form of the Span-Program/Adversary Correspondence,thm:adversary-lower-bounds-msp,thm:multiresponse-msp-comparison,thm:multiresponse-msp-comparison,theorem,Section 10: Representation Costs and Optimization,thm:multiresponse-msp-comparison,PROOF_USES
E0388,prop:factorization-transport-equivalence,prop:factorization-transport-equivalence,proposition,Section E: Matroidal Form of the Span-Program/Adversary Correspondence,prop:factorization-transport-equivalence,thm:multiresponse-msp-comparison,thm:multiresponse-msp-comparison,theorem,Section 10: Representation Costs and Optimization,thm:multiresponse-msp-comparison,SEMANTIC_USES
E0389,thm:quotient-normal-form-correct,thm:quotient-normal-form-correct,theorem,Section E: Matroidal Form of the Span-Program/Adversary Correspondence,thm:quotient-normal-form-correct,thm:multiresponse-msp-comparison,thm:multiresponse-msp-comparison,theorem,Section 10: Representation Costs and Optimization,thm:multiresponse-msp-comparison,SEMANTIC_USES
E0390,prop:quotient-normal-form-cost,prop:quotient-normal-form-cost,proposition,Section E: Matroidal Form of the Span-Program/Adversary Correspondence,prop:quotient-normal-form-cost,thm:multiresponse-msp-comparison,thm:multiresponse-msp-comparison,theorem,Section 10: Representation Costs and Optimization,thm:multiresponse-msp-comparison,PROOF_USES
E0391,def:matroid-span-program-cost,def:matroid-span-program-cost,definition,Section 10: Representation Costs and Optimization,def:matroid-span-program-cost,thm:multiresponse-msp-comparison,thm:multiresponse-msp-comparison,theorem,Section 10: Representation Costs and Optimization,thm:multiresponse-msp-comparison,DEFINITIONAL
E0392,interface:response_multiplicity,interface:response_multiplicity,interface,definition_interface,,thm:multiresponse-msp-comparison,thm:multiresponse-msp-comparison,theorem,Section 10: Representation Costs and Optimization,thm:multiresponse-msp-comparison,SEMANTIC_USES
E0393,prop:regular-basic-properties,prop:regular-basic-properties,proposition,Section 2: Matroids,prop:regular-basic-properties,prop:regular-representations-are-weights,prop:regular-representations-are-weights,proposition,Section 11: Regular Program Matroids: Representation Optimization and Certification,prop:regular-representations-are-weights,PROOF_USES
E0394,prop:representation-coordinate-invariance,prop:representation-coordinate-invariance,proposition,Section 10: Representation Costs and Optimization,prop:representation-coordinate-invariance,prop:regular-representations-are-weights,prop:regular-representations-are-weights,proposition,Section 11: Regular Program Matroids: Representation Optimization and Certification,prop:regular-representations-are-weights,PROOF_USES
E0395,def:linear-cost,def:linear-cost,definition,Section 10: Representation Costs and Optimization,def:linear-cost,prop:regular-representations-are-weights,prop:regular-representations-are-weights,proposition,Section 11: Regular Program Matroids: Representation Optimization and Certification,prop:regular-representations-are-weights,DEFINITIONAL
E0396,interface:weighted_representation,interface:weighted_representation,interface,definition_interface,,prop:regular-representations-are-weights,prop:regular-representations-are-weights,proposition,Section 11: Regular Program Matroids: Representation Optimization and Certification,prop:regular-representations-are-weights,SEMANTIC_USES
E0397,ext:real_order,ext:real_order,external_obligation,external_obligation,,prop:regular-representations-are-weights,prop:regular-representations-are-weights,proposition,Section 11: Regular Program Matroids: Representation Optimization and Certification,prop:regular-representations-are-weights,EXTERNAL_IMPORT
E0398,prop:positive-support-circuits,prop:positive-support-circuits,proposition,Section 9: Response-Labeled Matroid Span Programs,prop:positive-support-circuits,thm:regular-support-bound,thm:regular-support-bound,theorem,Section 11: Regular Program Matroids: Representation Optimization and Certification,thm:regular-support-bound,SEMANTIC_USES
E0399,prop:support-linear-characterization,prop:support-linear-characterization,proposition,Section 10: Representation Costs and Optimization,prop:support-linear-characterization,thm:regular-support-bound,thm:regular-support-bound,theorem,Section 11: Regular Program Matroids: Representation Optimization and Certification,thm:regular-support-bound,SEMANTIC_USES
E0400,def:regular-matroid-span-program,def:regular-matroid-span-program,definition,Section 11: Regular Program Matroids: Representation Optimization and Certification,def:regular-matroid-span-program,thm:regular-support-bound,thm:regular-support-bound,theorem,Section 11: Regular Program Matroids: Representation Optimization and Certification,thm:regular-support-bound,DEFINITIONAL
E0401,def:matroid-span-support-profile,def:matroid-span-support-profile,definition,Section 9: Response-Labeled Matroid Span Programs,def:matroid-span-support-profile,thm:regular-support-bound,thm:regular-support-bound,theorem,Section 11: Regular Program Matroids: Representation Optimization and Certification,thm:regular-support-bound,DEFINITIONAL
E0402,def:linear-cost,def:linear-cost,definition,Section 10: Representation Costs and Optimization,def:linear-cost,thm:regular-support-bound,thm:regular-support-bound,theorem,Section 11: Regular Program Matroids: Representation Optimization and Certification,thm:regular-support-bound,DEFINITIONAL
E0403,ext:tu_signed_circuits,ext:tu_signed_circuits,external_obligation,external_obligation,,thm:regular-support-bound,thm:regular-support-bound,theorem,Section 11: Regular Program Matroids: Representation Optimization and Certification,thm:regular-support-bound,EXTERNAL_IMPORT
E0404,interface:signed_regular_witnesses,interface:signed_regular_witnesses,interface,primitive_lemma,,thm:regular-support-bound,thm:regular-support-bound,theorem,Section 11: Regular Program Matroids: Representation Optimization and Certification,thm:regular-support-bound,SEMANTIC_USES
E0405,interface:signed_regular_witnesses,interface:signed_regular_witnesses,interface,primitive_lemma,,cor:regular-typed-support-bound,cor:regular-typed-support-bound,corollary,Section 11: Regular Program Matroids: Representation Optimization and Certification,cor:regular-typed-support-bound,SEMANTIC_USES
E0406,def:linear-cost,def:linear-cost,definition,Section 10: Representation Costs and Optimization,def:linear-cost,cor:regular-typed-support-bound,cor:regular-typed-support-bound,corollary,Section 11: Regular Program Matroids: Representation Optimization and Certification,cor:regular-typed-support-bound,DEFINITIONAL
E0407,ext:scalar_balance,ext:scalar_balance,external_obligation,external_obligation,,cor:regular-typed-support-bound,cor:regular-typed-support-bound,corollary,Section 11: Regular Program Matroids: Representation Optimization and Certification,cor:regular-typed-support-bound,EXTERNAL_IMPORT
E0408,prop:represented-minors,prop:represented-minors,proposition,Section 2: Matroids,prop:represented-minors,thm:regular-matroid-energy,thm:regular-matroid-energy,theorem,Section 11: Regular Program Matroids: Representation Optimization and Certification,thm:regular-matroid-energy,SEMANTIC_USES
E0409,prop:representation-energy-attainment,prop:representation-energy-attainment,proposition,Section 10: Representation Costs and Optimization,prop:representation-energy-attainment,thm:regular-matroid-energy,thm:regular-matroid-energy,theorem,Section 11: Regular Program Matroids: Representation Optimization and Certification,thm:regular-matroid-energy,SEMANTIC_USES
E0410,interface:weighted_representation,interface:weighted_representation,interface,definition_interface,,thm:regular-matroid-energy,thm:regular-matroid-energy,theorem,Section 11: Regular Program Matroids: Representation Optimization and Certification,thm:regular-matroid-energy,SEMANTIC_USES
E0411,interface:input_minors,interface:input_minors,interface,definition_interface,,thm:regular-matroid-energy,thm:regular-matroid-energy,theorem,Section 11: Regular Program Matroids: Representation Optimization and Certification,thm:regular-matroid-energy,SEMANTIC_USES
E0412,interface:weighted_basis_sums,interface:weighted_basis_sums,interface,definition_interface,,thm:regular-matroid-energy,thm:regular-matroid-energy,theorem,Section 11: Regular Program Matroids: Representation Optimization and Certification,thm:regular-matroid-energy,SEMANTIC_USES
E0413,ext:tu_standard_form,ext:tu_standard_form,external_obligation,external_obligation,,thm:regular-matroid-energy,thm:regular-matroid-energy,theorem,Section 11: Regular Program Matroids: Representation Optimization and Certification,thm:regular-matroid-energy,EXTERNAL_IMPORT
E0414,ext:determinant_basis,ext:determinant_basis,external_obligation,external_obligation,,thm:regular-matroid-energy,thm:regular-matroid-energy,theorem,Section 11: Regular Program Matroids: Representation Optimization and Certification,thm:regular-matroid-energy,EXTERNAL_IMPORT
E0415,ext:quadratic_minimum,ext:quadratic_minimum,external_obligation,external_obligation,,thm:regular-matroid-energy,thm:regular-matroid-energy,theorem,Section 11: Regular Program Matroids: Representation Optimization and Certification,thm:regular-matroid-energy,EXTERNAL_IMPORT
E0416,prop:regular-representations-are-weights,prop:regular-representations-are-weights,proposition,Section 11: Regular Program Matroids: Representation Optimization and Certification,prop:regular-representations-are-weights,cor:regular-linear-cost,cor:regular-linear-cost,corollary,Section 11: Regular Program Matroids: Representation Optimization and Certification,cor:regular-linear-cost,PROOF_USES
E0417,thm:regular-matroid-energy,thm:regular-matroid-energy,theorem,Section 11: Regular Program Matroids: Representation Optimization and Certification,thm:regular-matroid-energy,cor:regular-linear-cost,cor:regular-linear-cost,corollary,Section 11: Regular Program Matroids: Representation Optimization and Certification,cor:regular-linear-cost,PROOF_USES
E0418,def:representation-cost,def:representation-cost,definition,Section 10: Representation Costs and Optimization,def:representation-cost,cor:regular-linear-cost,cor:regular-linear-cost,corollary,Section 11: Regular Program Matroids: Representation Optimization and Certification,cor:regular-linear-cost,DEFINITIONAL
E0419,def:linear-cost,def:linear-cost,definition,Section 10: Representation Costs and Optimization,def:linear-cost,cor:regular-linear-cost,cor:regular-linear-cost,corollary,Section 11: Regular Program Matroids: Representation Optimization and Certification,cor:regular-linear-cost,DEFINITIONAL
E0420,cor:regular-linear-cost,cor:regular-linear-cost,corollary,Section 11: Regular Program Matroids: Representation Optimization and Certification,cor:regular-linear-cost,prop:regular-optimality-certificate,prop:regular-optimality-certificate,proposition,Section 11: Regular Program Matroids: Representation Optimization and Certification,prop:regular-optimality-certificate,PROOF_USES
E0421,thm:adversary-lower-bounds-msp,thm:adversary-lower-bounds-msp,theorem,Section E: Matroidal Form of the Span-Program/Adversary Correspondence,thm:adversary-lower-bounds-msp,prop:regular-optimality-certificate,prop:regular-optimality-certificate,proposition,Section 11: Regular Program Matroids: Representation Optimization and Certification,prop:regular-optimality-certificate,PROOF_USES
E0422,def:matroid-span-program-cost,def:matroid-span-program-cost,definition,Section 10: Representation Costs and Optimization,def:matroid-span-program-cost,prop:regular-optimality-certificate,prop:regular-optimality-certificate,proposition,Section 11: Regular Program Matroids: Representation Optimization and Certification,prop:regular-optimality-certificate,DEFINITIONAL
E0423,def:regular-matroid-sums,def:regular-matroid-sums,definition,Section 2: Matroids,def:regular-matroid-sums,prop:seymour-one-sum,prop:seymour-one-sum,proposition,Section 12: Regular Program Costs under Seymour Decomposition,prop:seymour-one-sum,DEFINITIONAL
E0424,interface:weighted_basis_sums,interface:weighted_basis_sums,interface,definition_interface,,prop:seymour-one-sum,prop:seymour-one-sum,proposition,Section 12: Regular Program Costs under Seymour Decomposition,prop:seymour-one-sum,SEMANTIC_USES
E0425,ext:sum_bases,ext:sum_bases,external_obligation,external_obligation,,prop:seymour-one-sum,prop:seymour-one-sum,proposition,Section 12: Regular Program Costs under Seymour Decomposition,prop:seymour-one-sum,EXTERNAL_IMPORT
E0426,def:regular-matroid-sums,def:regular-matroid-sums,definition,Section 2: Matroids,def:regular-matroid-sums,thm:seymour-two-sum,thm:seymour-two-sum,theorem,Section 12: Regular Program Costs under Seymour Decomposition,thm:seymour-two-sum,DEFINITIONAL
E0427,interface:weighted_basis_sums,interface:weighted_basis_sums,interface,definition_interface,,thm:seymour-two-sum,thm:seymour-two-sum,theorem,Section 12: Regular Program Costs under Seymour Decomposition,thm:seymour-two-sum,SEMANTIC_USES
E0428,interface:two_sum_response,interface:two_sum_response,interface,definition_interface,,thm:seymour-two-sum,thm:seymour-two-sum,theorem,Section 12: Regular Program Costs under Seymour Decomposition,thm:seymour-two-sum,SEMANTIC_USES
E0429,ext:sum_bases,ext:sum_bases,external_obligation,external_obligation,,thm:seymour-two-sum,thm:seymour-two-sum,theorem,Section 12: Regular Program Costs under Seymour Decomposition,thm:seymour-two-sum,EXTERNAL_IMPORT
E0430,thm:regular-matroid-energy,thm:regular-matroid-energy,theorem,Section 11: Regular Program Matroids: Representation Optimization and Certification,thm:regular-matroid-energy,prop:seymour-two-sum-input-minors,prop:seymour-two-sum-input-minors,proposition,Section 12: Regular Program Costs under Seymour Decomposition,prop:seymour-two-sum-input-minors,PROOF_USES
E0431,interface:two_sum_response,interface:two_sum_response,interface,definition_interface,,prop:seymour-two-sum-input-minors,prop:seymour-two-sum-input-minors,proposition,Section 12: Regular Program Costs under Seymour Decomposition,prop:seymour-two-sum-input-minors,SEMANTIC_USES
E0432,interface:input_minors,interface:input_minors,interface,definition_interface,,prop:seymour-two-sum-input-minors,prop:seymour-two-sum-input-minors,proposition,Section 12: Regular Program Costs under Seymour Decomposition,prop:seymour-two-sum-input-minors,SEMANTIC_USES
E0433,ext:matroid_basic,ext:matroid_basic,external_obligation,external_obligation,,prop:seymour-two-sum-input-minors,prop:seymour-two-sum-input-minors,proposition,Section 12: Regular Program Costs under Seymour Decomposition,prop:seymour-two-sum-input-minors,EXTERNAL_IMPORT
E0434,def:regular-matroid-sums,def:regular-matroid-sums,definition,Section 2: Matroids,def:regular-matroid-sums,lem:seymour-three-sum-five,lem:seymour-three-sum-five,lemma,Section 12: Regular Program Costs under Seymour Decomposition,lem:seymour-three-sum-five,DEFINITIONAL
E0435,interface:triangle_signature,interface:triangle_signature,interface,definition_interface,,lem:seymour-three-sum-five,lem:seymour-three-sum-five,lemma,Section 12: Regular Program Costs under Seymour Decomposition,lem:seymour-three-sum-five,PROOF_USES
E0436,interface:weighted_basis_sums,interface:weighted_basis_sums,interface,definition_interface,,lem:seymour-three-sum-five,lem:seymour-three-sum-five,lemma,Section 12: Regular Program Costs under Seymour Decomposition,lem:seymour-three-sum-five,SEMANTIC_USES
E0437,ext:three_sum_binary,ext:three_sum_binary,external_obligation,external_obligation,,lem:seymour-three-sum-five,lem:seymour-three-sum-five,lemma,Section 12: Regular Program Costs under Seymour Decomposition,lem:seymour-three-sum-five,EXTERNAL_IMPORT
E0438,interface:triangle_signature,interface:triangle_signature,interface,definition_interface,,prop:regular-triangle-identity,prop:regular-triangle-identity,proposition,Section 12: Regular Program Costs under Seymour Decomposition,prop:regular-triangle-identity,PROOF_USES
E0439,ext:determinant_basis,ext:determinant_basis,external_obligation,external_obligation,,prop:regular-triangle-identity,prop:regular-triangle-identity,proposition,Section 12: Regular Program Costs under Seymour Decomposition,prop:regular-triangle-identity,EXTERNAL_IMPORT
E0440,ext:tu_signed_circuits,ext:tu_signed_circuits,external_obligation,external_obligation,,prop:regular-triangle-identity,prop:regular-triangle-identity,proposition,Section 12: Regular Program Costs under Seymour Decomposition,prop:regular-triangle-identity,EXTERNAL_IMPORT
E0441,ext:rank_two_determinant,ext:rank_two_determinant,external_obligation,external_obligation,,prop:regular-triangle-identity,prop:regular-triangle-identity,proposition,Section 12: Regular Program Costs under Seymour Decomposition,prop:regular-triangle-identity,EXTERNAL_IMPORT
E0442,lem:seymour-three-sum-five,lem:seymour-three-sum-five,lemma,Section 12: Regular Program Costs under Seymour Decomposition,lem:seymour-three-sum-five,thm:seymour-three-sum,thm:seymour-three-sum,theorem,Section 12: Regular Program Costs under Seymour Decomposition,thm:seymour-three-sum,PROOF_USES
E0443,prop:regular-triangle-identity,prop:regular-triangle-identity,proposition,Section 12: Regular Program Costs under Seymour Decomposition,prop:regular-triangle-identity,thm:seymour-three-sum,thm:seymour-three-sum,theorem,Section 12: Regular Program Costs under Seymour Decomposition,thm:seymour-three-sum,PROOF_USES
E0444,interface:k4_signature,interface:k4_signature,interface,primitive_lemma,,thm:seymour-three-sum,thm:seymour-three-sum,theorem,Section 12: Regular Program Costs under Seymour Decomposition,thm:seymour-three-sum,SEMANTIC_USES
E0445,thm:seymour-decomposition,thm:seymour-decomposition,theorem,Section 2: Matroids,thm:seymour-decomposition,thm:seymour-linear-cost,thm:seymour-linear-cost,theorem,Section 12: Regular Program Costs under Seymour Decomposition,thm:seymour-linear-cost,SEMANTIC_USES
E0446,cor:regular-linear-cost,cor:regular-linear-cost,corollary,Section 11: Regular Program Matroids: Representation Optimization and Certification,cor:regular-linear-cost,thm:seymour-linear-cost,thm:seymour-linear-cost,theorem,Section 12: Regular Program Costs under Seymour Decomposition,thm:seymour-linear-cost,PROOF_USES
E0447,prop:seymour-one-sum,prop:seymour-one-sum,proposition,Section 12: Regular Program Costs under Seymour Decomposition,prop:seymour-one-sum,thm:seymour-linear-cost,thm:seymour-linear-cost,theorem,Section 12: Regular Program Costs under Seymour Decomposition,thm:seymour-linear-cost,SEMANTIC_USES
E0448,thm:seymour-two-sum,thm:seymour-two-sum,theorem,Section 12: Regular Program Costs under Seymour Decomposition,thm:seymour-two-sum,thm:seymour-linear-cost,thm:seymour-linear-cost,theorem,Section 12: Regular Program Costs under Seymour Decomposition,thm:seymour-linear-cost,SEMANTIC_USES
E0449,thm:seymour-three-sum,thm:seymour-three-sum,theorem,Section 12: Regular Program Costs under Seymour Decomposition,thm:seymour-three-sum,thm:seymour-linear-cost,thm:seymour-linear-cost,theorem,Section 12: Regular Program Costs under Seymour Decomposition,thm:seymour-linear-cost,SEMANTIC_USES
E0450,interface:three_sum_zero_case,interface:three_sum_zero_case,interface,primitive_lemma,,thm:seymour-linear-cost,thm:seymour-linear-cost,theorem,Section 12: Regular Program Costs under Seymour Decomposition,thm:seymour-linear-cost,SEMANTIC_USES
E0451,interface:reduction_invariant,interface:reduction_invariant,interface,primitive_lemma,,thm:seymour-linear-cost,thm:seymour-linear-cost,theorem,Section 12: Regular Program Costs under Seymour Decomposition,thm:seymour-linear-cost,PROOF_USES
E0452,def:r10,def:r10,definition,Section 2: Matroids,def:r10,prop:r10-no-three-sum,prop:r10-no-three-sum,proposition,Section 13: The \\texorpdfstring{$R_{10}$}{R10} Summand,prop:r10-no-three-sum,DEFINITIONAL
E0453,def:seymour-decomposition,def:seymour-decomposition,definition,Section 2: Matroids,def:seymour-decomposition,prop:r10-no-three-sum,prop:r10-no-three-sum,proposition,Section 13: The \\texorpdfstring{$R_{10}$}{R10} Summand,prop:r10-no-three-sum,DEFINITIONAL
E0454,ext:r10_standard_minors,ext:r10_standard_minors,external_obligation,external_obligation,,prop:r10-no-three-sum,prop:r10-no-three-sum,proposition,Section 13: The \\texorpdfstring{$R_{10}$}{R10} Summand,prop:r10-no-three-sum,EXTERNAL_IMPORT
E0455,ext:graphic_basics,ext:graphic_basics,external_obligation,external_obligation,,prop:r10-no-three-sum,prop:r10-no-three-sum,proposition,Section 13: The \\texorpdfstring{$R_{10}$}{R10} Summand,prop:r10-no-three-sum,EXTERNAL_IMPORT
E0456,def:r10,def:r10,definition,Section 2: Matroids,def:r10,prop:r10-basis-polynomials,prop:r10-basis-polynomials,proposition,Section 13: The \\texorpdfstring{$R_{10}$}{R10} Summand,prop:r10-basis-polynomials,DEFINITIONAL
E0457,interface:two_sum_response,interface:two_sum_response,interface,definition_interface,,prop:r10-basis-polynomials,prop:r10-basis-polynomials,proposition,Section 13: The \\texorpdfstring{$R_{10}$}{R10} Summand,prop:r10-basis-polynomials,PROOF_USES
E0458,cert:atlas_bases,cert:atlas_bases,certificate_data,certificate_data,,prop:r10-basis-polynomials,prop:r10-basis-polynomials,proposition,Section 13: The \\texorpdfstring{$R_{10}$}{R10} Summand,prop:r10-basis-polynomials,CERTIFICATE_USES
E0459,def:r10,def:r10,definition,Section 2: Matroids,def:r10,prop:r10-symmetry,prop:r10-symmetry,proposition,Section 13: The \\texorpdfstring{$R_{10}$}{R10} Summand,prop:r10-symmetry,DEFINITIONAL
E0460,interface:two_sum_response,interface:two_sum_response,interface,definition_interface,,prop:r10-symmetry,prop:r10-symmetry,proposition,Section 13: The \\texorpdfstring{$R_{10}$}{R10} Summand,prop:r10-symmetry,SEMANTIC_USES
E0461,ext:finite_group_actions,ext:finite_group_actions,external_obligation,external_obligation,,prop:r10-symmetry,prop:r10-symmetry,proposition,Section 13: The \\texorpdfstring{$R_{10}$}{R10} Summand,prop:r10-symmetry,EXTERNAL_IMPORT
E0462,cert:atlas_symmetry,cert:atlas_symmetry,certificate_data,certificate_data,,prop:r10-symmetry,prop:r10-symmetry,proposition,Section 13: The \\texorpdfstring{$R_{10}$}{R10} Summand,prop:r10-symmetry,CERTIFICATE_USES
E0463,def:r10,def:r10,definition,Section 2: Matroids,def:r10,prop:r10-proper-minors,prop:r10-proper-minors,proposition,Section 13: The \\texorpdfstring{$R_{10}$}{R10} Summand,prop:r10-proper-minors,DEFINITIONAL
E0464,def:matroid-minors,def:matroid-minors,definition,Section 2: Matroids,def:matroid-minors,prop:r10-proper-minors,prop:r10-proper-minors,proposition,Section 13: The \\texorpdfstring{$R_{10}$}{R10} Summand,prop:r10-proper-minors,DEFINITIONAL
E0465,ext:r10_standard_minors,ext:r10_standard_minors,external_obligation,external_obligation,,prop:r10-proper-minors,prop:r10-proper-minors,proposition,Section 13: The \\texorpdfstring{$R_{10}$}{R10} Summand,prop:r10-proper-minors,EXTERNAL_IMPORT
E0466,ext:graphic_basics,ext:graphic_basics,external_obligation,external_obligation,,prop:r10-proper-minors,prop:r10-proper-minors,proposition,Section 13: The \\texorpdfstring{$R_{10}$}{R10} Summand,prop:r10-proper-minors,EXTERNAL_IMPORT
E0467,prop:r10-symmetry,prop:r10-symmetry,proposition,Section 13: The \\texorpdfstring{$R_{10}$}{R10} Summand,prop:r10-symmetry,prop:r10-subset-orbits,prop:r10-subset-orbits,proposition,Section 13: The \\texorpdfstring{$R_{10}$}{R10} Summand,prop:r10-subset-orbits,SEMANTIC_USES
E0468,ext:finite_group_actions,ext:finite_group_actions,external_obligation,external_obligation,,prop:r10-subset-orbits,prop:r10-subset-orbits,proposition,Section 13: The \\texorpdfstring{$R_{10}$}{R10} Summand,prop:r10-subset-orbits,EXTERNAL_IMPORT
E0469,cert:atlas_orbits,cert:atlas_orbits,certificate_data,certificate_data,,prop:r10-subset-orbits,prop:r10-subset-orbits,proposition,Section 13: The \\texorpdfstring{$R_{10}$}{R10} Summand,prop:r10-subset-orbits,CERTIFICATE_USES
E0470,thm:seymour-two-sum,thm:seymour-two-sum,theorem,Section 12: Regular Program Costs under Seymour Decomposition,thm:seymour-two-sum,thm:r10-fixed-weight-evaluation,thm:r10-fixed-weight-evaluation,theorem,Section 13: The \\texorpdfstring{$R_{10}$}{R10} Summand,thm:r10-fixed-weight-evaluation,PROOF_USES
E0471,prop:r10-no-three-sum,prop:r10-no-three-sum,proposition,Section 13: The \\texorpdfstring{$R_{10}$}{R10} Summand,prop:r10-no-three-sum,thm:r10-fixed-weight-evaluation,thm:r10-fixed-weight-evaluation,theorem,Section 13: The \\texorpdfstring{$R_{10}$}{R10} Summand,thm:r10-fixed-weight-evaluation,PROOF_USES
E0472,prop:r10-proper-minors,prop:r10-proper-minors,proposition,Section 13: The \\texorpdfstring{$R_{10}$}{R10} Summand,prop:r10-proper-minors,thm:r10-fixed-weight-evaluation,thm:r10-fixed-weight-evaluation,theorem,Section 13: The \\texorpdfstring{$R_{10}$}{R10} Summand,thm:r10-fixed-weight-evaluation,PROOF_USES
E0473,interface:reduced_ratio,interface:reduced_ratio,interface,definition_interface,,thm:r10-fixed-weight-evaluation,thm:r10-fixed-weight-evaluation,theorem,Section 13: The \\texorpdfstring{$R_{10}$}{R10} Summand,thm:r10-fixed-weight-evaluation,SEMANTIC_USES
E0474,prop:coordinate-target-matroid,prop:coordinate-target-matroid,proposition,Section 7: Matroidal Query Models,prop:coordinate-target-matroid,prop:grover-source-value,prop:grover-source-value,proposition,Section 14: Grover Search,prop:grover-source-value,SEMANTIC_USES
E0475,thm:flat-adversary-decomposition,thm:flat-adversary-decomposition,theorem,Section 8: Agreement Flats in the General Adversary Bound,thm:flat-adversary-decomposition,prop:grover-source-value,prop:grover-source-value,proposition,Section 14: Grover Search,prop:grover-source-value,PROOF_USES
E0476,interface:or_function,interface:or_function,interface,definition_interface,,prop:grover-source-value,prop:grover-source-value,proposition,Section 14: Grover Search,prop:grover-source-value,SEMANTIC_USES
E0477,ext:real_order,ext:real_order,external_obligation,external_obligation,,prop:grover-source-value,prop:grover-source-value,proposition,Section 14: Grover Search,prop:grover-source-value,EXTERNAL_IMPORT
E0478,prop:regular-representations-are-weights,prop:regular-representations-are-weights,proposition,Section 11: Regular Program Matroids: Representation Optimization and Certification,prop:regular-representations-are-weights,prop:grover-program-value,prop:grover-program-value,proposition,Section 14: Grover Search,prop:grover-program-value,PROOF_USES
E0479,thm:regular-matroid-energy,thm:regular-matroid-energy,theorem,Section 11: Regular Program Matroids: Representation Optimization and Certification,thm:regular-matroid-energy,prop:grover-program-value,prop:grover-program-value,proposition,Section 14: Grover Search,prop:grover-program-value,PROOF_USES
E0480,interface:or_function,interface:or_function,interface,definition_interface,,prop:grover-program-value,prop:grover-program-value,proposition,Section 14: Grover Search,prop:grover-program-value,SEMANTIC_USES
E0481,ext:real_order,ext:real_order,external_obligation,external_obligation,,prop:grover-program-value,prop:grover-program-value,proposition,Section 14: Grover Search,prop:grover-program-value,EXTERNAL_IMPORT
E0482,prop:closure-circuit,prop:closure-circuit,proposition,Section 2: Matroids,prop:closure-circuit,lem:r10-minimal-positive,lem:r10-minimal-positive,lemma,Section 15: Pointed \\texorpdfstring{$R_{10}$}{R10} Closure,lem:r10-minimal-positive,SEMANTIC_USES
E0483,interface:r10_predicate,interface:r10_predicate,interface,definition_interface,,lem:r10-minimal-positive,lem:r10-minimal-positive,lemma,Section 15: Pointed \\texorpdfstring{$R_{10}$}{R10} Closure,lem:r10-minimal-positive,SEMANTIC_USES
E0484,cert:r10_boundary,cert:r10_boundary,certificate_data,certificate_data,,lem:r10-minimal-positive,lem:r10-minimal-positive,lemma,Section 15: Pointed \\texorpdfstring{$R_{10}$}{R10} Closure,lem:r10-minimal-positive,CERTIFICATE_USES
E0485,prop:coordinate-target-matroid,prop:coordinate-target-matroid,proposition,Section 7: Matroidal Query Models,prop:coordinate-target-matroid,lem:r10-targeted-query-matroid,lem:r10-targeted-query-matroid,lemma,Section 15: Pointed \\texorpdfstring{$R_{10}$}{R10} Closure,lem:r10-targeted-query-matroid,PROOF_USES
E0486,interface:r10_predicate,interface:r10_predicate,interface,definition_interface,,lem:r10-targeted-query-matroid,lem:r10-targeted-query-matroid,lemma,Section 15: Pointed \\texorpdfstring{$R_{10}$}{R10} Closure,lem:r10-targeted-query-matroid,SEMANTIC_USES
E0487,ext:r10_connected,ext:r10_connected,external_obligation,external_obligation,,lem:r10-targeted-query-matroid,lem:r10-targeted-query-matroid,lemma,Section 15: Pointed \\texorpdfstring{$R_{10}$}{R10} Closure,lem:r10-targeted-query-matroid,EXTERNAL_IMPORT
E0488,ext:matroid_basic,ext:matroid_basic,external_obligation,external_obligation,,lem:r10-targeted-query-matroid,lem:r10-targeted-query-matroid,lemma,Section 15: Pointed \\texorpdfstring{$R_{10}$}{R10} Closure,lem:r10-targeted-query-matroid,EXTERNAL_IMPORT
E0489,lem:bipartite-spectrum,lem:bipartite-spectrum,lemma,Section 4: The General Adversary Bound,lem:bipartite-spectrum,thm:r10-source-interval,thm:r10-source-interval,theorem,Section 15: Pointed \\texorpdfstring{$R_{10}$}{R10} Closure,thm:r10-source-interval,SEMANTIC_USES
E0490,interface:r10_predicate,interface:r10_predicate,interface,definition_interface,,thm:r10-source-interval,thm:r10-source-interval,theorem,Section 15: Pointed \\texorpdfstring{$R_{10}$}{R10} Closure,thm:r10-source-interval,SEMANTIC_USES
E0491,interface:factorization_upper_bound,interface:factorization_upper_bound,interface,primitive_lemma,,thm:r10-source-interval,thm:r10-source-interval,theorem,Section 15: Pointed \\texorpdfstring{$R_{10}$}{R10} Closure,thm:r10-source-interval,SEMANTIC_USES
E0492,ext:exact_psd_checker,ext:exact_psd_checker,external_obligation,external_obligation,,thm:r10-source-interval,thm:r10-source-interval,theorem,Section 15: Pointed \\texorpdfstring{$R_{10}$}{R10} Closure,thm:r10-source-interval,EXTERNAL_IMPORT
E0493,ext:matrix_norms,ext:matrix_norms,external_obligation,external_obligation,,thm:r10-source-interval,thm:r10-source-interval,theorem,Section 15: Pointed \\texorpdfstring{$R_{10}$}{R10} Closure,thm:r10-source-interval,EXTERNAL_IMPORT
E0494,cert:r10_source,cert:r10_source,certificate_data,certificate_data,,thm:r10-source-interval,thm:r10-source-interval,theorem,Section 15: Pointed \\texorpdfstring{$R_{10}$}{R10} Closure,thm:r10-source-interval,CERTIFICATE_USES
E0495,cert:adversary_lower,cert:adversary_lower,certificate_data,certificate_data,,thm:r10-source-interval,thm:r10-source-interval,theorem,Section 15: Pointed \\texorpdfstring{$R_{10}$}{R10} Closure,thm:r10-source-interval,CERTIFICATE_USES
E0496,cert:adversary_upper,cert:adversary_upper,certificate_data,certificate_data,,thm:r10-source-interval,thm:r10-source-interval,theorem,Section 15: Pointed \\texorpdfstring{$R_{10}$}{R10} Closure,thm:r10-source-interval,CERTIFICATE_USES
E0497,prop:regular-representations-are-weights,prop:regular-representations-are-weights,proposition,Section 11: Regular Program Matroids: Representation Optimization and Certification,prop:regular-representations-are-weights,prop:r10-natural-program-cost,prop:r10-natural-program-cost,proposition,Section 15: Pointed \\texorpdfstring{$R_{10}$}{R10} Closure,prop:r10-natural-program-cost,SEMANTIC_USES
E0498,thm:regular-matroid-energy,thm:regular-matroid-energy,theorem,Section 11: Regular Program Matroids: Representation Optimization and Certification,thm:regular-matroid-energy,prop:r10-natural-program-cost,prop:r10-natural-program-cost,proposition,Section 15: Pointed \\texorpdfstring{$R_{10}$}{R10} Closure,prop:r10-natural-program-cost,PROOF_USES
E0499,lem:r10-minimal-positive,lem:r10-minimal-positive,lemma,Section 15: Pointed \\texorpdfstring{$R_{10}$}{R10} Closure,lem:r10-minimal-positive,prop:r10-natural-program-cost,prop:r10-natural-program-cost,proposition,Section 15: Pointed \\texorpdfstring{$R_{10}$}{R10} Closure,prop:r10-natural-program-cost,PROOF_USES
E0500,interface:r10_natural_program,interface:r10_natural_program,interface,definition_interface,,prop:r10-natural-program-cost,prop:r10-natural-program-cost,proposition,Section 15: Pointed \\texorpdfstring{$R_{10}$}{R10} Closure,prop:r10-natural-program-cost,SEMANTIC_USES
E0501,interface:energy_monotonicity,interface:energy_monotonicity,interface,primitive_lemma,,prop:r10-natural-program-cost,prop:r10-natural-program-cost,proposition,Section 15: Pointed \\texorpdfstring{$R_{10}$}{R10} Closure,prop:r10-natural-program-cost,SEMANTIC_USES
E0502,ext:cauchy_schwarz,ext:cauchy_schwarz,external_obligation,external_obligation,,prop:r10-natural-program-cost,prop:r10-natural-program-cost,proposition,Section 15: Pointed \\texorpdfstring{$R_{10}$}{R10} Closure,prop:r10-natural-program-cost,EXTERNAL_IMPORT
E0503,cert:natural_program,cert:natural_program,certificate_data,certificate_data,,prop:r10-natural-program-cost,prop:r10-natural-program-cost,proposition,Section 15: Pointed \\texorpdfstring{$R_{10}$}{R10} Closure,prop:r10-natural-program-cost,CERTIFICATE_USES
E0504,prop:representation-energy-attainment,prop:representation-energy-attainment,proposition,Section 10: Representation Costs and Optimization,prop:representation-energy-attainment,prop:r10-regular-route-b,prop:r10-regular-route-b,proposition,Section 15: Pointed \\texorpdfstring{$R_{10}$}{R10} Closure,prop:r10-regular-route-b,SEMANTIC_USES
E0505,thm:regular-matroid-energy,thm:regular-matroid-energy,theorem,Section 11: Regular Program Matroids: Representation Optimization and Certification,thm:regular-matroid-energy,prop:r10-regular-route-b,prop:r10-regular-route-b,proposition,Section 15: Pointed \\texorpdfstring{$R_{10}$}{R10} Closure,prop:r10-regular-route-b,SEMANTIC_USES
E0506,lem:r10-minimal-positive,lem:r10-minimal-positive,lemma,Section 15: Pointed \\texorpdfstring{$R_{10}$}{R10} Closure,lem:r10-minimal-positive,prop:r10-regular-route-b,prop:r10-regular-route-b,proposition,Section 15: Pointed \\texorpdfstring{$R_{10}$}{R10} Closure,prop:r10-regular-route-b,PROOF_USES
E0507,interface:r10_alternative_program,interface:r10_alternative_program,interface,construction_interface,,prop:r10-regular-route-b,prop:r10-regular-route-b,proposition,Section 15: Pointed \\texorpdfstring{$R_{10}$}{R10} Closure,prop:r10-regular-route-b,SEMANTIC_USES
E0508,interface:energy_monotonicity,interface:energy_monotonicity,interface,primitive_lemma,,prop:r10-regular-route-b,prop:r10-regular-route-b,proposition,Section 15: Pointed \\texorpdfstring{$R_{10}$}{R10} Closure,prop:r10-regular-route-b,SEMANTIC_USES
E0509,ext:sum_bases,ext:sum_bases,external_obligation,external_obligation,,prop:r10-regular-route-b,prop:r10-regular-route-b,proposition,Section 15: Pointed \\texorpdfstring{$R_{10}$}{R10} Closure,prop:r10-regular-route-b,EXTERNAL_IMPORT
E0510,cert:alternative_program,cert:alternative_program,certificate_data,certificate_data,,prop:r10-regular-route-b,prop:r10-regular-route-b,proposition,Section 15: Pointed \\texorpdfstring{$R_{10}$}{R10} Closure,prop:r10-regular-route-b,CERTIFICATE_USES
E0511,prop:closure-circuit,prop:closure-circuit,proposition,Section 2: Matroids,prop:closure-circuit,prop:recursive-r10-closure,prop:recursive-r10-closure,proposition,Section 16: Recursive \\texorpdfstring{$R_{10}$}{R10} Closure,prop:recursive-r10-closure,SEMANTIC_USES
E0512,def:recursive-r10-function,def:recursive-r10-function,definition,Section 16: Recursive \\texorpdfstring{$R_{10}$}{R10} Closure,def:recursive-r10-function,prop:recursive-r10-closure,prop:recursive-r10-closure,proposition,Section 16: Recursive \\texorpdfstring{$R_{10}$}{R10} Closure,prop:recursive-r10-closure,DEFINITIONAL
E0513,interface:recursive_natural_matroid,interface:recursive_natural_matroid,interface,construction_interface,,prop:recursive-r10-closure,prop:recursive-r10-closure,proposition,Section 16: Recursive \\texorpdfstring{$R_{10}$}{R10} Closure,prop:recursive-r10-closure,SEMANTIC_USES
E0514,ext:sum_bases,ext:sum_bases,external_obligation,external_obligation,,prop:recursive-r10-closure,prop:recursive-r10-closure,proposition,Section 16: Recursive \\texorpdfstring{$R_{10}$}{R10} Closure,prop:recursive-r10-closure,EXTERNAL_IMPORT
E0515,ext:r10_connected,ext:r10_connected,external_obligation,external_obligation,,prop:recursive-r10-closure,prop:recursive-r10-closure,proposition,Section 16: Recursive \\texorpdfstring{$R_{10}$}{R10} Closure,prop:recursive-r10-closure,EXTERNAL_IMPORT
E0516,ext:graphic_basics,ext:graphic_basics,external_obligation,external_obligation,,prop:recursive-r10-closure,prop:recursive-r10-closure,proposition,Section 16: Recursive \\texorpdfstring{$R_{10}$}{R10} Closure,prop:recursive-r10-closure,EXTERNAL_IMPORT
E0517,ext:r10_standard_minors,ext:r10_standard_minors,external_obligation,external_obligation,,prop:recursive-r10-closure,prop:recursive-r10-closure,proposition,Section 16: Recursive \\texorpdfstring{$R_{10}$}{R10} Closure,prop:recursive-r10-closure,EXTERNAL_IMPORT
E0518,def:recursive-r10-function,def:recursive-r10-function,definition,Section 16: Recursive \\texorpdfstring{$R_{10}$}{R10} Closure,def:recursive-r10-function,prop:recursive-r10-sensitivity,prop:recursive-r10-sensitivity,proposition,Section 16: Recursive \\texorpdfstring{$R_{10}$}{R10} Closure,prop:recursive-r10-sensitivity,DEFINITIONAL
E0519,interface:sensitivity,interface:sensitivity,interface,definition_interface,,prop:recursive-r10-sensitivity,prop:recursive-r10-sensitivity,proposition,Section 16: Recursive \\texorpdfstring{$R_{10}$}{R10} Closure,prop:recursive-r10-sensitivity,SEMANTIC_USES
E0520,ext:finite_induction,ext:finite_induction,external_obligation,external_obligation,,prop:recursive-r10-sensitivity,prop:recursive-r10-sensitivity,proposition,Section 16: Recursive \\texorpdfstring{$R_{10}$}{R10} Closure,prop:recursive-r10-sensitivity,EXTERNAL_IMPORT
E0521,cert:recursive_base,cert:recursive_base,certificate_data,certificate_data,,prop:recursive-r10-sensitivity,prop:recursive-r10-sensitivity,proposition,Section 16: Recursive \\texorpdfstring{$R_{10}$}{R10} Closure,prop:recursive-r10-sensitivity,CERTIFICATE_USES
E0522,prop:recursive-r10-sensitivity,prop:recursive-r10-sensitivity,proposition,Section 16: Recursive \\texorpdfstring{$R_{10}$}{R10} Closure,prop:recursive-r10-sensitivity,thm:recursive-r10-randomized-lower,thm:recursive-r10-randomized-lower,theorem,Section 16: Recursive \\texorpdfstring{$R_{10}$}{R10} Closure,thm:recursive-r10-randomized-lower,PROOF_USES
E0523,interface:randomized_expected_queries,interface:randomized_expected_queries,interface,definition_interface,,thm:recursive-r10-randomized-lower,thm:recursive-r10-randomized-lower,theorem,Section 16: Recursive \\texorpdfstring{$R_{10}$}{R10} Closure,thm:recursive-r10-randomized-lower,SEMANTIC_USES
E0524,ext:randomized_sensitivity,ext:randomized_sensitivity,external_obligation,external_obligation,,thm:recursive-r10-randomized-lower,thm:recursive-r10-randomized-lower,theorem,Section 16: Recursive \\texorpdfstring{$R_{10}$}{R10} Closure,thm:recursive-r10-randomized-lower,EXTERNAL_IMPORT
E0525,thm:regular-support-bound,thm:regular-support-bound,theorem,Section 11: Regular Program Matroids: Representation Optimization and Certification,thm:regular-support-bound,prop:recursive-r10-natural-cost,prop:recursive-r10-natural-cost,proposition,Section 16: Recursive \\texorpdfstring{$R_{10}$}{R10} Closure,prop:recursive-r10-natural-cost,SEMANTIC_USES
E0526,cor:regular-linear-cost,cor:regular-linear-cost,corollary,Section 11: Regular Program Matroids: Representation Optimization and Certification,cor:regular-linear-cost,prop:recursive-r10-natural-cost,prop:recursive-r10-natural-cost,proposition,Section 16: Recursive \\texorpdfstring{$R_{10}$}{R10} Closure,prop:recursive-r10-natural-cost,PROOF_USES
E0527,lem:r10-minimal-positive,lem:r10-minimal-positive,lemma,Section 15: Pointed \\texorpdfstring{$R_{10}$}{R10} Closure,lem:r10-minimal-positive,prop:recursive-r10-natural-cost,prop:recursive-r10-natural-cost,proposition,Section 16: Recursive \\texorpdfstring{$R_{10}$}{R10} Closure,prop:recursive-r10-natural-cost,SEMANTIC_USES
E0528,prop:r10-natural-program-cost,prop:r10-natural-program-cost,proposition,Section 15: Pointed \\texorpdfstring{$R_{10}$}{R10} Closure,prop:r10-natural-program-cost,prop:recursive-r10-natural-cost,prop:recursive-r10-natural-cost,proposition,Section 16: Recursive \\texorpdfstring{$R_{10}$}{R10} Closure,prop:recursive-r10-natural-cost,SEMANTIC_USES
E0529,prop:recursive-r10-closure,prop:recursive-r10-closure,proposition,Section 16: Recursive \\texorpdfstring{$R_{10}$}{R10} Closure,prop:recursive-r10-closure,prop:recursive-r10-natural-cost,prop:recursive-r10-natural-cost,proposition,Section 16: Recursive \\texorpdfstring{$R_{10}$}{R10} Closure,prop:recursive-r10-natural-cost,SEMANTIC_USES
E0530,interface:recursive_balanced_incidence,interface:recursive_balanced_incidence,interface,primitive_lemma,,prop:recursive-r10-natural-cost,prop:recursive-r10-natural-cost,proposition,Section 16: Recursive \\texorpdfstring{$R_{10}$}{R10} Closure,prop:recursive-r10-natural-cost,SEMANTIC_USES
E0531,ext:cauchy_schwarz,ext:cauchy_schwarz,external_obligation,external_obligation,,prop:recursive-r10-natural-cost,prop:recursive-r10-natural-cost,proposition,Section 16: Recursive \\texorpdfstring{$R_{10}$}{R10} Closure,prop:recursive-r10-natural-cost,EXTERNAL_IMPORT
E0532,ext:sum_bases,ext:sum_bases,external_obligation,external_obligation,,prop:recursive-r10-natural-cost,prop:recursive-r10-natural-cost,proposition,Section 16: Recursive \\texorpdfstring{$R_{10}$}{R10} Closure,prop:recursive-r10-natural-cost,EXTERNAL_IMPORT
E0533,thm:seymour-two-sum,thm:seymour-two-sum,theorem,Section 12: Regular Program Costs under Seymour Decomposition,thm:seymour-two-sum,thm:recursive-r10-regular-cost,thm:recursive-r10-regular-cost,theorem,Section 16: Recursive \\texorpdfstring{$R_{10}$}{R10} Closure,thm:recursive-r10-regular-cost,SEMANTIC_USES
E0534,prop:seymour-two-sum-input-minors,prop:seymour-two-sum-input-minors,proposition,Section 12: Regular Program Costs under Seymour Decomposition,prop:seymour-two-sum-input-minors,thm:recursive-r10-regular-cost,thm:recursive-r10-regular-cost,theorem,Section 16: Recursive \\texorpdfstring{$R_{10}$}{R10} Closure,thm:recursive-r10-regular-cost,PROOF_USES
E0535,prop:r10-regular-route-b,prop:r10-regular-route-b,proposition,Section 15: Pointed \\texorpdfstring{$R_{10}$}{R10} Closure,prop:r10-regular-route-b,thm:recursive-r10-regular-cost,thm:recursive-r10-regular-cost,theorem,Section 16: Recursive \\texorpdfstring{$R_{10}$}{R10} Closure,thm:recursive-r10-regular-cost,PROOF_USES
E0536,prop:recursive-r10-sensitivity,prop:recursive-r10-sensitivity,proposition,Section 16: Recursive \\texorpdfstring{$R_{10}$}{R10} Closure,prop:recursive-r10-sensitivity,thm:recursive-r10-regular-cost,thm:recursive-r10-regular-cost,theorem,Section 16: Recursive \\texorpdfstring{$R_{10}$}{R10} Closure,thm:recursive-r10-regular-cost,PROOF_USES
E0537,interface:recursive_alternative_program,interface:recursive_alternative_program,interface,construction_interface,,thm:recursive-r10-regular-cost,thm:recursive-r10-regular-cost,theorem,Section 16: Recursive \\texorpdfstring{$R_{10}$}{R10} Closure,thm:recursive-r10-regular-cost,SEMANTIC_USES
E0538,interface:energy_monotonicity,interface:energy_monotonicity,interface,primitive_lemma,,thm:recursive-r10-regular-cost,thm:recursive-r10-regular-cost,theorem,Section 16: Recursive \\texorpdfstring{$R_{10}$}{R10} Closure,thm:recursive-r10-regular-cost,SEMANTIC_USES
E0539,interface:response_homogeneity,interface:response_homogeneity,interface,primitive_lemma,,thm:recursive-r10-regular-cost,thm:recursive-r10-regular-cost,theorem,Section 16: Recursive \\texorpdfstring{$R_{10}$}{R10} Closure,thm:recursive-r10-regular-cost,SEMANTIC_USES
E0540,interface:recursive_extremizers,interface:recursive_extremizers,interface,primitive_lemma,,thm:recursive-r10-regular-cost,thm:recursive-r10-regular-cost,theorem,Section 16: Recursive \\texorpdfstring{$R_{10}$}{R10} Closure,thm:recursive-r10-regular-cost,SEMANTIC_USES
E0541,ext:sum_bases,ext:sum_bases,external_obligation,external_obligation,,thm:recursive-r10-regular-cost,thm:recursive-r10-regular-cost,theorem,Section 16: Recursive \\texorpdfstring{$R_{10}$}{R10} Closure,thm:recursive-r10-regular-cost,EXTERNAL_IMPORT
E0542,thm:r10-source-interval,thm:r10-source-interval,theorem,Section 15: Pointed \\texorpdfstring{$R_{10}$}{R10} Closure,thm:r10-source-interval,thm:recursive-r10-comparison,thm:recursive-r10-comparison,theorem,Section 16: Recursive \\texorpdfstring{$R_{10}$}{R10} Closure,thm:recursive-r10-comparison,PROOF_USES
E0543,thm:recursive-r10-randomized-lower,thm:recursive-r10-randomized-lower,theorem,Section 16: Recursive \\texorpdfstring{$R_{10}$}{R10} Closure,thm:recursive-r10-randomized-lower,thm:recursive-r10-comparison,thm:recursive-r10-comparison,theorem,Section 16: Recursive \\texorpdfstring{$R_{10}$}{R10} Closure,thm:recursive-r10-comparison,PROOF_USES
E0544,prop:recursive-r10-natural-cost,prop:recursive-r10-natural-cost,proposition,Section 16: Recursive \\texorpdfstring{$R_{10}$}{R10} Closure,prop:recursive-r10-natural-cost,thm:recursive-r10-comparison,thm:recursive-r10-comparison,theorem,Section 16: Recursive \\texorpdfstring{$R_{10}$}{R10} Closure,thm:recursive-r10-comparison,PROOF_USES
E0545,thm:recursive-r10-regular-cost,thm:recursive-r10-regular-cost,theorem,Section 16: Recursive \\texorpdfstring{$R_{10}$}{R10} Closure,thm:recursive-r10-regular-cost,thm:recursive-r10-comparison,thm:recursive-r10-comparison,theorem,Section 16: Recursive \\texorpdfstring{$R_{10}$}{R10} Closure,thm:recursive-r10-comparison,PROOF_USES
E0546,thm:standard-quantum-equivalence,thm:standard-quantum-equivalence,theorem,Section G: Quantum Query Model Checks,thm:standard-quantum-equivalence,thm:recursive-r10-comparison,thm:recursive-r10-comparison,theorem,Section 16: Recursive \\texorpdfstring{$R_{10}$}{R10} Closure,thm:recursive-r10-comparison,SEMANTIC_USES
E0547,def:quantum-query-complexity,def:quantum-query-complexity,definition,Section 3: Queries,def:quantum-query-complexity,thm:recursive-r10-comparison,thm:recursive-r10-comparison,theorem,Section 16: Recursive \\texorpdfstring{$R_{10}$}{R10} Closure,thm:recursive-r10-comparison,DEFINITIONAL
E0548,ext:adversary_composition,ext:adversary_composition,external_obligation,external_obligation,,thm:recursive-r10-comparison,thm:recursive-r10-comparison,theorem,Section 16: Recursive \\texorpdfstring{$R_{10}$}{R10} Closure,thm:recursive-r10-comparison,EXTERNAL_IMPORT
E0549,ext:adversary_tightness,ext:adversary_tightness,external_obligation,external_obligation,,thm:recursive-r10-comparison,thm:recursive-r10-comparison,theorem,Section 16: Recursive \\texorpdfstring{$R_{10}$}{R10} Closure,thm:recursive-r10-comparison,EXTERNAL_IMPORT
E0550,def:reconstruction-set,def:reconstruction-set,definition,Section 5: Span Programs,def:reconstruction-set,lem:reconstruction-separation-pairing,lem:reconstruction-separation-pairing,lemma,Section E: Matroidal Form of the Span-Program/Adversary Correspondence,lem:reconstruction-separation-pairing,DEFINITIONAL
E0551,def:separation-set,def:separation-set,definition,Section 5: Span Programs,def:separation-set,lem:reconstruction-separation-pairing,lem:reconstruction-separation-pairing,lemma,Section E: Matroidal Form of the Span-Program/Adversary Correspondence,lem:reconstruction-separation-pairing,DEFINITIONAL
E0552,def:f-matroid-span-program,def:f-matroid-span-program,definition,Section 9: Response-Labeled Matroid Span Programs,def:f-matroid-span-program,lem:reconstruction-separation-pairing,lem:reconstruction-separation-pairing,lemma,Section E: Matroidal Form of the Span-Program/Adversary Correspondence,lem:reconstruction-separation-pairing,DEFINITIONAL
E0553,def:query-separation,def:query-separation,definition,Section 3: Queries,def:query-separation,lem:reconstruction-separation-pairing,lem:reconstruction-separation-pairing,lemma,Section E: Matroidal Form of the Span-Program/Adversary Correspondence,lem:reconstruction-separation-pairing,DEFINITIONAL
E0554,thm:correlation-transport-adversary,thm:correlation-transport-adversary,theorem,Section 6: Correlations and the General Adversary Bound,thm:correlation-transport-adversary,prop:represented-program-gives-transport,prop:represented-program-gives-transport,proposition,Section E: Matroidal Form of the Span-Program/Adversary Correspondence,prop:represented-program-gives-transport,PROOF_USES
E0555,prop:representation-energy-attainment,prop:representation-energy-attainment,proposition,Section 10: Representation Costs and Optimization,prop:representation-energy-attainment,prop:represented-program-gives-transport,prop:represented-program-gives-transport,proposition,Section E: Matroidal Form of the Span-Program/Adversary Correspondence,prop:represented-program-gives-transport,SEMANTIC_USES
E0556,prop:representation-scaling,prop:representation-scaling,proposition,Section 10: Representation Costs and Optimization,prop:representation-scaling,prop:represented-program-gives-transport,prop:represented-program-gives-transport,proposition,Section E: Matroidal Form of the Span-Program/Adversary Correspondence,prop:represented-program-gives-transport,PROOF_USES
E0557,prop:representation-balance,prop:representation-balance,proposition,Section 10: Representation Costs and Optimization,prop:representation-balance,prop:represented-program-gives-transport,prop:represented-program-gives-transport,proposition,Section E: Matroidal Form of the Span-Program/Adversary Correspondence,prop:represented-program-gives-transport,PROOF_USES
E0558,lem:reconstruction-separation-pairing,lem:reconstruction-separation-pairing,lemma,Section E: Matroidal Form of the Span-Program/Adversary Correspondence,lem:reconstruction-separation-pairing,prop:represented-program-gives-transport,prop:represented-program-gives-transport,proposition,Section E: Matroidal Form of the Span-Program/Adversary Correspondence,prop:represented-program-gives-transport,PROOF_USES
E0559,def:correlation-transport,def:correlation-transport,definition,Section 6: Correlations and the General Adversary Bound,def:correlation-transport,prop:represented-program-gives-transport,prop:represented-program-gives-transport,proposition,Section E: Matroidal Form of the Span-Program/Adversary Correspondence,prop:represented-program-gives-transport,DEFINITIONAL
E0560,ext:psd_gram,ext:psd_gram,external_obligation,external_obligation,,prop:represented-program-gives-transport,prop:represented-program-gives-transport,proposition,Section E: Matroidal Form of the Span-Program/Adversary Correspondence,prop:represented-program-gives-transport,EXTERNAL_IMPORT
E0561,prop:represented-program-gives-transport,prop:represented-program-gives-transport,proposition,Section E: Matroidal Form of the Span-Program/Adversary Correspondence,prop:represented-program-gives-transport,thm:adversary-lower-bounds-msp,thm:adversary-lower-bounds-msp,theorem,Section E: Matroidal Form of the Span-Program/Adversary Correspondence,thm:adversary-lower-bounds-msp,COROLLARY_OF
E0562,def:linear-cost,def:linear-cost,definition,Section 10: Representation Costs and Optimization,def:linear-cost,thm:adversary-lower-bounds-msp,thm:adversary-lower-bounds-msp,theorem,Section E: Matroidal Form of the Span-Program/Adversary Correspondence,thm:adversary-lower-bounds-msp,DEFINITIONAL
E0563,def:matroid-span-program-cost,def:matroid-span-program-cost,definition,Section 10: Representation Costs and Optimization,def:matroid-span-program-cost,thm:adversary-lower-bounds-msp,thm:adversary-lower-bounds-msp,theorem,Section E: Matroidal Form of the Span-Program/Adversary Correspondence,thm:adversary-lower-bounds-msp,DEFINITIONAL
E0564,ext:infima,ext:infima,external_obligation,external_obligation,,thm:adversary-lower-bounds-msp,thm:adversary-lower-bounds-msp,theorem,Section E: Matroidal Form of the Span-Program/Adversary Correspondence,thm:adversary-lower-bounds-msp,EXTERNAL_IMPORT
E0565,prop:correlation-transport-attainment,prop:correlation-transport-attainment,proposition,Section 6: Correlations and the General Adversary Bound,prop:correlation-transport-attainment,prop:factorization-transport-equivalence,prop:factorization-transport-equivalence,proposition,Section E: Matroidal Form of the Span-Program/Adversary Correspondence,prop:factorization-transport-equivalence,PROOF_USES
E0566,thm:correlation-transport-adversary,thm:correlation-transport-adversary,theorem,Section 6: Correlations and the General Adversary Bound,thm:correlation-transport-adversary,prop:factorization-transport-equivalence,prop:factorization-transport-equivalence,proposition,Section E: Matroidal Form of the Span-Program/Adversary Correspondence,prop:factorization-transport-equivalence,PROOF_USES
E0567,def:computational-factorization,def:computational-factorization,definition,Section E: Matroidal Form of the Span-Program/Adversary Correspondence,def:computational-factorization,prop:factorization-transport-equivalence,prop:factorization-transport-equivalence,proposition,Section E: Matroidal Form of the Span-Program/Adversary Correspondence,prop:factorization-transport-equivalence,DEFINITIONAL
E0568,def:correlation-transport,def:correlation-transport,definition,Section 6: Correlations and the General Adversary Bound,def:correlation-transport,prop:factorization-transport-equivalence,prop:factorization-transport-equivalence,proposition,Section E: Matroidal Form of the Span-Program/Adversary Correspondence,prop:factorization-transport-equivalence,DEFINITIONAL
E0569,ext:psd_gram,ext:psd_gram,external_obligation,external_obligation,,prop:factorization-transport-equivalence,prop:factorization-transport-equivalence,proposition,Section E: Matroidal Form of the Span-Program/Adversary Correspondence,prop:factorization-transport-equivalence,EXTERNAL_IMPORT
E0570,def:fundamental-circuit,def:fundamental-circuit,definition,Section 2: Matroids,def:fundamental-circuit,prop:relation-fundamental-circuits,prop:relation-fundamental-circuits,proposition,Section E: Matroidal Form of the Span-Program/Adversary Correspondence,prop:relation-fundamental-circuits,DEFINITIONAL
E0571,def:normal-form-relation-space,def:normal-form-relation-space,definition,Section E: Matroidal Form of the Span-Program/Adversary Correspondence,def:normal-form-relation-space,prop:relation-fundamental-circuits,prop:relation-fundamental-circuits,proposition,Section E: Matroidal Form of the Span-Program/Adversary Correspondence,prop:relation-fundamental-circuits,DEFINITIONAL
E0572,interface:relation_extension,interface:relation_extension,interface,construction_interface,,prop:relation-fundamental-circuits,prop:relation-fundamental-circuits,proposition,Section E: Matroidal Form of the Span-Program/Adversary Correspondence,prop:relation-fundamental-circuits,SEMANTIC_USES
E0573,ext:represented_closure,ext:represented_closure,external_obligation,external_obligation,,prop:relation-fundamental-circuits,prop:relation-fundamental-circuits,proposition,Section E: Matroidal Form of the Span-Program/Adversary Correspondence,prop:relation-fundamental-circuits,EXTERNAL_IMPORT
E0574,prop:represented-minors,prop:represented-minors,proposition,Section 2: Matroids,prop:represented-minors,prop:quotient-normal-form-contraction,prop:quotient-normal-form-contraction,proposition,Section E: Matroidal Form of the Span-Program/Adversary Correspondence,prop:quotient-normal-form-contraction,PROOF_USES
E0575,def:quotient-normal-form,def:quotient-normal-form,definition,Section E: Matroidal Form of the Span-Program/Adversary Correspondence,def:quotient-normal-form,prop:quotient-normal-form-contraction,prop:quotient-normal-form-contraction,proposition,Section E: Matroidal Form of the Span-Program/Adversary Correspondence,prop:quotient-normal-form-contraction,DEFINITIONAL
E0576,interface:relation_extension,interface:relation_extension,interface,construction_interface,,prop:quotient-normal-form-contraction,prop:quotient-normal-form-contraction,proposition,Section E: Matroidal Form of the Span-Program/Adversary Correspondence,prop:quotient-normal-form-contraction,SEMANTIC_USES
E0577,def:normal-form-relation-space,def:normal-form-relation-space,definition,Section E: Matroidal Form of the Span-Program/Adversary Correspondence,def:normal-form-relation-space,thm:quotient-normal-form-correct,thm:quotient-normal-form-correct,theorem,Section E: Matroidal Form of the Span-Program/Adversary Correspondence,thm:quotient-normal-form-correct,DEFINITIONAL
E0578,def:quotient-normal-form,def:quotient-normal-form,definition,Section E: Matroidal Form of the Span-Program/Adversary Correspondence,def:quotient-normal-form,thm:quotient-normal-form-correct,thm:quotient-normal-form-correct,theorem,Section E: Matroidal Form of the Span-Program/Adversary Correspondence,thm:quotient-normal-form-correct,DEFINITIONAL
E0579,def:computational-factorization,def:computational-factorization,definition,Section E: Matroidal Form of the Span-Program/Adversary Correspondence,def:computational-factorization,thm:quotient-normal-form-correct,thm:quotient-normal-form-correct,theorem,Section E: Matroidal Form of the Span-Program/Adversary Correspondence,thm:quotient-normal-form-correct,DEFINITIONAL
E0580,ext:linear_quotient,ext:linear_quotient,external_obligation,external_obligation,,thm:quotient-normal-form-correct,thm:quotient-normal-form-correct,theorem,Section E: Matroidal Form of the Span-Program/Adversary Correspondence,thm:quotient-normal-form-correct,EXTERNAL_IMPORT
E0581,ext:represented_closure,ext:represented_closure,external_obligation,external_obligation,,thm:quotient-normal-form-correct,thm:quotient-normal-form-correct,theorem,Section E: Matroidal Form of the Span-Program/Adversary Correspondence,thm:quotient-normal-form-correct,EXTERNAL_IMPORT
E0582,interface:quotient_negative_functional,interface:quotient_negative_functional,interface,primitive_lemma,,thm:quotient-normal-form-correct,thm:quotient-normal-form-correct,theorem,Section E: Matroidal Form of the Span-Program/Adversary Correspondence,thm:quotient-normal-form-correct,SEMANTIC_USES
E0583,def:normal-form-relation-space,def:normal-form-relation-space,definition,Section E: Matroidal Form of the Span-Program/Adversary Correspondence,def:normal-form-relation-space,prop:quotient-complementary-rank,prop:quotient-complementary-rank,proposition,Section E: Matroidal Form of the Span-Program/Adversary Correspondence,prop:quotient-complementary-rank,DEFINITIONAL
E0584,def:computational-factorization,def:computational-factorization,definition,Section E: Matroidal Form of the Span-Program/Adversary Correspondence,def:computational-factorization,prop:quotient-complementary-rank,prop:quotient-complementary-rank,proposition,Section E: Matroidal Form of the Span-Program/Adversary Correspondence,prop:quotient-complementary-rank,DEFINITIONAL
E0585,interface:quotient_negative_functional,interface:quotient_negative_functional,interface,primitive_lemma,,prop:quotient-complementary-rank,prop:quotient-complementary-rank,proposition,Section E: Matroidal Form of the Span-Program/Adversary Correspondence,prop:quotient-complementary-rank,SEMANTIC_USES
E0586,ext:rank_nullity,ext:rank_nullity,external_obligation,external_obligation,,prop:quotient-complementary-rank,prop:quotient-complementary-rank,proposition,Section E: Matroidal Form of the Span-Program/Adversary Correspondence,prop:quotient-complementary-rank,EXTERNAL_IMPORT
E0587,thm:quotient-normal-form-correct,thm:quotient-normal-form-correct,theorem,Section E: Matroidal Form of the Span-Program/Adversary Correspondence,thm:quotient-normal-form-correct,prop:quotient-normal-form-cost,prop:quotient-normal-form-cost,proposition,Section E: Matroidal Form of the Span-Program/Adversary Correspondence,prop:quotient-normal-form-cost,PROOF_USES
E0588,interface:quotient_negative_functional,interface:quotient_negative_functional,interface,primitive_lemma,,prop:quotient-normal-form-cost,prop:quotient-normal-form-cost,proposition,Section E: Matroidal Form of the Span-Program/Adversary Correspondence,prop:quotient-normal-form-cost,SEMANTIC_USES
E0589,def:positive-reconstruction-energy,def:positive-reconstruction-energy,definition,Section 10: Representation Costs and Optimization,def:positive-reconstruction-energy,prop:quotient-normal-form-cost,prop:quotient-normal-form-cost,proposition,Section E: Matroidal Form of the Span-Program/Adversary Correspondence,prop:quotient-normal-form-cost,DEFINITIONAL
E0590,def:negative-separation-energy,def:negative-separation-energy,definition,Section 10: Representation Costs and Optimization,def:negative-separation-energy,prop:quotient-normal-form-cost,prop:quotient-normal-form-cost,proposition,Section E: Matroidal Form of the Span-Program/Adversary Correspondence,prop:quotient-normal-form-cost,DEFINITIONAL
E0591,prop:represented-program-gives-transport,prop:represented-program-gives-transport,proposition,Section E: Matroidal Form of the Span-Program/Adversary Correspondence,prop:represented-program-gives-transport,thm:optimal-matroid-normal-form,thm:optimal-matroid-normal-form,theorem,Section E: Matroidal Form of the Span-Program/Adversary Correspondence,thm:optimal-matroid-normal-form,PROOF_USES
E0592,thm:adversary-lower-bounds-msp,thm:adversary-lower-bounds-msp,theorem,Section E: Matroidal Form of the Span-Program/Adversary Correspondence,thm:adversary-lower-bounds-msp,thm:optimal-matroid-normal-form,thm:optimal-matroid-normal-form,theorem,Section E: Matroidal Form of the Span-Program/Adversary Correspondence,thm:optimal-matroid-normal-form,SEMANTIC_USES
E0593,prop:factorization-transport-equivalence,prop:factorization-transport-equivalence,proposition,Section E: Matroidal Form of the Span-Program/Adversary Correspondence,prop:factorization-transport-equivalence,thm:optimal-matroid-normal-form,thm:optimal-matroid-normal-form,theorem,Section E: Matroidal Form of the Span-Program/Adversary Correspondence,thm:optimal-matroid-normal-form,PROOF_USES
E0594,thm:quotient-normal-form-correct,thm:quotient-normal-form-correct,theorem,Section E: Matroidal Form of the Span-Program/Adversary Correspondence,thm:quotient-normal-form-correct,thm:optimal-matroid-normal-form,thm:optimal-matroid-normal-form,theorem,Section E: Matroidal Form of the Span-Program/Adversary Correspondence,thm:optimal-matroid-normal-form,PROOF_USES
E0595,prop:quotient-normal-form-cost,prop:quotient-normal-form-cost,proposition,Section E: Matroidal Form of the Span-Program/Adversary Correspondence,prop:quotient-normal-form-cost,thm:optimal-matroid-normal-form,thm:optimal-matroid-normal-form,theorem,Section E: Matroidal Form of the Span-Program/Adversary Correspondence,thm:optimal-matroid-normal-form,PROOF_USES
E0596,def:linear-cost,def:linear-cost,definition,Section 10: Representation Costs and Optimization,def:linear-cost,thm:optimal-matroid-normal-form,thm:optimal-matroid-normal-form,theorem,Section E: Matroidal Form of the Span-Program/Adversary Correspondence,thm:optimal-matroid-normal-form,DEFINITIONAL
E0597,def:matroid-span-program-cost,def:matroid-span-program-cost,definition,Section 10: Representation Costs and Optimization,def:matroid-span-program-cost,thm:optimal-matroid-normal-form,thm:optimal-matroid-normal-form,theorem,Section E: Matroidal Form of the Span-Program/Adversary Correspondence,thm:optimal-matroid-normal-form,DEFINITIONAL
E0598,def:reversible-classical-gate,def:reversible-classical-gate,definition,Section F: Real Amplitudes and Reversible Recombination,def:reversible-classical-gate,thm:permutation-wall,thm:permutation-wall,theorem,Section F: Real Amplitudes and Reversible Recombination,thm:permutation-wall,DEFINITIONAL
E0599,ext:simplex_extreme_points,ext:simplex_extreme_points,external_obligation,external_obligation,,thm:permutation-wall,thm:permutation-wall,theorem,Section F: Real Amplitudes and Reversible Recombination,thm:permutation-wall,EXTERNAL_IMPORT
E0600,def:power-law-carrier,def:power-law-carrier,definition,Section F: Real Amplitudes and Reversible Recombination,def:power-law-carrier,thm:square-root-forced,thm:square-root-forced,theorem,Section F: Real Amplitudes and Reversible Recombination,thm:square-root-forced,DEFINITIONAL
E0601,def:balanced-recombination,def:balanced-recombination,definition,Section F: Real Amplitudes and Reversible Recombination,def:balanced-recombination,thm:square-root-forced,thm:square-root-forced,theorem,Section F: Real Amplitudes and Reversible Recombination,thm:square-root-forced,DEFINITIONAL
E0602,ext:real_powers,ext:real_powers,external_obligation,external_obligation,,thm:square-root-forced,thm:square-root-forced,theorem,Section F: Real Amplitudes and Reversible Recombination,thm:square-root-forced,EXTERNAL_IMPORT
E0603,def:quantum-query-circuit,def:quantum-query-circuit,definition,Section 3: Queries,def:quantum-query-circuit,thm:standard-quantum-equivalence,thm:standard-quantum-equivalence,theorem,Section G: Quantum Query Model Checks,thm:standard-quantum-equivalence,DEFINITIONAL
E0604,interface:one_hot_oracle,interface:one_hot_oracle,interface,definition_interface,,thm:standard-quantum-equivalence,thm:standard-quantum-equivalence,theorem,Section G: Quantum Query Model Checks,thm:standard-quantum-equivalence,SEMANTIC_USES
E0605,ext:walsh_kickback,ext:walsh_kickback,external_obligation,external_obligation,,thm:standard-quantum-equivalence,thm:standard-quantum-equivalence,theorem,Section G: Quantum Query Model Checks,thm:standard-quantum-equivalence,EXTERNAL_IMPORT
E0606,ext:realification,ext:realification,external_obligation,external_obligation,,thm:standard-quantum-equivalence,thm:standard-quantum-equivalence,theorem,Section G: Quantum Query Model Checks,thm:standard-quantum-equivalence,EXTERNAL_IMPORT
E0607,ext:orthogonal_unitary,ext:orthogonal_unitary,external_obligation,external_obligation,,thm:standard-quantum-equivalence,thm:standard-quantum-equivalence,theorem,Section G: Quantum Query Model Checks,thm:standard-quantum-equivalence,EXTERNAL_IMPORT
E0608,prop:adversary-attainment,prop:adversary-attainment,proposition,Section 4: The General Adversary Bound,prop:adversary-attainment,thm:adversary-query-lower-bound,thm:adversary-query-lower-bound,theorem,Section G: Quantum Query Model Checks,thm:adversary-query-lower-bound,SEMANTIC_USES
E0609,lem:bipartite-spectrum,lem:bipartite-spectrum,lemma,Section 4: The General Adversary Bound,lem:bipartite-spectrum,thm:adversary-query-lower-bound,thm:adversary-query-lower-bound,theorem,Section G: Quantum Query Model Checks,thm:adversary-query-lower-bound,SEMANTIC_USES
E0610,prop:quantum-separation-cover,prop:quantum-separation-cover,proposition,Section 6: Correlations and the General Adversary Bound,prop:quantum-separation-cover,thm:adversary-query-lower-bound,thm:adversary-query-lower-bound,theorem,Section G: Quantum Query Model Checks,thm:adversary-query-lower-bound,PROOF_USES
E0611,prop:recombination-preserves-correlation,prop:recombination-preserves-correlation,proposition,Section 6: Correlations and the General Adversary Bound,prop:recombination-preserves-correlation,thm:adversary-query-lower-bound,thm:adversary-query-lower-bound,theorem,Section G: Quantum Query Model Checks,thm:adversary-query-lower-bound,SEMANTIC_USES
E0612,prop:query-correlation-support,prop:query-correlation-support,proposition,Section 6: Correlations and the General Adversary Bound,prop:query-correlation-support,thm:adversary-query-lower-bound,thm:adversary-query-lower-bound,theorem,Section G: Quantum Query Model Checks,thm:adversary-query-lower-bound,SEMANTIC_USES
E0613,def:correlation-kernel,def:correlation-kernel,definition,Section 6: Correlations and the General Adversary Bound,def:correlation-kernel,thm:adversary-query-lower-bound,thm:adversary-query-lower-bound,theorem,Section G: Quantum Query Model Checks,thm:adversary-query-lower-bound,DEFINITIONAL
E0614,def:quantum-query-complexity,def:quantum-query-complexity,definition,Section 3: Queries,def:quantum-query-complexity,thm:adversary-query-lower-bound,thm:adversary-query-lower-bound,theorem,Section G: Quantum Query Model Checks,thm:adversary-query-lower-bound,DEFINITIONAL
E0615,ext:matrix_spectral,ext:matrix_spectral,external_obligation,external_obligation,,thm:adversary-query-lower-bound,thm:adversary-query-lower-bound,theorem,Section G: Quantum Query Model Checks,thm:adversary-query-lower-bound,EXTERNAL_IMPORT
E0616,ext:cauchy_schwarz,ext:cauchy_schwarz,external_obligation,external_obligation,,thm:adversary-query-lower-bound,thm:adversary-query-lower-bound,theorem,Section G: Quantum Query Model Checks,thm:adversary-query-lower-bound,EXTERNAL_IMPORT
E0617,ext:finite_probability,ext:finite_probability,external_obligation,external_obligation,,thm:adversary-query-lower-bound,thm:adversary-query-lower-bound,theorem,Section G: Quantum Query Model Checks,thm:adversary-query-lower-bound,EXTERNAL_IMPORT
E0618,ext:real_order,ext:real_order,external_obligation,external_obligation,,thm:adversary-query-lower-bound,thm:adversary-query-lower-bound,theorem,Section G: Quantum Query Model Checks,thm:adversary-query-lower-bound,EXTERNAL_IMPORT
E0619,prop:r10-symmetry,prop:r10-symmetry,proposition,Section 13: The \\texorpdfstring{$R_{10}$}{R10} Summand,prop:r10-symmetry,supplement:four_state_orbits,supplement:four_state_orbits,supplementary_claim,supplementary_claim,,SEMANTIC_USES
E0620,cert:atlas_four_color,cert:atlas_four_color,certificate_data,certificate_data,,supplement:four_state_orbits,supplement:four_state_orbits,supplementary_claim,supplementary_claim,,CERTIFICATE_USES
E0621,interface:r10_predicate,interface:r10_predicate,interface,definition_interface,,supplement:fbs,supplement:fbs,supplementary_claim,supplementary_claim,,SEMANTIC_USES
E0622,cert:classical_fbs,cert:classical_fbs,certificate_data,certificate_data,,supplement:fbs,supplement:fbs,supplementary_claim,supplementary_claim,,CERTIFICATE_USES
E0623,ext:lp_duality,ext:lp_duality,external_obligation,external_obligation,,supplement:fbs,supplement:fbs,supplementary_claim,supplementary_claim,,SEMANTIC_USES
E0624,interface:r10_predicate,interface:r10_predicate,interface,definition_interface,,supplement:sabotage,supplement:sabotage,supplementary_claim,supplementary_claim,,SEMANTIC_USES
E0625,cert:classical_sabotage,cert:classical_sabotage,certificate_data,certificate_data,,supplement:sabotage,supplement:sabotage,supplementary_claim,supplementary_claim,,CERTIFICATE_USES
E0626,ext:finite_probability,ext:finite_probability,external_obligation,external_obligation,,supplement:sabotage,supplement:sabotage,supplementary_claim,supplementary_claim,,SEMANTIC_USES
E0627,def:matroid-closure,def:matroid-closure,definition,Section 2: Matroids,def:matroid-closure,prop:span-program-matroid-shadow,prop:span-program-matroid-shadow,proposition,Section 5: Span Programs,prop:span-program-matroid-shadow,DEFINITIONAL
E0628,interface:triangle_signature,interface:triangle_signature,interface,definition_interface,,thm:seymour-three-sum,thm:seymour-three-sum,theorem,Section 12: Regular Program Costs under Seymour Decomposition,thm:seymour-three-sum,PROOF_USES
E0629,thm:regular-matroid-energy,thm:regular-matroid-energy,theorem,Section 11: Regular Program Matroids: Representation Optimization and Certification,thm:regular-matroid-energy,thm:seymour-linear-cost,thm:seymour-linear-cost,theorem,Section 12: Regular Program Costs under Seymour Decomposition,thm:seymour-linear-cost,PROOF_USES
E0630,def:regular-matroid-sums,def:regular-matroid-sums,definition,Section 2: Matroids,def:regular-matroid-sums,prop:r10-no-three-sum,prop:r10-no-three-sum,proposition,Section 13: The \\texorpdfstring{$R_{10}$}{R10} Summand,prop:r10-no-three-sum,DEFINITIONAL
E0631,def:r10,def:r10,definition,Section 2: Matroids,def:r10,lem:r10-minimal-positive,lem:r10-minimal-positive,lemma,Section 15: Pointed \\texorpdfstring{$R_{10}$}{R10} Closure,lem:r10-minimal-positive,DEFINITIONAL
E0632,thm:regular-matroid-energy,thm:regular-matroid-energy,theorem,Section 11: Regular Program Matroids: Representation Optimization and Certification,thm:regular-matroid-energy,prop:recursive-r10-natural-cost,prop:recursive-r10-natural-cost,proposition,Section 16: Recursive \\texorpdfstring{$R_{10}$}{R10} Closure,prop:recursive-r10-natural-cost,PROOF_USES
E0633,def:recursive-r10-function,def:recursive-r10-function,definition,Section 16: Recursive \\texorpdfstring{$R_{10}$}{R10} Closure,def:recursive-r10-function,thm:recursive-r10-comparison,thm:recursive-r10-comparison,theorem,Section 16: Recursive \\texorpdfstring{$R_{10}$}{R10} Closure,thm:recursive-r10-comparison,DEFINITIONAL
E0634,def:recombination,def:recombination,definition,Section 3: Queries,def:recombination,thm:standard-quantum-equivalence,thm:standard-quantum-equivalence,theorem,Section G: Quantum Query Model Checks,thm:standard-quantum-equivalence,DEFINITIONAL
E0635,def:phase-address,def:phase-address,definition,Section 3: Queries,def:phase-address,thm:standard-quantum-equivalence,thm:standard-quantum-equivalence,theorem,Section G: Quantum Query Model Checks,thm:standard-quantum-equivalence,DEFINITIONAL
