source_id,source_name,target_id,target_name,edge_type,tex_evidence,justification,confidence
N001,Finite matroid,N002,Basis,DEFINITIONAL,def:matroid-basis,Maximal independence is defined relative to a matroid. Direct prerequisite: Finite matroid.,HIGH
N002,Basis,N003,Equal basis cardinalities,DEFINITIONAL,def:matroid-rank (unlabeled requirement at this use),The equal-cardinality claim compares bases of one set. Direct prerequisite: Basis.,HIGH
N002,Basis,N004,Extension within a subset,DEFINITIONAL,prop:cocircuit-separates-closure (unlabeled requirement at this use),Extension is to a basis of the specified set. Direct prerequisite: Basis.,HIGH
N004,Extension within a subset,N005,Extension to a full basis,PROOF,prop:cocircuit-separates-closure (unlabeled requirement at this use),The whole-ground-set case follows from basis extension in a subset. Direct prerequisite: Extension within a subset.,HIGH
N002,Basis,N006,Rank,DEFINITIONAL,def:matroid-rank,"Rank is the size of a subset basis, whose size must be well defined. Direct prerequisite: Basis.",HIGH
N003,Equal basis cardinalities,N006,Rank,PROOF,def:matroid-rank,"Rank is the size of a subset basis, whose size must be well defined. Direct prerequisite: Equal basis cardinalities.",HIGH
N006,Rank,N007,Closure,DEFINITIONAL,def:matroid-closure,Closure is defined by equality of ranks after adjoining an element. Direct prerequisite: Rank.,HIGH
N007,Closure,N008,Closure extensivity,DEFINITIONAL,prop:target-extension-criterion (unlabeled requirement at this use),The extensive law is a property of matroid closure. Direct prerequisite: Closure.,HIGH
N007,Closure,N009,Closure monotonicity,DEFINITIONAL,prop:target-extension-criterion (unlabeled requirement at this use),The monotone law is a property of matroid closure. Direct prerequisite: Closure.,HIGH
N007,Closure,N010,Closure idempotence,DEFINITIONAL,prop:target-extension-criterion (unlabeled requirement at this use),The idempotent law is a property of matroid closure. Direct prerequisite: Closure.,HIGH
N007,Closure,N011,Steinitz closure exchange,DEFINITIONAL,prop:agreement-set-flat (unlabeled requirement at this use),Steinitz exchange is stated for matroid closure. Direct prerequisite: Closure.,HIGH
N007,Closure,N012,Flat,DEFINITIONAL,def:matroid-flat,A flat is a fixed point of closure. Direct prerequisite: Closure.,HIGH
N006,Rank,N013,Flat rank test,DEFINITIONAL,prop:cocircuit-separates-closure (unlabeled requirement at this use),The flat test compares rank before and after adjoining an element. Direct prerequisite: Rank.,HIGH
N012,Flat,N013,Flat rank test,DEFINITIONAL,prop:cocircuit-separates-closure (unlabeled requirement at this use),The flat test compares rank before and after adjoining an element. Direct prerequisite: Flat.,HIGH
N002,Basis,N014,Spanning basis forces full flat,DEFINITIONAL,prop:cocircuit-separates-closure (unlabeled requirement at this use),The statement uses a flat containing a full basis. Direct prerequisite: Basis.,HIGH
N012,Flat,N014,Spanning basis forces full flat,DEFINITIONAL,prop:cocircuit-separates-closure (unlabeled requirement at this use),The statement uses a flat containing a full basis. Direct prerequisite: Flat.,HIGH
N001,Finite matroid,N015,Circuit,DEFINITIONAL,def:matroid-circuit,Minimal dependence is relative to the matroid independence system. Direct prerequisite: Finite matroid.,HIGH
N007,Closure,N016,Circuit characterization of closure,DEFINITIONAL,prop:closure-circuit,The equivalence relates closure membership to a circuit witness. Direct prerequisite: Closure.,HIGH
N015,Circuit,N016,Circuit characterization of closure,DEFINITIONAL,prop:closure-circuit,The equivalence relates closure membership to a circuit witness. Direct prerequisite: Circuit.,HIGH
N012,Flat,N017,Hyperplane,DEFINITIONAL,def:hyperplane-cocircuit,A hyperplane is a maximal proper flat. Direct prerequisite: Flat.,HIGH
N017,Hyperplane,N018,Cocircuit,DEFINITIONAL,def:hyperplane-cocircuit,A cocircuit is a hyperplane complement. Direct prerequisite: Hyperplane.,HIGH
N002,Basis,N019,Cocircuit basis hitting,DEFINITIONAL,prop:cocircuit-separates-closure (unlabeled requirement at this use),The characterization compares cocircuits with all bases. Direct prerequisite: Basis.,HIGH
N018,Cocircuit,N019,Cocircuit basis hitting,DEFINITIONAL,prop:cocircuit-separates-closure (unlabeled requirement at this use),The characterization compares cocircuits with all bases. Direct prerequisite: Cocircuit.,HIGH
N001,Finite matroid,N020,Free matroid,DEFINITIONAL,def:free-matroid,The free independence system has the claimed unique basis and identity closure. Direct prerequisite: Finite matroid.,HIGH
N002,Basis,N020,Free matroid,PROOF,def:free-matroid,The free independence system has the claimed unique basis and identity closure. Direct prerequisite: Basis.,HIGH
N007,Closure,N020,Free matroid,PROOF,def:free-matroid,The free independence system has the claimed unique basis and identity closure. Direct prerequisite: Closure.,HIGH
N007,Closure,N021,Loop,DEFINITIONAL,def:loop-coloop,The loop test uses closure of the empty set and its singleton circuit form. Direct prerequisite: Closure.,HIGH
N015,Circuit,N021,Loop,PROOF,def:loop-coloop,The loop test uses closure of the empty set and its singleton circuit form. Direct prerequisite: Circuit.,HIGH
N002,Basis,N022,Coloop,DEFINITIONAL,def:loop-coloop,The coloop test is membership in every basis. Direct prerequisite: Basis.,HIGH
N001,Finite matroid,N023,Restriction,DEFINITIONAL,def:matroid-minors,Restriction keeps the original independence relation on a smaller ground set. Direct prerequisite: Finite matroid.,HIGH
N023,Restriction,N024,Deletion,DEFINITIONAL,def:matroid-minors,Deletion is restriction to the ground-set complement. Direct prerequisite: Restriction.,HIGH
N006,Rank,N025,Contraction rank,DEFINITIONAL,def:matroid-minors,Contraction is specified by its rank formula. Direct prerequisite: Rank.,HIGH
N024,Deletion,N026,Minor,DEFINITIONAL,def:matroid-minors,A minor is built from deletion and contraction. Direct prerequisite: Deletion.,HIGH
N025,Contraction rank,N026,Minor,DEFINITIONAL,def:matroid-minors,A minor is built from deletion and contraction. Direct prerequisite: Contraction rank.,HIGH
N024,Deletion,N027,Deletion composition,DEFINITIONAL,thm:regular-matroid-energy (unlabeled requirement at this use),Repeated deletion reduces to deletion of the union. Direct prerequisite: Deletion.,HIGH
N025,Contraction rank,N028,Contraction composition,DEFINITIONAL,thm:regular-matroid-energy (unlabeled requirement at this use),Repeated contraction reduces to contraction of the union. Direct prerequisite: Contraction rank.,HIGH
N024,Deletion,N029,Deletion-contraction commutation,DEFINITIONAL,thm:regular-matroid-energy (unlabeled requirement at this use),Disjoint deletion and contraction commute. Direct prerequisite: Deletion.,HIGH
N025,Contraction rank,N029,Deletion-contraction commutation,DEFINITIONAL,thm:regular-matroid-energy (unlabeled requirement at this use),Disjoint deletion and contraction commute. Direct prerequisite: Contraction rank.,HIGH
N007,Closure,N030,Spanned target contracts to loop,DEFINITIONAL,thm:regular-matroid-energy (unlabeled requirement at this use),The contraction rank test makes a formerly spanned element a loop. Direct prerequisite: Closure.,HIGH
N021,Loop,N030,Spanned target contracts to loop,DEFINITIONAL,thm:regular-matroid-energy (unlabeled requirement at this use),The contraction rank test makes a formerly spanned element a loop. Direct prerequisite: Loop.,HIGH
N025,Contraction rank,N030,Spanned target contracts to loop,DEFINITIONAL,thm:regular-matroid-energy (unlabeled requirement at this use),The contraction rank test makes a formerly spanned element a loop. Direct prerequisite: Contraction rank.,HIGH
N002,Basis,N031,Fundamental circuit,DEFINITIONAL,def:fundamental-circuit,The unique circuit lies in a basis with one new element. Direct prerequisite: Basis.,HIGH
N015,Circuit,N031,Fundamental circuit,DEFINITIONAL,def:fundamental-circuit,The unique circuit lies in a basis with one new element. Direct prerequisite: Circuit.,HIGH
N007,Closure,N032,Cocircuit separating closure,DEFINITIONAL,prop:cocircuit-separates-closure,A nonspanned target has a cocircuit separator disjoint from the given set. Direct prerequisite: Closure.,HIGH
N018,Cocircuit,N032,Cocircuit separating closure,DEFINITIONAL,prop:cocircuit-separates-closure,A nonspanned target has a cocircuit separator disjoint from the given set. Direct prerequisite: Cocircuit.,HIGH
N004,Extension within a subset,N032,Cocircuit separating closure,PROOF,prop:cocircuit-separates-closure,A nonspanned target has a cocircuit separator disjoint from the given set. Direct prerequisite: Extension within a subset.,HIGH
N006,Rank,N033,Modular pair of flats,DEFINITIONAL,def:modular-pair,Modularity is the displayed equality of flat ranks. Direct prerequisite: Rank.,HIGH
N012,Flat,N033,Modular pair of flats,DEFINITIONAL,def:modular-pair,Modularity is the displayed equality of flat ranks. Direct prerequisite: Flat.,HIGH
N012,Flat,N034,Modular cut,DEFINITIONAL,def:modular-cut,A cut is a family of flats closed under modular-pair intersections. Direct prerequisite: Flat.,HIGH
N033,Modular pair of flats,N034,Modular cut,DEFINITIONAL,def:modular-cut,A cut is a family of flats closed under modular-pair intersections. Direct prerequisite: Modular pair of flats.,HIGH
N034,Modular cut,N035,Generated modular cut,DEFINITIONAL,prop:target-extension-criterion (unlabeled requirement at this use),Intersections of modular cuts define the generated cut. Direct prerequisite: Modular cut.,HIGH
N023,Restriction,N036,Single-element extension,DEFINITIONAL,def:single-element-extension,The enlarged matroid restricts to the original matroid. Direct prerequisite: Restriction.,HIGH
N034,Modular cut,N037,Crapo extension classification,DEFINITIONAL,prop:modular-cut-extension,The extension classification identifies extensions with modular cuts. Direct prerequisite: Modular cut.,HIGH
N036,Single-element extension,N037,Crapo extension classification,DEFINITIONAL,prop:modular-cut-extension,The extension classification identifies extensions with modular cuts. Direct prerequisite: Single-element extension.,HIGH
N037,Crapo extension classification,N038,Empty cut gives coloop,DEFINITIONAL,prop:target-extension-criterion (unlabeled requirement at this use),The empty cut corresponds to the coloop extension. Direct prerequisite: Crapo extension classification.,HIGH
N022,Coloop,N038,Empty cut gives coloop,PROOF,prop:target-extension-criterion (unlabeled requirement at this use),The empty cut corresponds to the coloop extension. Direct prerequisite: Coloop.,HIGH
N037,Crapo extension classification,N039,Full cut gives loop,DEFINITIONAL,prop:target-extension-criterion (unlabeled requirement at this use),The full cut corresponds to the loop extension. Direct prerequisite: Crapo extension classification.,HIGH
N021,Loop,N039,Full cut gives loop,PROOF,prop:target-extension-criterion (unlabeled requirement at this use),The full cut corresponds to the loop extension. Direct prerequisite: Loop.,HIGH
N035,Generated modular cut,N040,Target-extension criterion,DEFINITIONAL,prop:target-extension-criterion,The generated positive cut avoids negative flats exactly in a valid extension. Direct prerequisite: Generated modular cut.,HIGH
N036,Single-element extension,N040,Target-extension criterion,DEFINITIONAL,prop:target-extension-criterion,The generated positive cut avoids negative flats exactly in a valid extension. Direct prerequisite: Single-element extension.,HIGH
N037,Crapo extension classification,N040,Target-extension criterion,PROOF,prop:target-extension-criterion,The generated positive cut avoids negative flats exactly in a valid extension. Direct prerequisite: Crapo extension classification.,HIGH
N041,Closure under extension restriction,N040,Target-extension criterion,PROOF,prop:target-extension-criterion,The generated positive cut avoids negative flats exactly in a valid extension. Direct prerequisite: Closure under extension restriction.,HIGH
N006,Rank,N041,Closure under extension restriction,DEFINITIONAL,prop:target-extension-criterion (unlabeled requirement at this use),Closure in the restriction has the same rank and target-spanning consequence in the extension. Direct prerequisite: Rank.,HIGH
N007,Closure,N041,Closure under extension restriction,DEFINITIONAL,prop:target-extension-criterion (unlabeled requirement at this use),Closure in the restriction has the same rank and target-spanning consequence in the extension. Direct prerequisite: Closure.,HIGH
N036,Single-element extension,N041,Closure under extension restriction,DEFINITIONAL,prop:target-extension-criterion (unlabeled requirement at this use),Closure in the restriction has the same rank and target-spanning consequence in the extension. Direct prerequisite: Single-element extension.,HIGH
N001,Finite matroid,N042,Matroid representation,DEFINITIONAL,def:matroid-representability,Representation compares indexed linear independence with matroid independence. Direct prerequisite: Finite matroid.,HIGH
N001,Finite matroid,N043,Vector matroid,DEFINITIONAL,def:vector-matroid,The indexed vector independence system defines a matroid. Direct prerequisite: Finite matroid.,HIGH
N006,Rank,N044,Represented rank,DEFINITIONAL,prop:represented-minors (unlabeled requirement at this use),Represented rank is the dimension of the indexed vector span. Direct prerequisite: Rank.,HIGH
N043,Vector matroid,N044,Represented rank,DEFINITIONAL,prop:represented-minors (unlabeled requirement at this use),Represented rank is the dimension of the indexed vector span. Direct prerequisite: Vector matroid.,HIGH
N007,Closure,N045,Represented closure,DEFINITIONAL,prop:represented-minors (unlabeled requirement at this use),The span test realizes matroid closure for the represented family. Direct prerequisite: Closure.,HIGH
N043,Vector matroid,N045,Represented closure,DEFINITIONAL,prop:represented-minors (unlabeled requirement at this use),The span test realizes matroid closure for the represented family. Direct prerequisite: Vector matroid.,HIGH
N044,Represented rank,N045,Represented closure,PROOF,prop:represented-minors (unlabeled requirement at this use),The span test realizes matroid closure for the represented family. Direct prerequisite: Represented rank.,HIGH
N015,Circuit,N046,Represented circuits,DEFINITIONAL,prop:represented-minors (unlabeled requirement at this use),Minimal indexed linear dependence realizes a circuit. Direct prerequisite: Circuit.,HIGH
N043,Vector matroid,N046,Represented circuits,DEFINITIONAL,prop:represented-minors (unlabeled requirement at this use),Minimal indexed linear dependence realizes a circuit. Direct prerequisite: Vector matroid.,HIGH
N042,Matroid representation,N047,Projective equivalence,DEFINITIONAL,def:projective-equivalence,Projective equivalence compares two representations of one matroid. Direct prerequisite: Matroid representation.,HIGH
N023,Restriction,N048,Represented restriction and deletion,DEFINITIONAL,prop:represented-minors,Keeping surviving columns represents restriction and deletion. Direct prerequisite: Restriction.,HIGH
N024,Deletion,N048,Represented restriction and deletion,DEFINITIONAL,prop:represented-minors,Keeping surviving columns represents restriction and deletion. Direct prerequisite: Deletion.,HIGH
N043,Vector matroid,N048,Represented restriction and deletion,DEFINITIONAL,prop:represented-minors,Keeping surviving columns represents restriction and deletion. Direct prerequisite: Vector matroid.,HIGH
N025,Contraction rank,N049,Represented contraction,DEFINITIONAL,prop:represented-minors,Projection by the contracted span represents contraction. Direct prerequisite: Contraction rank.,HIGH
N043,Vector matroid,N049,Represented contraction,DEFINITIONAL,prop:represented-minors,Projection by the contracted span represents contraction. Direct prerequisite: Vector matroid.,HIGH
N012,Flat,N050,Functional zero flat,DEFINITIONAL,prop:functional-zero-flat,A functional kernel intersects the configuration in a represented flat. Direct prerequisite: Flat.,HIGH
N045,Represented closure,N050,Functional zero flat,PROOF,prop:functional-zero-flat,A functional kernel intersects the configuration in a represented flat. Direct prerequisite: Represented closure.,HIGH
N042,Matroid representation,N051,Regularity,DEFINITIONAL,def:regular-matroid,Regularity means representation over every field. Direct prerequisite: Matroid representation.,HIGH
N051,Regularity,N052,Tutte characterization,DEFINITIONAL,thm:regular-quotient-form (unlabeled requirement at this use),The TU characterization relates regularity to a real representation. Direct prerequisite: Regularity.,HIGH
N042,Matroid representation,N053,TU representation over every field,DEFINITIONAL,thm:regular-quotient-form (unlabeled requirement at this use),The TU determinant argument makes the same column matroid representable over all fields. Direct prerequisite: Matroid representation.,HIGH
N051,Regularity,N053,TU representation over every field,DEFINITIONAL,thm:regular-quotient-form (unlabeled requirement at this use),The TU determinant argument makes the same column matroid representable over all fields. Direct prerequisite: Regularity.,HIGH
N051,Regularity,N054,Regular minor closure,DEFINITIONAL,prop:regular-basic-properties,The represented minor descriptions establish regular minor closure. Direct prerequisite: Regularity.,HIGH
N048,Represented restriction and deletion,N054,Regular minor closure,PROOF,prop:regular-basic-properties,The represented minor descriptions establish regular minor closure. Direct prerequisite: Represented restriction and deletion.,HIGH
N049,Represented contraction,N054,Regular minor closure,PROOF,prop:regular-basic-properties,The represented minor descriptions establish regular minor closure. Direct prerequisite: Represented contraction.,HIGH
N047,Projective equivalence,N055,Projective uniqueness of regular matroids,DEFINITIONAL,prop:regular-basic-properties,Projective equivalence of real representations uses a fixed TU realization. Direct prerequisite: Projective equivalence.,HIGH
N051,Regularity,N055,Projective uniqueness of regular matroids,DEFINITIONAL,prop:regular-basic-properties,Projective equivalence of real representations uses a fixed TU realization. Direct prerequisite: Regularity.,HIGH
N052,Tutte characterization,N055,Projective uniqueness of regular matroids,PROOF,prop:regular-basic-properties,Projective equivalence of real representations uses a fixed TU realization. Direct prerequisite: Tutte characterization.,HIGH
N042,Matroid representation,N056,TU pivot and standard form,DEFINITIONAL,thm:regular-quotient-form (unlabeled requirement at this use),A basis pivot produces a standard-form representation while preserving TU. Direct prerequisite: Matroid representation.,HIGH
N042,Matroid representation,N057,TU identity augmentation,DEFINITIONAL,thm:regular-quotient-form (unlabeled requirement at this use),Identity augmentation is a statement about a TU matrix representation. Direct prerequisite: Matroid representation.,MEDIUM
N020,Free matroid,N059,Regular free quotient form,DEFINITIONAL,thm:regular-quotient-form,The regular free-quotient construction uses a TU standard form and contraction. Direct prerequisite: Free matroid.,HIGH
N051,Regularity,N059,Regular free quotient form,DEFINITIONAL,thm:regular-quotient-form,The regular free-quotient construction uses a TU standard form and contraction. Direct prerequisite: Regularity.,HIGH
N049,Represented contraction,N059,Regular free quotient form,PROOF,thm:regular-quotient-form,The regular free-quotient construction uses a TU standard form and contraction. Direct prerequisite: Represented contraction.,HIGH
N056,TU pivot and standard form,N059,Regular free quotient form,PROOF,thm:regular-quotient-form,The regular free-quotient construction uses a TU standard form and contraction. Direct prerequisite: TU pivot and standard form.,HIGH
N057,TU identity augmentation,N059,Regular free quotient form,PROOF,thm:regular-quotient-form,The regular free-quotient construction uses a TU standard form and contraction. Direct prerequisite: TU identity augmentation.,HIGH
N020,Free matroid,N060,Regular extension chain,DEFINITIONAL,cor:regular-extension-chain,The regular quotient form yields a chain of regular extensions from a free matroid. Direct prerequisite: Free matroid.,HIGH
N036,Single-element extension,N060,Regular extension chain,DEFINITIONAL,cor:regular-extension-chain,The regular quotient form yields a chain of regular extensions from a free matroid. Direct prerequisite: Single-element extension.,HIGH
N059,Regular free quotient form,N060,Regular extension chain,PROOF,cor:regular-extension-chain,The regular quotient form yields a chain of regular extensions from a free matroid. Direct prerequisite: Regular free quotient form.,HIGH
N001,Finite matroid,N061,Graphic matroid,DEFINITIONAL,def:graphic-cographic,Graphic independence is the forest independence system on graph edges. Direct prerequisite: Finite matroid.,HIGH
N001,Finite matroid,N062,Cographic matroid,DEFINITIONAL,def:graphic-cographic,Minimal nonempty graph cuts specify the cographic circuits. Direct prerequisite: Finite matroid.,HIGH
N015,Circuit,N063,Regular-matroid cycle,DEFINITIONAL,def:matroid-cycle,A regular-matroid cycle is a disjoint union of circuits. Direct prerequisite: Circuit.,HIGH
N063,Regular-matroid cycle,N064,Regular one-sum construction,DEFINITIONAL,def:regular-matroid-sums,The one-sum is defined by cycle unions on disjoint ground sets. Direct prerequisite: Regular-matroid cycle.,HIGH
N021,Loop,N065,Regular two-sum construction,DEFINITIONAL,def:regular-matroid-sums,The two-sum uses cycle symmetric difference under proper nonloop and noncoloop glue. Direct prerequisite: Loop.,HIGH
N022,Coloop,N065,Regular two-sum construction,DEFINITIONAL,def:regular-matroid-sums,The two-sum uses cycle symmetric difference under proper nonloop and noncoloop glue. Direct prerequisite: Coloop.,HIGH
N063,Regular-matroid cycle,N065,Regular two-sum construction,DEFINITIONAL,def:regular-matroid-sums,The two-sum uses cycle symmetric difference under proper nonloop and noncoloop glue. Direct prerequisite: Regular-matroid cycle.,HIGH
N256,Binary cycle symmetric difference,N065,Regular two-sum construction,PROOF,def:regular-matroid-sums,The two-sum uses cycle symmetric difference under proper nonloop and noncoloop glue. Direct prerequisite: Binary cycle symmetric difference.,HIGH
N015,Circuit,N066,Regular three-sum construction,DEFINITIONAL,def:regular-matroid-sums,The three-sum uses cycle symmetric difference across a coindependent common circuit. Direct prerequisite: Circuit.,HIGH
N018,Cocircuit,N066,Regular three-sum construction,DEFINITIONAL,def:regular-matroid-sums,The three-sum uses cycle symmetric difference across a coindependent common circuit. Direct prerequisite: Cocircuit.,HIGH
N063,Regular-matroid cycle,N066,Regular three-sum construction,DEFINITIONAL,def:regular-matroid-sums,The three-sum uses cycle symmetric difference across a coindependent common circuit. Direct prerequisite: Regular-matroid cycle.,HIGH
N256,Binary cycle symmetric difference,N066,Regular three-sum construction,PROOF,def:regular-matroid-sums,The three-sum uses cycle symmetric difference across a coindependent common circuit. Direct prerequisite: Binary cycle symmetric difference.,HIGH
N051,Regularity,N067,One-sum preserves regularity,DEFINITIONAL,thm:recursive-r10-regular-cost (unlabeled requirement at this use),The sum construction preserves regularity of its factors. Direct prerequisite: Regularity.,HIGH
N064,Regular one-sum construction,N067,One-sum preserves regularity,DEFINITIONAL,thm:recursive-r10-regular-cost (unlabeled requirement at this use),The sum construction preserves regularity of its factors. Direct prerequisite: Regular one-sum construction.,HIGH
N051,Regularity,N068,Two-sum preserves regularity,DEFINITIONAL,thm:recursive-r10-regular-cost (unlabeled requirement at this use),The proper two-sum preserves regularity of its factors. Direct prerequisite: Regularity.,HIGH
N065,Regular two-sum construction,N068,Two-sum preserves regularity,DEFINITIONAL,thm:recursive-r10-regular-cost (unlabeled requirement at this use),The proper two-sum preserves regularity of its factors. Direct prerequisite: Regular two-sum construction.,HIGH
N051,Regularity,N069,Three-sum preserves regularity,DEFINITIONAL,thm:recursive-r10-regular-cost (unlabeled requirement at this use),The proper three-sum preserves regularity of its factors. Direct prerequisite: Regularity.,HIGH
N066,Regular three-sum construction,N069,Three-sum preserves regularity,DEFINITIONAL,thm:recursive-r10-regular-cost (unlabeled requirement at this use),The proper three-sum preserves regularity of its factors. Direct prerequisite: Regular three-sum construction.,HIGH
N043,Vector matroid,N070,R10,DEFINITIONAL,def:r10,The displayed matrix specifies the regular vector matroid R10. Direct prerequisite: Vector matroid.,HIGH
N051,Regularity,N070,R10,DEFINITIONAL,def:r10,The displayed matrix specifies the regular vector matroid R10. Direct prerequisite: Regularity.,HIGH
N061,Graphic matroid,N071,Seymour decomposition object,DEFINITIONAL,def:seymour-decomposition,"A decomposition tree uses sum types and graphic, cographic, or R10 leaves. Direct prerequisite: Graphic matroid.",HIGH
N062,Cographic matroid,N071,Seymour decomposition object,DEFINITIONAL,def:seymour-decomposition,"A decomposition tree uses sum types and graphic, cographic, or R10 leaves. Direct prerequisite: Cographic matroid.",HIGH
N064,Regular one-sum construction,N071,Seymour decomposition object,DEFINITIONAL,def:seymour-decomposition,"A decomposition tree uses sum types and graphic, cographic, or R10 leaves. Direct prerequisite: Regular one-sum construction.",HIGH
N065,Regular two-sum construction,N071,Seymour decomposition object,DEFINITIONAL,def:seymour-decomposition,"A decomposition tree uses sum types and graphic, cographic, or R10 leaves. Direct prerequisite: Regular two-sum construction.",HIGH
N066,Regular three-sum construction,N071,Seymour decomposition object,DEFINITIONAL,def:seymour-decomposition,"A decomposition tree uses sum types and graphic, cographic, or R10 leaves. Direct prerequisite: Regular three-sum construction.",HIGH
N070,R10,N071,Seymour decomposition object,DEFINITIONAL,def:seymour-decomposition,"A decomposition tree uses sum types and graphic, cographic, or R10 leaves. Direct prerequisite: R10.",HIGH
N051,Regularity,N072,Seymour decomposition theorem,DEFINITIONAL,thm:seymour-decomposition,The decomposition theorem applies to a regular matroid and produces that tree. Direct prerequisite: Regularity.,HIGH
N071,Seymour decomposition object,N072,Seymour decomposition theorem,DEFINITIONAL,thm:seymour-decomposition,The decomposition theorem applies to a regular matroid and produces that tree. Direct prerequisite: Seymour decomposition object.,HIGH
N001,Finite matroid,N073,Colored matroid,DEFINITIONAL,def:colored-matroid,A coloring adds an element-label map to a matroid. Direct prerequisite: Finite matroid.,HIGH
N001,Finite matroid,N080,Finite closure-exchange representation,DEFINITIONAL,def:matroidal-query-system,The closure-exchange axioms construct a finite matroid with the given closure. Direct prerequisite: Finite matroid.,HIGH
N007,Closure,N081,Pointed matroid port,DEFINITIONAL,prop:minimal-query-circuits (unlabeled requirement at this use),Minimal target-spanning sets are exactly target-circuit complements. Direct prerequisite: Closure.,HIGH
N015,Circuit,N081,Pointed matroid port,DEFINITIONAL,prop:minimal-query-circuits (unlabeled requirement at this use),Minimal target-spanning sets are exactly target-circuit complements. Direct prerequisite: Circuit.,HIGH
N016,Circuit characterization of closure,N081,Pointed matroid port,PROOF,prop:minimal-query-circuits (unlabeled requirement at this use),Minimal target-spanning sets are exactly target-circuit complements. Direct prerequisite: Circuit characterization of closure.,HIGH
N007,Closure,N097,Flat-lattice join,DEFINITIONAL,prop:mobius-source-potential (unlabeled requirement at this use),The least flat containing two flats is closure of their union. Direct prerequisite: Closure.,HIGH
N012,Flat,N097,Flat-lattice join,DEFINITIONAL,prop:mobius-source-potential (unlabeled requirement at this use),The least flat containing two flats is closure of their union. Direct prerequisite: Flat.,HIGH
N007,Closure,N105,Positive target support,DEFINITIONAL,def:positive-support,Positive support minimizes over subsets spanning the pointed target. Direct prerequisite: Closure.,HIGH
N015,Circuit,N106,Positive support by target circuits,DEFINITIONAL,prop:positive-support-circuits,The minimum spanning support is the minimum target-circuit complement. Direct prerequisite: Circuit.,HIGH
N105,Positive target support,N106,Positive support by target circuits,DEFINITIONAL,prop:positive-support-circuits,The minimum spanning support is the minimum target-circuit complement. Direct prerequisite: Positive target support.,HIGH
N081,Pointed matroid port,N106,Positive support by target circuits,PROOF,prop:positive-support-circuits,The minimum spanning support is the minimum target-circuit complement. Direct prerequisite: Pointed matroid port.,HIGH
N007,Closure,N107,Negative target support,DEFINITIONAL,def:negative-support,Negative support minimizes target cocircuit complements avoiding availability. Direct prerequisite: Closure.,HIGH
N018,Cocircuit,N107,Negative target support,DEFINITIONAL,def:negative-support,Negative support minimizes target cocircuit complements avoiding availability. Direct prerequisite: Cocircuit.,HIGH
N042,Matroid representation,N109,Positive support in a representation,DEFINITIONAL,prop:support-linear-characterization,"In a representation, nonzero reconstruction coefficients identify spanning support. Direct prerequisite: Matroid representation.",HIGH
N105,Positive target support,N109,Positive support in a representation,DEFINITIONAL,prop:support-linear-characterization,"In a representation, nonzero reconstruction coefficients identify spanning support. Direct prerequisite: Positive target support.",HIGH
N045,Represented closure,N109,Positive support in a representation,PROOF,prop:support-linear-characterization,"In a representation, nonzero reconstruction coefficients identify spanning support. Direct prerequisite: Represented closure.",HIGH
N042,Matroid representation,N110,Negative support in a representation,DEFINITIONAL,prop:support-linear-characterization,A target-normalized separating functional identifies the least cocircuit support. Direct prerequisite: Matroid representation.,HIGH
N107,Negative target support,N110,Negative support in a representation,DEFINITIONAL,prop:support-linear-characterization,A target-normalized separating functional identifies the least cocircuit support. Direct prerequisite: Negative target support.,HIGH
N045,Represented closure,N110,Negative support in a representation,PROOF,prop:support-linear-characterization,A target-normalized separating functional identifies the least cocircuit support. Direct prerequisite: Represented closure.,HIGH
N043,Vector matroid,N111,Nonzero column rescaling,DEFINITIONAL,prop:representation-scaling (unlabeled requirement at this use),Nonzero column scaling preserves indexed linear dependencies. Direct prerequisite: Vector matroid.,HIGH
N043,Vector matroid,N112,Ambient linear isomorphism,DEFINITIONAL,prop:representation-scaling (unlabeled requirement at this use),An ambient isomorphism preserves indexed linear dependencies. Direct prerequisite: Vector matroid.,HIGH
N047,Projective equivalence,N116,Regular real representations parameterize by weights,DEFINITIONAL,prop:regular-representations-are-weights,Projective uniqueness reduces real regular representations to column weights. Direct prerequisite: Projective equivalence.,HIGH
N051,Regularity,N116,Regular real representations parameterize by weights,DEFINITIONAL,prop:regular-representations-are-weights,Projective uniqueness reduces real regular representations to column weights. Direct prerequisite: Regularity.,HIGH
N055,Projective uniqueness of regular matroids,N116,Regular real representations parameterize by weights,PROOF,prop:regular-representations-are-weights,Projective uniqueness reduces real regular representations to column weights. Direct prerequisite: Projective uniqueness of regular matroids.,HIGH
N111,Nonzero column rescaling,N116,Regular real representations parameterize by weights,PROOF,prop:regular-representations-are-weights,Projective uniqueness reduces real regular representations to column weights. Direct prerequisite: Nonzero column rescaling.,HIGH
N112,Ambient linear isomorphism,N116,Regular real representations parameterize by weights,PROOF,prop:regular-representations-are-weights,Projective uniqueness reduces real regular representations to column weights. Direct prerequisite: Ambient linear isomorphism.,HIGH
N015,Circuit,N118,Signed circuit dependency,DEFINITIONAL,thm:regular-support-bound (unlabeled requirement at this use),TU circuit dependencies normalize to signs on their support. Direct prerequisite: Circuit.,HIGH
N052,Tutte characterization,N118,Signed circuit dependency,DEFINITIONAL,thm:regular-support-bound (unlabeled requirement at this use),TU circuit dependencies normalize to signs on their support. Direct prerequisite: Tutte characterization.,HIGH
N018,Cocircuit,N119,Signed cocircuit functional,DEFINITIONAL,thm:regular-support-bound (unlabeled requirement at this use),TU cocircuit functionals normalize to signs on their support. Direct prerequisite: Cocircuit.,HIGH
N052,Tutte characterization,N119,Signed cocircuit functional,DEFINITIONAL,thm:regular-support-bound (unlabeled requirement at this use),TU cocircuit functionals normalize to signs on their support. Direct prerequisite: Tutte characterization.,HIGH
N002,Basis,N122,Weighted target basis sums,DEFINITIONAL,thm:regular-matroid-energy (unlabeled requirement at this use),The two weighted sums partition bases by target membership. Direct prerequisite: Basis.,HIGH
N042,Matroid representation,N125,TU weighted basis determinant,DEFINITIONAL,thm:regular-matroid-energy (unlabeled requirement at this use),The TU determinant expands as the weighted basis sum. Direct prerequisite: Matroid representation.,HIGH
N122,Weighted target basis sums,N125,TU weighted basis determinant,DEFINITIONAL,thm:regular-matroid-energy (unlabeled requirement at this use),The TU determinant expands as the weighted basis sum. Direct prerequisite: Weighted target basis sums.,HIGH
N001,Finite matroid,N129,Uniform matroid,DEFINITIONAL,prop:grover-source-value (unlabeled requirement at this use),The uniform independence family is a matroid on a finite ground set. Direct prerequisite: Finite matroid.,HIGH
N015,Circuit,N130,Corank-one uniform target circuit,DEFINITIONAL,prop:grover-source-value (unlabeled requirement at this use),The unique circuit of corank-one uniform matroid is its full ground set. Direct prerequisite: Circuit.,HIGH
N129,Uniform matroid,N130,Corank-one uniform target circuit,DEFINITIONAL,prop:grover-source-value (unlabeled requirement at this use),The unique circuit of corank-one uniform matroid is its full ground set. Direct prerequisite: Uniform matroid.,HIGH
N007,Closure,N131,Rank-one uniform target closure,DEFINITIONAL,prop:grover-source-value (unlabeled requirement at this use),Every nonempty non-target set spans the rank-one target. Direct prerequisite: Closure.,HIGH
N129,Uniform matroid,N131,Rank-one uniform target closure,DEFINITIONAL,prop:grover-source-value (unlabeled requirement at this use),Every nonempty non-target set spans the rank-one target. Direct prerequisite: Uniform matroid.,HIGH
N002,Basis,N132,Dual matroid bases,DEFINITIONAL,def:graphic-cographic (unlabeled requirement at this use),Dual bases are complements of original bases. Direct prerequisite: Basis.,HIGH
N015,Circuit,N133,Dual circuits and cocircuits,DEFINITIONAL,def:graphic-cographic (unlabeled requirement at this use),Dual circuits give original cocircuits. Direct prerequisite: Circuit.,HIGH
N018,Cocircuit,N133,Dual circuits and cocircuits,DEFINITIONAL,def:graphic-cographic (unlabeled requirement at this use),Dual circuits give original cocircuits. Direct prerequisite: Cocircuit.,HIGH
N132,Dual matroid bases,N133,Dual circuits and cocircuits,DEFINITIONAL,def:graphic-cographic (unlabeled requirement at this use),Dual circuits give original cocircuits. Direct prerequisite: Dual matroid bases.,HIGH
N024,Deletion,N134,Deletion-contraction duality,DEFINITIONAL,def:graphic-cographic (unlabeled requirement at this use),Duality exchanges deletion with contraction. Direct prerequisite: Deletion.,HIGH
N025,Contraction rank,N134,Deletion-contraction duality,DEFINITIONAL,def:graphic-cographic (unlabeled requirement at this use),Duality exchanges deletion with contraction. Direct prerequisite: Contraction rank.,HIGH
N132,Dual matroid bases,N134,Deletion-contraction duality,DEFINITIONAL,def:graphic-cographic (unlabeled requirement at this use),Duality exchanges deletion with contraction. Direct prerequisite: Dual matroid bases.,HIGH
N061,Graphic matroid,N135,Graphic-cographic duality,DEFINITIONAL,def:graphic-cographic (unlabeled requirement at this use),The cographic graph matroid is the dual of the graphic one. Direct prerequisite: Graphic matroid.,HIGH
N062,Cographic matroid,N135,Graphic-cographic duality,DEFINITIONAL,def:graphic-cographic (unlabeled requirement at this use),The cographic graph matroid is the dual of the graphic one. Direct prerequisite: Cographic matroid.,HIGH
N132,Dual matroid bases,N135,Graphic-cographic duality,PROOF,def:graphic-cographic (unlabeled requirement at this use),The cographic graph matroid is the dual of the graphic one. Direct prerequisite: Dual matroid bases.,HIGH
N002,Basis,N136,Direct-sum bases,DEFINITIONAL,prop:seymour-one-sum (unlabeled requirement at this use),A direct-sum basis consists of component bases. Direct prerequisite: Basis.,HIGH
N064,Regular one-sum construction,N136,Direct-sum bases,DEFINITIONAL,prop:seymour-one-sum (unlabeled requirement at this use),A direct-sum basis consists of component bases. Direct prerequisite: Regular one-sum construction.,HIGH
N122,Weighted target basis sums,N137,One-sum target ratio,DEFINITIONAL,prop:seymour-one-sum,The direct-sum basis factor multiplies both pointed basis sums. Direct prerequisite: Weighted target basis sums.,HIGH
N136,Direct-sum bases,N137,One-sum target ratio,PROOF,prop:seymour-one-sum,The direct-sum basis factor multiplies both pointed basis sums. Direct prerequisite: Direct-sum bases.,HIGH
N002,Basis,N138,Proper 2-sum basis correspondence,DEFINITIONAL,thm:seymour-two-sum (unlabeled requirement at this use),Proper two-sum bases use the glue element on exactly one side. Direct prerequisite: Basis.,HIGH
N065,Regular two-sum construction,N138,Proper 2-sum basis correspondence,DEFINITIONAL,thm:seymour-two-sum (unlabeled requirement at this use),Proper two-sum bases use the glue element on exactly one side. Direct prerequisite: Regular two-sum construction.,HIGH
N122,Weighted target basis sums,N139,Two-sum effective weight,DEFINITIONAL,thm:seymour-two-sum,The basis correspondence factors both pointed sums and yields the effective weight. Direct prerequisite: Weighted target basis sums.,HIGH
N138,Proper 2-sum basis correspondence,N139,Two-sum effective weight,PROOF,thm:seymour-two-sum,The basis correspondence factors both pointed sums and yields the effective weight. Direct prerequisite: Proper 2-sum basis correspondence.,HIGH
N024,Deletion,N140,Zero effective weight is deletion,DEFINITIONAL,thm:seymour-linear-cost (unlabeled requirement at this use),The zero numerator of the two-sum factor is the deletion boundary. Direct prerequisite: Deletion.,HIGH
N139,Two-sum effective weight,N140,Zero effective weight is deletion,PROOF,thm:seymour-linear-cost (unlabeled requirement at this use),The zero numerator of the two-sum factor is the deletion boundary. Direct prerequisite: Two-sum effective weight.,HIGH
N025,Contraction rank,N141,Infinite effective weight is contraction,DEFINITIONAL,thm:seymour-linear-cost (unlabeled requirement at this use),The zero denominator of the two-sum factor is the contraction boundary. Direct prerequisite: Contraction rank.,HIGH
N139,Two-sum effective weight,N141,Infinite effective weight is contraction,PROOF,thm:seymour-linear-cost (unlabeled requirement at this use),The zero denominator of the two-sum factor is the contraction boundary. Direct prerequisite: Two-sum effective weight.,HIGH
N007,Closure,N143,Negative restriction coloop,DEFINITIONAL,prop:seymour-two-sum-input-minors,Nonspanning availability makes the glue a coloop in the restriction. Direct prerequisite: Closure.,HIGH
N023,Restriction,N143,Negative restriction coloop,DEFINITIONAL,prop:seymour-two-sum-input-minors,Nonspanning availability makes the glue a coloop in the restriction. Direct prerequisite: Restriction.,HIGH
N022,Coloop,N143,Negative restriction coloop,PROOF,prop:seymour-two-sum-input-minors,Nonspanning availability makes the glue a coloop in the restriction. Direct prerequisite: Coloop.,HIGH
N025,Contraction rank,N144,Positive contraction loop,DEFINITIONAL,prop:seymour-two-sum-input-minors,Spanning availability makes the glue a loop after contraction. Direct prerequisite: Contraction rank.,HIGH
N030,Spanned target contracts to loop,N144,Positive contraction loop,PROOF,prop:seymour-two-sum-input-minors,Spanning availability makes the glue a loop after contraction. Direct prerequisite: Spanned target contracts to loop.,HIGH
N015,Circuit,N146,Two-sum target-circuit gluing,DEFINITIONAL,prop:recursive-r10-closure (unlabeled requirement at this use),The target-circuit description is the circuit form of proper two-sum gluing. Direct prerequisite: Circuit.,HIGH
N065,Regular two-sum construction,N146,Two-sum target-circuit gluing,DEFINITIONAL,prop:recursive-r10-closure (unlabeled requirement at this use),The target-circuit description is the circuit form of proper two-sum gluing. Direct prerequisite: Regular two-sum construction.,HIGH
N007,Closure,N147,Two-sum target-spanning substitution,DEFINITIONAL,prop:recursive-r10-closure (unlabeled requirement at this use),Circuit gluing makes target spanning equivalent to substituting child spanning. Direct prerequisite: Closure.,HIGH
N146,Two-sum target-circuit gluing,N147,Two-sum target-spanning substitution,PROOF,prop:recursive-r10-closure (unlabeled requirement at this use),Circuit gluing makes target spanning equivalent to substituting child spanning. Direct prerequisite: Two-sum target-circuit gluing.,HIGH
N018,Cocircuit,N148,Two-sum cocircuit gluing,DEFINITIONAL,prop:recursive-r10-natural-cost (unlabeled requirement at this use),The cocircuit form of gluing is dual to the circuit description. Direct prerequisite: Cocircuit.,HIGH
N065,Regular two-sum construction,N148,Two-sum cocircuit gluing,DEFINITIONAL,prop:recursive-r10-natural-cost (unlabeled requirement at this use),The cocircuit form of gluing is dual to the circuit description. Direct prerequisite: Regular two-sum construction.,HIGH
N133,Dual circuits and cocircuits,N148,Two-sum cocircuit gluing,PROOF,prop:recursive-r10-natural-cost (unlabeled requirement at this use),The cocircuit form of gluing is dual to the circuit description. Direct prerequisite: Dual circuits and cocircuits.,HIGH
N065,Regular two-sum construction,N149,Two-sum ground-set cardinality,DEFINITIONAL,prop:recursive-r10-closure (unlabeled requirement at this use),The proper two-sum removes both copies of its common element. Direct prerequisite: Regular two-sum construction.,HIGH
N006,Rank,N150,Two-sum rank,DEFINITIONAL,prop:recursive-r10-closure (unlabeled requirement at this use),The basis correspondence gives the rank loss of one at the glue. Direct prerequisite: Rank.,HIGH
N065,Regular two-sum construction,N150,Two-sum rank,DEFINITIONAL,prop:recursive-r10-closure (unlabeled requirement at this use),The basis correspondence gives the rank loss of one at the glue. Direct prerequisite: Regular two-sum construction.,HIGH
N138,Proper 2-sum basis correspondence,N150,Two-sum rank,PROOF,prop:recursive-r10-closure (unlabeled requirement at this use),The basis correspondence gives the rank loss of one at the glue. Direct prerequisite: Proper 2-sum basis correspondence.,HIGH
N218,Recursive pointed matroid,N151,Connectedness at recursive glue,DEFINITIONAL,prop:recursive-r10-closure (unlabeled requirement at this use),Base connectedness and recursive attachment make the next glue proper. Direct prerequisite: Recursive pointed matroid.,MEDIUM
N255,R10 connectedness,N151,Connectedness at recursive glue,PROOF,prop:recursive-r10-closure (unlabeled requirement at this use),Base connectedness and recursive attachment make the next glue proper. Direct prerequisite: R10 connectedness.,MEDIUM
N015,Circuit,N152,Recover parent across a two-element circuit,DEFINITIONAL,prop:recursive-r10-closure (unlabeled requirement at this use),Reducing a child to a two-element circuit relabels the parent's attachment. Direct prerequisite: Circuit.,HIGH
N065,Regular two-sum construction,N152,Recover parent across a two-element circuit,DEFINITIONAL,prop:recursive-r10-closure (unlabeled requirement at this use),Reducing a child to a two-element circuit relabels the parent's attachment. Direct prerequisite: Regular two-sum construction.,HIGH
N025,Contraction rank,N152,Recover parent across a two-element circuit,PROOF,prop:recursive-r10-closure (unlabeled requirement at this use),Reducing a child to a two-element circuit relabels the parent's attachment. Direct prerequisite: Contraction rank.,HIGH
N122,Weighted target basis sums,N153,Effective-weight homogeneity,DEFINITIONAL,thm:recursive-r10-regular-cost (unlabeled requirement at this use),Homogeneity follows from the degrees of the two pointed basis sums. Direct prerequisite: Weighted target basis sums.,HIGH
N139,Two-sum effective weight,N153,Effective-weight homogeneity,PROOF,thm:recursive-r10-regular-cost (unlabeled requirement at this use),Homogeneity follows from the degrees of the two pointed basis sums. Direct prerequisite: Two-sum effective weight.,HIGH
N139,Two-sum effective weight,N154,Regular effective-weight monotonicity,DEFINITIONAL,thm:recursive-r10-regular-cost (unlabeled requirement at this use),The regular weighted-basis ratio is monotone in a non-target weight. Direct prerequisite: Two-sum effective weight.,MEDIUM
N125,TU weighted basis determinant,N154,Regular effective-weight monotonicity,PROOF,thm:recursive-r10-regular-cost (unlabeled requirement at this use),The regular weighted-basis ratio is monotone in a non-target weight. Direct prerequisite: TU weighted basis determinant.,MEDIUM
N007,Closure,N156,Positive availability odds monotonicity,DEFINITIONAL,prop:r10-natural-program-cost (unlabeled requirement at this use),Restriction basis odds respect enlarging positive availability. Direct prerequisite: Closure.,HIGH
N023,Restriction,N156,Positive availability odds monotonicity,DEFINITIONAL,prop:r10-natural-program-cost (unlabeled requirement at this use),Restriction basis odds respect enlarging positive availability. Direct prerequisite: Restriction.,HIGH
N154,Regular effective-weight monotonicity,N156,Positive availability odds monotonicity,PROOF,prop:r10-natural-program-cost (unlabeled requirement at this use),Restriction basis odds respect enlarging positive availability. Direct prerequisite: Regular effective-weight monotonicity.,HIGH
N007,Closure,N157,Negative availability odds monotonicity,DEFINITIONAL,prop:r10-natural-program-cost (unlabeled requirement at this use),Contraction basis odds respect enlarging negative availability. Direct prerequisite: Closure.,HIGH
N025,Contraction rank,N157,Negative availability odds monotonicity,DEFINITIONAL,prop:r10-natural-program-cost (unlabeled requirement at this use),Contraction basis odds respect enlarging negative availability. Direct prerequisite: Contraction rank.,HIGH
N154,Regular effective-weight monotonicity,N157,Negative availability odds monotonicity,PROOF,prop:r10-natural-program-cost (unlabeled requirement at this use),Contraction basis odds respect enlarging negative availability. Direct prerequisite: Regular effective-weight monotonicity.,HIGH
N007,Closure,N158,Five 3-sum boundary classes,DEFINITIONAL,lem:seymour-three-sum-five (unlabeled requirement at this use),Triangle circuit closure permits only five intersections with the triangle. Direct prerequisite: Closure.,HIGH
N015,Circuit,N158,Five 3-sum boundary classes,DEFINITIONAL,lem:seymour-three-sum-five (unlabeled requirement at this use),Triangle circuit closure permits only five intersections with the triangle. Direct prerequisite: Circuit.,HIGH
N066,Regular three-sum construction,N159,Three-sum basis compatibility,DEFINITIONAL,lem:seymour-three-sum-five,Binary triangle subspaces give the five compatible basis-class pairs. Direct prerequisite: Regular three-sum construction.,HIGH
N158,Five 3-sum boundary classes,N159,Three-sum basis compatibility,PROOF,lem:seymour-three-sum-five,Binary triangle subspaces give the five compatible basis-class pairs. Direct prerequisite: Five 3-sum boundary classes.,HIGH
N122,Weighted target basis sums,N160,Three-sum five-class bilinear sum,DEFINITIONAL,lem:seymour-three-sum-five,Summing weighted compatible basis pairs gives the bilinear expression. Direct prerequisite: Weighted target basis sums.,HIGH
N266,Weighted triangle signature,N160,Three-sum five-class bilinear sum,DEFINITIONAL,lem:seymour-three-sum-five,Summing weighted compatible basis pairs gives the bilinear expression. Direct prerequisite: Weighted triangle signature.,HIGH
N159,Three-sum basis compatibility,N160,Three-sum five-class bilinear sum,PROOF,lem:seymour-three-sum-five,Summing weighted compatible basis pairs gives the bilinear expression. Direct prerequisite: Three-sum basis compatibility.,HIGH
N051,Regularity,N161,Triangle five-sum identity,DEFINITIONAL,prop:regular-triangle-identity,The determinant basis polynomial proves the regular-triangle identity. Direct prerequisite: Regularity.,HIGH
N266,Weighted triangle signature,N161,Triangle five-sum identity,DEFINITIONAL,prop:regular-triangle-identity,The determinant basis polynomial proves the regular-triangle identity. Direct prerequisite: Weighted triangle signature.,HIGH
N125,TU weighted basis determinant,N161,Triangle five-sum identity,PROOF,prop:regular-triangle-identity,The determinant basis polynomial proves the regular-triangle identity. Direct prerequisite: TU weighted basis determinant.,HIGH
N266,Weighted triangle signature,N162,Triangle a positivity,DEFINITIONAL,thm:seymour-three-sum (following zero-case prose),The nontriangle complement spans and positive weights make the a class positive. Direct prerequisite: Weighted triangle signature.,HIGH
N004,Extension within a subset,N162,Triangle a positivity,PROOF,thm:seymour-three-sum (following zero-case prose),The nontriangle complement spans and positive weights make the a class positive. Direct prerequisite: Extension within a subset.,HIGH
N266,Weighted triangle signature,N163,Triangle c positivity,DEFINITIONAL,thm:seymour-three-sum (following zero-case prose),Extending an independent triangle pair gives a positive c class. Direct prerequisite: Weighted triangle signature.,HIGH
N004,Extension within a subset,N163,Triangle c positivity,PROOF,thm:seymour-three-sum (following zero-case prose),Extending an independent triangle pair gives a positive c class. Direct prerequisite: Extension within a subset.,HIGH
N266,Weighted triangle signature,N164,Triangle singleton-class sparsity,DEFINITIONAL,thm:seymour-three-sum (following zero-case prose),"The triangle identity and positive a,c forbid two vanishing singleton classes. Direct prerequisite: Weighted triangle signature.",HIGH
N161,Triangle five-sum identity,N164,Triangle singleton-class sparsity,PROOF,thm:seymour-three-sum (following zero-case prose),"The triangle identity and positive a,c forbid two vanishing singleton classes. Direct prerequisite: Triangle five-sum identity.",HIGH
N162,Triangle a positivity,N164,Triangle singleton-class sparsity,PROOF,thm:seymour-three-sum (following zero-case prose),"The triangle identity and positive a,c forbid two vanishing singleton classes. Direct prerequisite: Triangle a positivity.",HIGH
N163,Triangle c positivity,N164,Triangle singleton-class sparsity,PROOF,thm:seymour-three-sum (following zero-case prose),"The triangle identity and positive a,c forbid two vanishing singleton classes. Direct prerequisite: Triangle c positivity.",HIGH
N266,Weighted triangle signature,N165,K4 triangle replacement,DEFINITIONAL,thm:seymour-three-sum,"The K4 signature is proportional to the original signature, preserving both basis sums. Direct prerequisite: Weighted triangle signature.",HIGH
N267,Weighted K4 triangle signature,N165,K4 triangle replacement,DEFINITIONAL,thm:seymour-three-sum,"The K4 signature is proportional to the original signature, preserving both basis sums. Direct prerequisite: Weighted K4 triangle signature.",HIGH
N160,Three-sum five-class bilinear sum,N165,K4 triangle replacement,PROOF,thm:seymour-three-sum,"The K4 signature is proportional to the original signature, preserving both basis sums. Direct prerequisite: Three-sum five-class bilinear sum.",HIGH
N161,Triangle five-sum identity,N165,K4 triangle replacement,PROOF,thm:seymour-three-sum,"The K4 signature is proportional to the original signature, preserving both basis sums. Direct prerequisite: Triangle five-sum identity.",HIGH
N025,Contraction rank,N166,Degenerate triangle replacement,DEFINITIONAL,thm:seymour-three-sum (following zero-case prose),The contracted-spoke signature handles the zero class using five-class linearity. Direct prerequisite: Contraction rank.,HIGH
N266,Weighted triangle signature,N166,Degenerate triangle replacement,DEFINITIONAL,thm:seymour-three-sum (following zero-case prose),The contracted-spoke signature handles the zero class using five-class linearity. Direct prerequisite: Weighted triangle signature.,HIGH
N267,Weighted K4 triangle signature,N166,Degenerate triangle replacement,DEFINITIONAL,thm:seymour-three-sum (following zero-case prose),The contracted-spoke signature handles the zero class using five-class linearity. Direct prerequisite: Weighted K4 triangle signature.,HIGH
N160,Three-sum five-class bilinear sum,N166,Degenerate triangle replacement,PROOF,thm:seymour-three-sum (following zero-case prose),The contracted-spoke signature handles the zero class using five-class linearity. Direct prerequisite: Three-sum five-class bilinear sum.,HIGH
N161,Triangle five-sum identity,N166,Degenerate triangle replacement,PROOF,thm:seymour-three-sum (following zero-case prose),The contracted-spoke signature handles the zero class using five-class linearity. Direct prerequisite: Triangle five-sum identity.,HIGH
N162,Triangle a positivity,N166,Degenerate triangle replacement,PROOF,thm:seymour-three-sum (following zero-case prose),The contracted-spoke signature handles the zero class using five-class linearity. Direct prerequisite: Triangle a positivity.,HIGH
N163,Triangle c positivity,N166,Degenerate triangle replacement,PROOF,thm:seymour-three-sum (following zero-case prose),The contracted-spoke signature handles the zero class using five-class linearity. Direct prerequisite: Triangle c positivity.,HIGH
N164,Triangle singleton-class sparsity,N166,Degenerate triangle replacement,PROOF,thm:seymour-three-sum (following zero-case prose),The contracted-spoke signature handles the zero class using five-class linearity. Direct prerequisite: Triangle singleton-class sparsity.,HIGH
N072,Seymour decomposition theorem,N167,Seymour target-basis ratio reduction,DEFINITIONAL,thm:seymour-linear-cost,"Successive target-free 1-, 2-, and 3-sum replacements preserve the ratio. Direct prerequisite: Seymour decomposition theorem.",HIGH
N122,Weighted target basis sums,N167,Seymour target-basis ratio reduction,DEFINITIONAL,thm:seymour-linear-cost,"Successive target-free 1-, 2-, and 3-sum replacements preserve the ratio. Direct prerequisite: Weighted target basis sums.",HIGH
N137,One-sum target ratio,N167,Seymour target-basis ratio reduction,PROOF,thm:seymour-linear-cost,"Successive target-free 1-, 2-, and 3-sum replacements preserve the ratio. Direct prerequisite: One-sum target ratio.",HIGH
N139,Two-sum effective weight,N167,Seymour target-basis ratio reduction,PROOF,thm:seymour-linear-cost,"Successive target-free 1-, 2-, and 3-sum replacements preserve the ratio. Direct prerequisite: Two-sum effective weight.",HIGH
N165,K4 triangle replacement,N167,Seymour target-basis ratio reduction,PROOF,thm:seymour-linear-cost,"Successive target-free 1-, 2-, and 3-sum replacements preserve the ratio. Direct prerequisite: K4 triangle replacement.",HIGH
N166,Degenerate triangle replacement,N167,Seymour target-basis ratio reduction,PROOF,thm:seymour-linear-cost,"Successive target-free 1-, 2-, and 3-sum replacements preserve the ratio. Direct prerequisite: Degenerate triangle replacement.",HIGH
N015,Circuit,N169,R10 circuit counts,DEFINITIONAL,prop:r10-no-three-sum (unlabeled requirement at this use),The R10 circuit enumeration counts four- and six-element circuits. Direct prerequisite: Circuit.,HIGH
N070,R10,N169,R10 circuit counts,DEFINITIONAL,prop:r10-no-three-sum (unlabeled requirement at this use),The R10 circuit enumeration counts four- and six-element circuits. Direct prerequisite: R10.,HIGH
N015,Circuit,N170,R10 has no triangles,DEFINITIONAL,prop:r10-no-three-sum (unlabeled requirement at this use),The R10 circuit enumeration rules out triangles. Direct prerequisite: Circuit.,HIGH
N070,R10,N170,R10 has no triangles,DEFINITIONAL,prop:r10-no-three-sum (unlabeled requirement at this use),The R10 circuit enumeration rules out triangles. Direct prerequisite: R10.,HIGH
N018,Cocircuit,N171,R10 has no triads,DEFINITIONAL,prop:r10-no-three-sum (unlabeled requirement at this use),The R10 cocircuit enumeration rules out triads. Direct prerequisite: Cocircuit.,HIGH
N070,R10,N171,R10 has no triads,DEFINITIONAL,prop:r10-no-three-sum (unlabeled requirement at this use),The R10 cocircuit enumeration rules out triads. Direct prerequisite: R10.,HIGH
N024,Deletion,N172,R10 single deletion,DEFINITIONAL,prop:r10-proper-minors,"The cited single deletion identifies a K3,3 graphic matroid. Direct prerequisite: Deletion.",HIGH
N061,Graphic matroid,N172,R10 single deletion,DEFINITIONAL,prop:r10-proper-minors,"The cited single deletion identifies a K3,3 graphic matroid. Direct prerequisite: Graphic matroid.",HIGH
N070,R10,N172,R10 single deletion,DEFINITIONAL,prop:r10-proper-minors,"The cited single deletion identifies a K3,3 graphic matroid. Direct prerequisite: R10.",HIGH
N025,Contraction rank,N173,R10 single contraction,DEFINITIONAL,prop:r10-proper-minors,"The cited single contraction identifies the K3,3 cographic matroid. Direct prerequisite: Contraction rank.",HIGH
N062,Cographic matroid,N173,R10 single contraction,DEFINITIONAL,prop:r10-proper-minors,"The cited single contraction identifies the K3,3 cographic matroid. Direct prerequisite: Cographic matroid.",HIGH
N070,R10,N173,R10 single contraction,DEFINITIONAL,prop:r10-proper-minors,"The cited single contraction identifies the K3,3 cographic matroid. Direct prerequisite: R10.",HIGH
N026,Minor,N174,Graphic minor closure,DEFINITIONAL,prop:r10-proper-minors (unlabeled requirement at this use),Graph edge deletion and contraction give graphic minors. Direct prerequisite: Minor.,HIGH
N061,Graphic matroid,N174,Graphic minor closure,DEFINITIONAL,prop:r10-proper-minors (unlabeled requirement at this use),Graph edge deletion and contraction give graphic minors. Direct prerequisite: Graphic matroid.,HIGH
N026,Minor,N175,Cographic minor closure,DEFINITIONAL,prop:r10-proper-minors (unlabeled requirement at this use),Dual graph-minor closure gives cographic minors. Direct prerequisite: Minor.,HIGH
N062,Cographic matroid,N175,Cographic minor closure,DEFINITIONAL,prop:r10-proper-minors (unlabeled requirement at this use),Dual graph-minor closure gives cographic minors. Direct prerequisite: Cographic matroid.,HIGH
N061,Graphic matroid,N176,Planar graphic-cographic correspondence,DEFINITIONAL,prop:r10-proper-minors (unlabeled requirement at this use),Planar graph duality identifies the graphic and cographic classes. Direct prerequisite: Graphic matroid.,HIGH
N062,Cographic matroid,N176,Planar graphic-cographic correspondence,DEFINITIONAL,prop:r10-proper-minors (unlabeled requirement at this use),Planar graph duality identifies the graphic and cographic classes. Direct prerequisite: Cographic matroid.,HIGH
N135,Graphic-cographic duality,N176,Planar graphic-cographic correspondence,PROOF,prop:r10-proper-minors (unlabeled requirement at this use),Planar graph duality identifies the graphic and cographic classes. Direct prerequisite: Graphic-cographic duality.,HIGH
N026,Minor,N177,Proper R10 minor class,DEFINITIONAL,prop:r10-proper-minors,"After one R10 deletion or contraction, later minors stay graphic or cographic. Direct prerequisite: Minor.",HIGH
N172,R10 single deletion,N177,Proper R10 minor class,PROOF,prop:r10-proper-minors,"After one R10 deletion or contraction, later minors stay graphic or cographic. Direct prerequisite: R10 single deletion.",HIGH
N173,R10 single contraction,N177,Proper R10 minor class,PROOF,prop:r10-proper-minors,"After one R10 deletion or contraction, later minors stay graphic or cographic. Direct prerequisite: R10 single contraction.",HIGH
N174,Graphic minor closure,N177,Proper R10 minor class,PROOF,prop:r10-proper-minors,"After one R10 deletion or contraction, later minors stay graphic or cographic. Direct prerequisite: Graphic minor closure.",HIGH
N175,Cographic minor closure,N177,Proper R10 minor class,PROOF,prop:r10-proper-minors,"After one R10 deletion or contraction, later minors stay graphic or cographic. Direct prerequisite: Cographic minor closure.",HIGH
N026,Minor,N178,Small R10 minors are both classes,DEFINITIONAL,prop:r10-proper-minors,A second minor step gives a planar graphic or cographic representation. Direct prerequisite: Minor.,HIGH
N172,R10 single deletion,N178,Small R10 minors are both classes,PROOF,prop:r10-proper-minors,A second minor step gives a planar graphic or cographic representation. Direct prerequisite: R10 single deletion.,HIGH
N173,R10 single contraction,N178,Small R10 minors are both classes,PROOF,prop:r10-proper-minors,A second minor step gives a planar graphic or cographic representation. Direct prerequisite: R10 single contraction.,HIGH
N174,Graphic minor closure,N178,Small R10 minors are both classes,PROOF,prop:r10-proper-minors,A second minor step gives a planar graphic or cographic representation. Direct prerequisite: Graphic minor closure.,HIGH
N175,Cographic minor closure,N178,Small R10 minors are both classes,PROOF,prop:r10-proper-minors,A second minor step gives a planar graphic or cographic representation. Direct prerequisite: Cographic minor closure.,HIGH
N176,Planar graphic-cographic correspondence,N178,Small R10 minors are both classes,PROOF,prop:r10-proper-minors,A second minor step gives a planar graphic or cographic representation. Direct prerequisite: Planar graphic-cographic correspondence.,HIGH
N066,Regular three-sum construction,N179,R10 non-root leaf excludes three-sum,DEFINITIONAL,prop:r10-no-three-sum,No R10 triangle permits the required proper three-sum glue. Direct prerequisite: Regular three-sum construction.,HIGH
N070,R10,N179,R10 non-root leaf excludes three-sum,DEFINITIONAL,prop:r10-no-three-sum,No R10 triangle permits the required proper three-sum glue. Direct prerequisite: R10.,HIGH
N170,R10 has no triangles,N179,R10 non-root leaf excludes three-sum,PROOF,prop:r10-no-three-sum,No R10 triangle permits the required proper three-sum glue. Direct prerequisite: R10 has no triangles.,HIGH
N070,R10,N180,Target-component R10 attachment,DEFINITIONAL,prop:r10-no-three-sum,"In the connected target component, an intact nonroot R10 leaf attaches by two-sum. Direct prerequisite: R10.",HIGH
N071,Seymour decomposition object,N180,Target-component R10 attachment,DEFINITIONAL,prop:r10-no-three-sum,"In the connected target component, an intact nonroot R10 leaf attaches by two-sum. Direct prerequisite: Seymour decomposition object.",HIGH
N179,R10 non-root leaf excludes three-sum,N180,Target-component R10 attachment,PROOF,prop:r10-no-three-sum,"In the connected target component, an intact nonroot R10 leaf attaches by two-sum. Direct prerequisite: R10 non-root leaf excludes three-sum.",HIGH
N255,R10 connectedness,N180,Target-component R10 attachment,PROOF,prop:r10-no-three-sum,"In the connected target component, an intact nonroot R10 leaf attaches by two-sum. Direct prerequisite: R10 connectedness.",HIGH
N015,Circuit,N181,Circuit persistence under deletion,DEFINITIONAL,prop:r10-no-three-sum (unlabeled requirement at this use),A circuit disjoint from the deleted set remains dependent and minimal. Direct prerequisite: Circuit.,HIGH
N024,Deletion,N181,Circuit persistence under deletion,DEFINITIONAL,prop:r10-no-three-sum (unlabeled requirement at this use),A circuit disjoint from the deleted set remains dependent and minimal. Direct prerequisite: Deletion.,HIGH
N002,Basis,N182,R10 total basis count,DEFINITIONAL,prop:r10-basis-polynomials,The displayed finite R10 matroid has 162 bases. Direct prerequisite: Basis.,HIGH
N070,R10,N182,R10 total basis count,DEFINITIONAL,prop:r10-basis-polynomials,The displayed finite R10 matroid has 162 bases. Direct prerequisite: R10.,HIGH
N002,Basis,N183,R10 pointed basis counts,DEFINITIONAL,prop:r10-basis-polynomials,Base count and element transitivity give 81 bases through each element. Direct prerequisite: Basis.,HIGH
N070,R10,N183,R10 pointed basis counts,DEFINITIONAL,prop:r10-basis-polynomials,Base count and element transitivity give 81 bases through each element. Direct prerequisite: R10.,HIGH
N182,R10 total basis count,N183,R10 pointed basis counts,PROOF,prop:r10-basis-polynomials,Base count and element transitivity give 81 bases through each element. Direct prerequisite: R10 total basis count.,HIGH
N186,R10 element transitivity,N183,R10 pointed basis counts,PROOF,prop:r10-basis-polynomials,Base count and element transitivity give 81 bases through each element. Direct prerequisite: R10 element transitivity.,HIGH
N070,R10,N184,R10 pointed polynomial supports,DEFINITIONAL,prop:r10-basis-polynomials,The pointed weighted sums have 81 square-free monomials in each class. Direct prerequisite: R10.,HIGH
N122,Weighted target basis sums,N184,R10 pointed polynomial supports,DEFINITIONAL,prop:r10-basis-polynomials,The pointed weighted sums have 81 square-free monomials in each class. Direct prerequisite: Weighted target basis sums.,HIGH
N183,R10 pointed basis counts,N184,R10 pointed polynomial supports,PROOF,prop:r10-basis-polynomials,The pointed weighted sums have 81 square-free monomials in each class. Direct prerequisite: R10 pointed basis counts.,HIGH
N070,R10,N185,R10 automorphism order,DEFINITIONAL,prop:r10-symmetry,Exact enumeration gives the R10 automorphism order. Direct prerequisite: R10.,HIGH
N070,R10,N186,R10 element transitivity,DEFINITIONAL,prop:r10-symmetry,The cited R10 automorphism action is element-transitive. Direct prerequisite: R10.,HIGH
N070,R10,N187,R10 stabilizer order,DEFINITIONAL,prop:r10-symmetry,Orbit-stabilizer gives the marked-element stabilizer order. Direct prerequisite: R10.,HIGH
N185,R10 automorphism order,N187,R10 stabilizer order,PROOF,prop:r10-symmetry,Orbit-stabilizer gives the marked-element stabilizer order. Direct prerequisite: R10 automorphism order.,HIGH
N186,R10 element transitivity,N187,R10 stabilizer order,PROOF,prop:r10-symmetry,Orbit-stabilizer gives the marked-element stabilizer order. Direct prerequisite: R10 element transitivity.,HIGH
N122,Weighted target basis sums,N188,Pointed basis-polynomial equivariance,DEFINITIONAL,prop:r10-symmetry,Automorphisms relabel the pointed weighted basis monomials. Direct prerequisite: Weighted target basis sums.,HIGH
N186,R10 element transitivity,N188,Pointed basis-polynomial equivariance,PROOF,prop:r10-symmetry,Automorphisms relabel the pointed weighted basis monomials. Direct prerequisite: R10 element transitivity.,HIGH
N070,R10,N189,R10 subset orbits,DEFINITIONAL,prop:r10-subset-orbits,The full automorphism group acts with the stated subset orbit count. Direct prerequisite: R10.,HIGH
N185,R10 automorphism order,N189,R10 subset orbits,PROOF,prop:r10-subset-orbits,The full automorphism group acts with the stated subset orbit count. Direct prerequisite: R10 automorphism order.,HIGH
N070,R10,N190,Pointed R10 subset orbits,DEFINITIONAL,prop:r10-subset-orbits,The stabilizer action gives the pointed subset orbit count. Direct prerequisite: R10.,HIGH
N187,R10 stabilizer order,N190,Pointed R10 subset orbits,PROOF,prop:r10-subset-orbits,The stabilizer action gives the pointed subset orbit count. Direct prerequisite: R10 stabilizer order.,HIGH
N070,R10,N191,Four-state unrooted R10 orbits,DEFINITIONAL,app:r10-atlas-minors (unlabeled requirement at this use),The full group action gives the unrooted four-state orbit count. Direct prerequisite: R10.,HIGH
N185,R10 automorphism order,N191,Four-state unrooted R10 orbits,PROOF,app:r10-atlas-minors (unlabeled requirement at this use),The full group action gives the unrooted four-state orbit count. Direct prerequisite: R10 automorphism order.,HIGH
N070,R10,N192,Four-state marked R10 orbits,DEFINITIONAL,app:r10-atlas-minors (unlabeled requirement at this use),The marked stabilizer action gives the marked embedding count. Direct prerequisite: R10.,HIGH
N187,R10 stabilizer order,N192,Four-state marked R10 orbits,PROOF,app:r10-atlas-minors (unlabeled requirement at this use),The marked stabilizer action gives the marked embedding count. Direct prerequisite: R10 stabilizer order.,HIGH
N070,R10,N193,R10 pointed determinant,DEFINITIONAL,app:r10-atlas-response (unlabeled requirement at this use),The determinant specializes to the R10 pointed polynomial omitting zero. Direct prerequisite: R10.,HIGH
N122,Weighted target basis sums,N193,R10 pointed determinant,DEFINITIONAL,app:r10-atlas-response (unlabeled requirement at this use),The determinant specializes to the R10 pointed polynomial omitting zero. Direct prerequisite: Weighted target basis sums.,HIGH
N125,TU weighted basis determinant,N193,R10 pointed determinant,PROOF,app:r10-atlas-response (unlabeled requirement at this use),The determinant specializes to the R10 pointed polynomial omitting zero. Direct prerequisite: TU weighted basis determinant.,HIGH
N070,R10,N194,R10 pointed cofactor,DEFINITIONAL,app:r10-atlas-response (unlabeled requirement at this use),The principal cofactor specializes to the R10 pointed polynomial containing zero. Direct prerequisite: R10.,HIGH
N122,Weighted target basis sums,N194,R10 pointed cofactor,DEFINITIONAL,app:r10-atlas-response (unlabeled requirement at this use),The principal cofactor specializes to the R10 pointed polynomial containing zero. Direct prerequisite: Weighted target basis sums.,HIGH
N125,TU weighted basis determinant,N194,R10 pointed cofactor,PROOF,app:r10-atlas-response (unlabeled requirement at this use),The principal cofactor specializes to the R10 pointed polynomial containing zero. Direct prerequisite: TU weighted basis determinant.,HIGH
N070,R10,N195,Pointed R10 target circuits,DEFINITIONAL,lem:r10-minimal-positive,The finite R10 circuit classification gives its minimal target-spanning sets. Direct prerequisite: R10.,HIGH
N081,Pointed matroid port,N195,Pointed R10 target circuits,PROOF,lem:r10-minimal-positive,The finite R10 circuit classification gives its minimal target-spanning sets. Direct prerequisite: Pointed matroid port.,HIGH
N070,R10,N196,Pointed R10 maximal nonspanning sets,DEFINITIONAL,lem:r10-boundary-inputs,The finite R10 hyperplane classification gives maximal nonspanning sets. Direct prerequisite: R10.,HIGH
N263,Maximal nonspanning sets,N196,Pointed R10 maximal nonspanning sets,PROOF,lem:r10-boundary-inputs,The finite R10 hyperplane classification gives maximal nonspanning sets. Direct prerequisite: Maximal nonspanning sets.,HIGH
N015,Circuit,N197,Connected pair circuit,DEFINITIONAL,lem:r10-targeted-query-matroid (unlabeled requirement at this use),Connectedness gives a common circuit for any target/non-target pair. Direct prerequisite: Circuit.,HIGH
N255,R10 connectedness,N197,Connected pair circuit,DEFINITIONAL,lem:r10-targeted-query-matroid (unlabeled requirement at this use),Connectedness gives a common circuit for any target/non-target pair. Direct prerequisite: R10 connectedness.,HIGH
N195,Pointed R10 target circuits,N200,R10 size-five target-circuit incidence,DEFINITIONAL,prop:r10-natural-program-cost (unlabeled requirement at this use),The size-five target-circuit family has the stated element incidence. Direct prerequisite: Pointed R10 target circuits.,HIGH
N196,Pointed R10 maximal nonspanning sets,N201,R10 size-five target-cocircuit incidence,DEFINITIONAL,prop:r10-natural-program-cost (unlabeled requirement at this use),The size-five target-cocircuit family has the stated element incidence. Direct prerequisite: Pointed R10 maximal nonspanning sets.,HIGH
N021,Loop,N204,Parallel target construction,DEFINITIONAL,prop:r10-regular-route-b (unlabeled requirement at this use),A target parallel copy is retained while the original target serves as glue. Direct prerequisite: Loop.,MEDIUM
N065,Regular two-sum construction,N204,Parallel target construction,DEFINITIONAL,prop:r10-regular-route-b (unlabeled requirement at this use),A target parallel copy is retained while the original target serves as glue. Direct prerequisite: Regular two-sum construction.,MEDIUM
N204,Parallel target construction,N205,Parallel target regularity,DEFINITIONAL,prop:r10-regular-route-b (unlabeled requirement at this use),Regular factors glued by the proper two-sum yield a regular construction. Direct prerequisite: Parallel target construction.,HIGH
N068,Two-sum preserves regularity,N205,Parallel target regularity,PROOF,prop:r10-regular-route-b (unlabeled requirement at this use),Regular factors glued by the proper two-sum yield a regular construction. Direct prerequisite: Two-sum preserves regularity.,HIGH
N204,Parallel target construction,N206,Parallel-target closure union,DEFINITIONAL,prop:r10-regular-route-b (unlabeled requirement at this use),The retained target closes exactly when either pointed component supplies it. Direct prerequisite: Parallel target construction.,MEDIUM
N147,Two-sum target-spanning substitution,N206,Parallel-target closure union,PROOF,prop:r10-regular-route-b (unlabeled requirement at this use),The retained target closes exactly when either pointed component supplies it. Direct prerequisite: Two-sum target-spanning substitution.,MEDIUM
N061,Graphic matroid,N207,Graphic double-star predicate,DEFINITIONAL,prop:r10-regular-route-b (unlabeled requirement at this use),Target-edge closure in the six-path graph is row-and-column path completion. Direct prerequisite: Graphic matroid.,HIGH
N264,Graphic target-edge closure,N207,Graphic double-star predicate,PROOF,prop:r10-regular-route-b (unlabeled requirement at this use),Target-edge closure in the six-path graph is row-and-column path completion. Direct prerequisite: Graphic target-edge closure.,HIGH
N024,Deletion,N212,Zero-weight R10 minor limit,DEFINITIONAL,app:r10-atlas-minors (unlabeled requirement at this use),Zero effective weight is deletion of the corresponding R10 element. Direct prerequisite: Deletion.,HIGH
N122,Weighted target basis sums,N212,Zero-weight R10 minor limit,DEFINITIONAL,app:r10-atlas-minors (unlabeled requirement at this use),Zero effective weight is deletion of the corresponding R10 element. Direct prerequisite: Weighted target basis sums.,HIGH
N139,Two-sum effective weight,N212,Zero-weight R10 minor limit,PROOF,app:r10-atlas-minors (unlabeled requirement at this use),Zero effective weight is deletion of the corresponding R10 element. Direct prerequisite: Two-sum effective weight.,HIGH
N025,Contraction rank,N213,Infinite-weight R10 minor limit,DEFINITIONAL,app:r10-atlas-minors (unlabeled requirement at this use),The infinite effective-weight limit contracts the corresponding element. Direct prerequisite: Contraction rank.,HIGH
N122,Weighted target basis sums,N213,Infinite-weight R10 minor limit,DEFINITIONAL,app:r10-atlas-minors (unlabeled requirement at this use),The infinite effective-weight limit contracts the corresponding element. Direct prerequisite: Weighted target basis sums.,HIGH
N139,Two-sum effective weight,N213,Infinite-weight R10 minor limit,PROOF,app:r10-atlas-minors (unlabeled requirement at this use),The infinite effective-weight limit contracts the corresponding element. Direct prerequisite: Two-sum effective weight.,HIGH
N021,Loop,N214,R10 target loop or coloop ratio,DEFINITIONAL,app:r10-atlas-minors (unlabeled requirement at this use),Target loop and coloop cases set the corresponding pointed ratio boundaries. Direct prerequisite: Loop.,HIGH
N022,Coloop,N214,R10 target loop or coloop ratio,DEFINITIONAL,app:r10-atlas-minors (unlabeled requirement at this use),Target loop and coloop cases set the corresponding pointed ratio boundaries. Direct prerequisite: Coloop.,HIGH
N122,Weighted target basis sums,N214,R10 target loop or coloop ratio,DEFINITIONAL,app:r10-atlas-minors (unlabeled requirement at this use),Target loop and coloop cases set the corresponding pointed ratio boundaries. Direct prerequisite: Weighted target basis sums.,HIGH
N070,R10,N215,Intact target-free R10 contribution,DEFINITIONAL,thm:r10-fixed-weight-evaluation,An intact target-free R10 side supplies its pointed two-sum effective ratio. Direct prerequisite: R10.,HIGH
N122,Weighted target basis sums,N215,Intact target-free R10 contribution,DEFINITIONAL,thm:r10-fixed-weight-evaluation,An intact target-free R10 side supplies its pointed two-sum effective ratio. Direct prerequisite: Weighted target basis sums.,HIGH
N139,Two-sum effective weight,N215,Intact target-free R10 contribution,PROOF,thm:r10-fixed-weight-evaluation,An intact target-free R10 side supplies its pointed two-sum effective ratio. Direct prerequisite: Two-sum effective weight.,HIGH
N070,R10,N216,Intact target R10 contribution,DEFINITIONAL,thm:r10-fixed-weight-evaluation,An intact target R10 side has the inverse pointed basis ratio. Direct prerequisite: R10.,HIGH
N122,Weighted target basis sums,N216,Intact target R10 contribution,DEFINITIONAL,thm:r10-fixed-weight-evaluation,An intact target R10 side has the inverse pointed basis ratio. Direct prerequisite: Weighted target basis sums.,HIGH
N184,R10 pointed polynomial supports,N216,Intact target R10 contribution,PROOF,thm:r10-fixed-weight-evaluation,An intact target R10 side has the inverse pointed basis ratio. Direct prerequisite: R10 pointed polynomial supports.,HIGH
N026,Minor,N217,Changed R10 leaf class,DEFINITIONAL,thm:r10-fixed-weight-evaluation,Changed R10 leaves become proper minors in a graphic or cographic class. Direct prerequisite: Minor.,HIGH
N177,Proper R10 minor class,N217,Changed R10 leaf class,PROOF,thm:r10-fixed-weight-evaluation,Changed R10 leaves become proper minors in a graphic or cographic class. Direct prerequisite: Proper R10 minor class.,HIGH
N212,Zero-weight R10 minor limit,N217,Changed R10 leaf class,PROOF,thm:r10-fixed-weight-evaluation,Changed R10 leaves become proper minors in a graphic or cographic class. Direct prerequisite: Zero-weight R10 minor limit.,HIGH
N213,Infinite-weight R10 minor limit,N217,Changed R10 leaf class,PROOF,thm:r10-fixed-weight-evaluation,Changed R10 leaves become proper minors in a graphic or cographic class. Direct prerequisite: Infinite-weight R10 minor limit.,HIGH
N065,Regular two-sum construction,N218,Recursive pointed matroid,DEFINITIONAL,prop:recursive-r10-closure (unlabeled requirement at this use),The recursive pointed matroid attaches nine pointed children by proper two-sums. Direct prerequisite: Regular two-sum construction.,HIGH
N070,R10,N218,Recursive pointed matroid,DEFINITIONAL,prop:recursive-r10-closure (unlabeled requirement at this use),The recursive pointed matroid attaches nine pointed children by proper two-sums. Direct prerequisite: R10.,HIGH
N218,Recursive pointed matroid,N219,Recursive R10 regularity,DEFINITIONAL,prop:recursive-r10-closure,Regularity persists across the recursive proper two-sum attachments. Direct prerequisite: Recursive pointed matroid.,HIGH
N068,Two-sum preserves regularity,N219,Recursive R10 regularity,PROOF,prop:recursive-r10-closure,Regularity persists across the recursive proper two-sum attachments. Direct prerequisite: Two-sum preserves regularity.,HIGH
N151,Connectedness at recursive glue,N219,Recursive R10 regularity,PROOF,prop:recursive-r10-closure,Regularity persists across the recursive proper two-sum attachments. Direct prerequisite: Connectedness at recursive glue.,HIGH
N218,Recursive pointed matroid,N220,Recursive R10 ground-set size,DEFINITIONAL,prop:recursive-r10-closure,The size recurrence removes two glue elements at each attachment. Direct prerequisite: Recursive pointed matroid.,HIGH
N149,Two-sum ground-set cardinality,N220,Recursive R10 ground-set size,PROOF,prop:recursive-r10-closure,The size recurrence removes two glue elements at each attachment. Direct prerequisite: Two-sum ground-set cardinality.,HIGH
N006,Rank,N221,Recursive R10 rank,DEFINITIONAL,prop:recursive-r10-closure,The rank recurrence loses one at each attachment. Direct prerequisite: Rank.,HIGH
N218,Recursive pointed matroid,N221,Recursive R10 rank,DEFINITIONAL,prop:recursive-r10-closure,The rank recurrence loses one at each attachment. Direct prerequisite: Recursive pointed matroid.,HIGH
N150,Two-sum rank,N221,Recursive R10 rank,PROOF,prop:recursive-r10-closure,The rank recurrence loses one at each attachment. Direct prerequisite: Two-sum rank.,HIGH
N218,Recursive pointed matroid,N222,Recursive target closure composition,DEFINITIONAL,prop:recursive-r10-closure,Child target spanning supplies the parent glue element exactly when needed. Direct prerequisite: Recursive pointed matroid.,HIGH
N147,Two-sum target-spanning substitution,N222,Recursive target closure composition,PROOF,prop:recursive-r10-closure,Child target spanning supplies the parent glue element exactly when needed. Direct prerequisite: Two-sum target-spanning substitution.,HIGH
N026,Minor,N223,Recursive R10 minor,DEFINITIONAL,prop:recursive-r10-closure,Reducing each child to a two-element circuit recovers the root R10 minor. Direct prerequisite: Minor.,HIGH
N218,Recursive pointed matroid,N223,Recursive R10 minor,DEFINITIONAL,prop:recursive-r10-closure,Reducing each child to a two-element circuit recovers the root R10 minor. Direct prerequisite: Recursive pointed matroid.,HIGH
N152,Recover parent across a two-element circuit,N223,Recursive R10 minor,PROOF,prop:recursive-r10-closure,Reducing each child to a two-element circuit recovers the root R10 minor. Direct prerequisite: Recover parent across a two-element circuit.,HIGH
N061,Graphic matroid,N224,Recursive matroids are not graphic or cographic,DEFINITIONAL,prop:recursive-r10-closure,An R10 minor obstructs graphic or cographic status by minor closure. Direct prerequisite: Graphic matroid.,HIGH
N062,Cographic matroid,N224,Recursive matroids are not graphic or cographic,DEFINITIONAL,prop:recursive-r10-closure,An R10 minor obstructs graphic or cographic status by minor closure. Direct prerequisite: Cographic matroid.,HIGH
N174,Graphic minor closure,N224,Recursive matroids are not graphic or cographic,PROOF,prop:recursive-r10-closure,An R10 minor obstructs graphic or cographic status by minor closure. Direct prerequisite: Graphic minor closure.,HIGH
N175,Cographic minor closure,N224,Recursive matroids are not graphic or cographic,PROOF,prop:recursive-r10-closure,An R10 minor obstructs graphic or cographic status by minor closure. Direct prerequisite: Cographic minor closure.,HIGH
N223,Recursive R10 minor,N224,Recursive matroids are not graphic or cographic,PROOF,prop:recursive-r10-closure,An R10 minor obstructs graphic or cographic status by minor closure. Direct prerequisite: Recursive R10 minor.,HIGH
N225,R10 nongraphic/noncographic status,N224,Recursive matroids are not graphic or cographic,PROOF,prop:recursive-r10-closure,An R10 minor obstructs graphic or cographic status by minor closure. Direct prerequisite: R10 nongraphic/noncographic status.,HIGH
N061,Graphic matroid,N225,R10 nongraphic/noncographic status,DEFINITIONAL,prop:recursive-r10-closure (unlabeled requirement at this use),R10 is excluded from both the graphic and cographic classes. Direct prerequisite: Graphic matroid.,HIGH
N062,Cographic matroid,N225,R10 nongraphic/noncographic status,DEFINITIONAL,prop:recursive-r10-closure (unlabeled requirement at this use),R10 is excluded from both the graphic and cographic classes. Direct prerequisite: Cographic matroid.,HIGH
N070,R10,N225,R10 nongraphic/noncographic status,DEFINITIONAL,prop:recursive-r10-closure (unlabeled requirement at this use),R10 is excluded from both the graphic and cographic classes. Direct prerequisite: R10.,HIGH
N218,Recursive pointed matroid,N226,Recursive target-circuit substitution,DEFINITIONAL,prop:recursive-r10-natural-cost (unlabeled requirement at this use),Recursive circuit substitution has the R10 base target-circuit family. Direct prerequisite: Recursive pointed matroid.,HIGH
N146,Two-sum target-circuit gluing,N226,Recursive target-circuit substitution,PROOF,prop:recursive-r10-natural-cost (unlabeled requirement at this use),Recursive circuit substitution has the R10 base target-circuit family. Direct prerequisite: Two-sum target-circuit gluing.,HIGH
N195,Pointed R10 target circuits,N226,Recursive target-circuit substitution,PROOF,prop:recursive-r10-natural-cost (unlabeled requirement at this use),Recursive circuit substitution has the R10 base target-circuit family. Direct prerequisite: Pointed R10 target circuits.,HIGH
N218,Recursive pointed matroid,N227,Recursive target-cocircuit substitution,DEFINITIONAL,prop:recursive-r10-natural-cost (unlabeled requirement at this use),Recursive cocircuit substitution has the R10 base target-cocircuit family. Direct prerequisite: Recursive pointed matroid.,HIGH
N148,Two-sum cocircuit gluing,N227,Recursive target-cocircuit substitution,PROOF,prop:recursive-r10-natural-cost (unlabeled requirement at this use),Recursive cocircuit substitution has the R10 base target-cocircuit family. Direct prerequisite: Two-sum cocircuit gluing.,HIGH
N196,Pointed R10 maximal nonspanning sets,N227,Recursive target-cocircuit substitution,PROOF,prop:recursive-r10-natural-cost (unlabeled requirement at this use),Recursive cocircuit substitution has the R10 base target-cocircuit family. Direct prerequisite: Pointed R10 maximal nonspanning sets.,HIGH
N226,Recursive target-circuit substitution,N228,Recursive circuit incidence,DEFINITIONAL,prop:recursive-r10-natural-cost (unlabeled requirement at this use),Base circuit incidence propagates through recursive circuit substitution. Direct prerequisite: Recursive target-circuit substitution.,HIGH
N200,R10 size-five target-circuit incidence,N228,Recursive circuit incidence,PROOF,prop:recursive-r10-natural-cost (unlabeled requirement at this use),Base circuit incidence propagates through recursive circuit substitution. Direct prerequisite: R10 size-five target-circuit incidence.,HIGH
N227,Recursive target-cocircuit substitution,N229,Recursive cocircuit incidence,DEFINITIONAL,prop:recursive-r10-natural-cost (unlabeled requirement at this use),Base cocircuit incidence propagates through recursive cocircuit substitution. Direct prerequisite: Recursive target-cocircuit substitution.,HIGH
N201,R10 size-five target-cocircuit incidence,N229,Recursive cocircuit incidence,PROOF,prop:recursive-r10-natural-cost (unlabeled requirement at this use),Base cocircuit incidence propagates through recursive cocircuit substitution. Direct prerequisite: R10 size-five target-cocircuit incidence.,HIGH
N204,Parallel target construction,N232,Recursive alternative regularity,DEFINITIONAL,thm:recursive-r10-regular-cost,The 27-attachment alternative construction stays regular under proper two-sums. Direct prerequisite: Parallel target construction.,HIGH
N068,Two-sum preserves regularity,N232,Recursive alternative regularity,PROOF,thm:recursive-r10-regular-cost,The 27-attachment alternative construction stays regular under proper two-sums. Direct prerequisite: Two-sum preserves regularity.,HIGH
N204,Parallel target construction,N233,Recursive alternative target closure,DEFINITIONAL,thm:recursive-r10-regular-cost,Repeated child target substitution composes the alternative target closure. Direct prerequisite: Parallel target construction.,HIGH
N147,Two-sum target-spanning substitution,N233,Recursive alternative target closure,PROOF,thm:recursive-r10-regular-cost,Repeated child target substitution composes the alternative target closure. Direct prerequisite: Two-sum target-spanning substitution.,HIGH
N206,Parallel-target closure union,N233,Recursive alternative target closure,PROOF,thm:recursive-r10-regular-cost,Repeated child target substitution composes the alternative target closure. Direct prerequisite: Parallel-target closure union.,HIGH
N007,Closure,N238,Pointed R10 closure balance,DEFINITIONAL,app:r10-recursive-base (unlabeled requirement at this use),Finite R10 closure enumeration balances spanning and nonspanning subsets. Direct prerequisite: Closure.,HIGH
N070,R10,N238,Pointed R10 closure balance,DEFINITIONAL,app:r10-recursive-base (unlabeled requirement at this use),Finite R10 closure enumeration balances spanning and nonspanning subsets. Direct prerequisite: R10.,HIGH
N007,Closure,N239,Pointed R10 sensitivity witnesses,DEFINITIONAL,prop:recursive-r10-sensitivity (unlabeled requirement at this use),Finite R10 closure enumeration supplies five-sensitive witness subsets. Direct prerequisite: Closure.,HIGH
N070,R10,N239,Pointed R10 sensitivity witnesses,DEFINITIONAL,prop:recursive-r10-sensitivity (unlabeled requirement at this use),Finite R10 closure enumeration supplies five-sensitive witness subsets. Direct prerequisite: R10.,HIGH
N007,Closure,N240,Pointed R10 closure symmetry,DEFINITIONAL,thm:r10-source-interval (unlabeled requirement at this use),Pointed stabilizer symmetries preserve the target-closure predicate. Direct prerequisite: Closure.,HIGH
N187,R10 stabilizer order,N240,Pointed R10 closure symmetry,PROOF,thm:r10-source-interval (unlabeled requirement at this use),Pointed stabilizer symmetries preserve the target-closure predicate. Direct prerequisite: R10 stabilizer order.,HIGH
N002,Basis,N243,Free response generators form basis,DEFINITIONAL,prop:relation-fundamental-circuits,"The free response generators, including target, form the initial basis. Direct prerequisite: Basis.",HIGH
N020,Free matroid,N243,Free response generators form basis,DEFINITIONAL,prop:relation-fundamental-circuits,"The free response generators, including target, form the initial basis. Direct prerequisite: Free matroid.",HIGH
N031,Fundamental circuit,N244,Relation fundamental-circuit support,DEFINITIONAL,prop:relation-fundamental-circuits,The positive relation's support is its fundamental circuit in that basis. Direct prerequisite: Fundamental circuit.,HIGH
N243,Free response generators form basis,N244,Relation fundamental-circuit support,DEFINITIONAL,prop:relation-fundamental-circuits,The positive relation's support is its fundamental circuit in that basis. Direct prerequisite: Free response generators form basis.,HIGH
N025,Contraction rank,N246,Quotient equals contraction,DEFINITIONAL,prop:quotient-normal-form-contraction,Contracting relation vectors represents the quotient of response generators. Direct prerequisite: Contraction rank.,MEDIUM
N049,Represented contraction,N246,Quotient equals contraction,PROOF,prop:quotient-normal-form-contraction,Contracting relation vectors represents the quotient of response generators. Direct prerequisite: Represented contraction.,MEDIUM
N007,Closure,N247,Positive quotient closure certificate,DEFINITIONAL,thm:quotient-normal-form-correct,A positive relation expresses the quotient target in the available span. Direct prerequisite: Closure.,HIGH
N045,Represented closure,N247,Positive quotient closure certificate,PROOF,thm:quotient-normal-form-correct,A positive relation expresses the quotient target in the available span. Direct prerequisite: Represented closure.,HIGH
N007,Closure,N248,Negative quotient nonclosure certificate,DEFINITIONAL,thm:quotient-normal-form-correct,A separating functional proves target nonclosure in the quotient. Direct prerequisite: Closure.,HIGH
N045,Represented closure,N248,Negative quotient nonclosure certificate,PROOF,thm:quotient-normal-form-correct,A separating functional proves target nonclosure in the quotient. Direct prerequisite: Represented closure.,HIGH
N015,Circuit,N255,R10 connectedness,DEFINITIONAL,lem:r10-targeted-query-matroid (unlabeled requirement at this use),The displayed R10 is connected by its circuit relationships. Direct prerequisite: Circuit.,HIGH
N070,R10,N255,R10 connectedness,DEFINITIONAL,lem:r10-targeted-query-matroid (unlabeled requirement at this use),The displayed R10 is connected by its circuit relationships. Direct prerequisite: R10.,HIGH
N051,Regularity,N256,Binary cycle symmetric difference,DEFINITIONAL,def:regular-matroid-sums (unlabeled requirement at this use),Regular binary cycle sets are closed under symmetric difference. Direct prerequisite: Regularity.,HIGH
N063,Regular-matroid cycle,N256,Binary cycle symmetric difference,DEFINITIONAL,def:regular-matroid-sums (unlabeled requirement at this use),Regular binary cycle sets are closed under symmetric difference. Direct prerequisite: Regular-matroid cycle.,HIGH
N129,Uniform matroid,N257,Rank-one uniform regularity,DEFINITIONAL,prop:grover-program-value (unlabeled requirement at this use),The all-ones TU representation witnesses rank-one uniform regularity. Direct prerequisite: Uniform matroid.,HIGH
N053,TU representation over every field,N257,Rank-one uniform regularity,PROOF,prop:grover-program-value (unlabeled requirement at this use),The all-ones TU representation witnesses rank-one uniform regularity. Direct prerequisite: TU representation over every field.,HIGH
N043,Vector matroid,N258,Incidence representation of a graphic matroid,DEFINITIONAL,sec:introduction (unlabeled requirement at this use),Graph incidence vectors realize the graphic independence relation. Direct prerequisite: Vector matroid.,HIGH
N061,Graphic matroid,N258,Incidence representation of a graphic matroid,DEFINITIONAL,sec:introduction (unlabeled requirement at this use),Graph incidence vectors realize the graphic independence relation. Direct prerequisite: Graphic matroid.,HIGH
N043,Vector matroid,N262,Row-restriction matroid equivalence,DEFINITIONAL,thm:regular-matroid-energy (unlabeled requirement at this use),Removing dependent rows preserves the represented column matroid. Direct prerequisite: Vector matroid.,HIGH
N044,Represented rank,N262,Row-restriction matroid equivalence,DEFINITIONAL,thm:regular-matroid-energy (unlabeled requirement at this use),Removing dependent rows preserves the represented column matroid. Direct prerequisite: Represented rank.,HIGH
N007,Closure,N263,Maximal nonspanning sets,DEFINITIONAL,lem:r10-boundary-inputs (unlabeled requirement at this use),A maximal nonspanning set is a target-avoiding hyperplane with complementary cocircuit. Direct prerequisite: Closure.,HIGH
N017,Hyperplane,N263,Maximal nonspanning sets,DEFINITIONAL,lem:r10-boundary-inputs (unlabeled requirement at this use),A maximal nonspanning set is a target-avoiding hyperplane with complementary cocircuit. Direct prerequisite: Hyperplane.,HIGH
N018,Cocircuit,N263,Maximal nonspanning sets,DEFINITIONAL,lem:r10-boundary-inputs (unlabeled requirement at this use),A maximal nonspanning set is a target-avoiding hyperplane with complementary cocircuit. Direct prerequisite: Cocircuit.,HIGH
N007,Closure,N264,Graphic target-edge closure,DEFINITIONAL,prop:r10-regular-route-b (unlabeled requirement at this use),A graphic edge closes exactly when its endpoints are already connected. Direct prerequisite: Closure.,HIGH
N061,Graphic matroid,N264,Graphic target-edge closure,DEFINITIONAL,prop:r10-regular-route-b (unlabeled requirement at this use),A graphic edge closes exactly when its endpoints are already connected. Direct prerequisite: Graphic matroid.,HIGH
N018,Cocircuit,N265,Port blocker relation,DEFINITIONAL,thm:singleton-fiber-scalarization (unlabeled requirement at this use),Circuit blockers are precisely target-cocircuit complements. Direct prerequisite: Cocircuit.,HIGH
N081,Pointed matroid port,N265,Port blocker relation,DEFINITIONAL,thm:singleton-fiber-scalarization (unlabeled requirement at this use),Circuit blockers are precisely target-cocircuit complements. Direct prerequisite: Pointed matroid port.,HIGH
N019,Cocircuit basis hitting,N265,Port blocker relation,PROOF,thm:singleton-fiber-scalarization (unlabeled requirement at this use),Circuit blockers are precisely target-cocircuit complements. Direct prerequisite: Cocircuit basis hitting.,HIGH
N001,Finite matroid,N266,Weighted triangle signature,DEFINITIONAL,"eq:seymour-three-sum-phi, eq:seymour-three-sum-five",The five class sums weight independent sets by their triangle closure state. Direct prerequisite: Finite matroid.,HIGH
N007,Closure,N266,Weighted triangle signature,DEFINITIONAL,"eq:seymour-three-sum-phi, eq:seymour-three-sum-five",The five class sums weight independent sets by their triangle closure state. Direct prerequisite: Closure.,HIGH
N158,Five 3-sum boundary classes,N266,Weighted triangle signature,PROOF,"eq:seymour-three-sum-phi, eq:seymour-three-sum-five",The five class sums weight independent sets by their triangle closure state. Direct prerequisite: Five 3-sum boundary classes.,HIGH
N061,Graphic matroid,N267,Weighted K4 triangle signature,DEFINITIONAL,eq:k4-five-sums,The K4 spoke graph gives the displayed five weighted triangle class sums. Direct prerequisite: Graphic matroid.,HIGH
N266,Weighted triangle signature,N267,Weighted K4 triangle signature,DEFINITIONAL,eq:k4-five-sums,The K4 spoke graph gives the displayed five weighted triangle class sums. Direct prerequisite: Weighted triangle signature.,HIGH
N061,Graphic matroid,N062,Cographic matroid,DEFINITIONAL,def:graphic-cographic,The cographic matroid M*(G) is the dual of the graphic matroid M(G).,HIGH
N044,Represented rank,N053,TU representation over every field,PROOF,def:regular-matroid (unlabeled remark immediately afterward),The manuscript tests indexed column independence by nonzero square minors; represented rank supplies the matroid-to-linear-rank bridge needed for this test.,HIGH
N044,Represented rank,N070,R10,PROOF,def:r10,The asserted rank five of the displayed represented matroid requires identifying matroid rank with the rank of its coordinate columns.,HIGH
N053,TU representation over every field,N070,R10,PROOF,def:r10,The asserted regularity of the displayed integer/TU representation follows from preservation of its independent column sets over every field.,MEDIUM
N044,Represented rank,N125,TU weighted basis determinant,PROOF,thm:regular-matroid-energy; prop:regular-triangle-identity,The Cauchy–Binet sum is indexed by full-row-rank column sets; identifying those with matroid bases requires represented rank.,HIGH
N053,TU representation over every field,N052,Tutte characterization,PROOF,def:regular-matroid (unlabeled characterization and following remark),The TU-to-regular direction of the cited characterization is precisely the field-transfer result N053.,HIGH
