normalized_id,normalized_name,raw_node_id,raw_node_name,classification,tex_labels,use_type,semantic_comparison,manuscript_adjudication,proposed_action,confidence
N001,Finite matroid,def:matroid,def:matroid,AGREEMENT,def:matroid,stated/defined,"Raw describes matroid; normalized states A finite ground set with independent sets satisfying empty-set, heredity, and augmentation axioms","At/proof def:matroid, the manuscript requires: A finite ground set with independent sets satisfying empty-set, heredity, and augmentation axioms",None.,high
N002,Basis,def:matroid-basis,def:matroid-basis,AGREEMENT,def:matroid-basis,stated/defined,"Raw describes matroid basis; normalized states A maximal independent subset of a specified set, including a basis of the whole ground set","At/proof def:matroid-basis, the manuscript requires: A maximal independent subset of a specified set, including a basis of the whole ground set",None.,high
N003,Equal basis cardinalities,ext:matroid_basic,ext:matroid_basic,GRANULARITY_MISMATCH,def:matroid-rank,semantic inference,"Raw describes Finite matroid closure, exchange, rank, bases, duality and hyperplanes; the normalized row isolates or specializes Any two bases of a fixed subset have the same size","At/proof def:matroid-rank, the manuscript requires: Any two bases of a fixed subset have the same size",Keep crosswalk; no correction solely for granularity.,medium
N004,Extension within a subset,ext:matroid_basic,ext:matroid_basic,GRANULARITY_MISMATCH,prop:cocircuit-separates-closure,semantic inference,"Raw describes Finite matroid closure, exchange, rank, bases, duality and hyperplanes; the normalized row isolates or specializes An independent I ⊆ A extends to a basis of A","At/proof prop:cocircuit-separates-closure, the manuscript requires: An independent I ⊆ A extends to a basis of A",Keep crosswalk; no correction solely for granularity.,medium
N005,Extension to a full basis,ext:matroid_basic,ext:matroid_basic,GRANULARITY_MISMATCH,prop:cocircuit-separates-closure,semantic inference,"Raw describes Finite matroid closure, exchange, rank, bases, duality and hyperplanes; the normalized row isolates or specializes An independent I extends to a basis of M","At/proof prop:cocircuit-separates-closure, the manuscript requires: An independent I extends to a basis of M",Keep crosswalk; no correction solely for granularity.,medium
N006,Rank,def:matroid-rank,def:matroid-rank,AGREEMENT,def:matroid-rank,stated/defined,"Raw describes matroid rank; normalized states Rank of a set is the maximal cardinality of its independent subsets, equivalently the size of any basis of the set","At/proof def:matroid-rank, the manuscript requires: Rank of a set is the maximal cardinality of its independent subsets, equivalently the size of any basis of the set",None.,high
N007,Closure,def:matroid-closure,def:matroid-closure,AGREEMENT,def:matroid-closure,stated/defined,Raw describes matroid closure; normalized states An element is in the closure of a set exactly when adjoining it does not increase rank,"At/proof def:matroid-closure, the manuscript requires: An element is in the closure of a set exactly when adjoining it does not increase rank",None.,high
N008,Closure extensivity,ext:matroid_basic,ext:matroid_basic,GRANULARITY_MISMATCH,prop:target-extension-criterion,semantic inference,"Raw describes Finite matroid closure, exchange, rank, bases, duality and hyperplanes; the normalized row isolates or specializes A ⊆ cl_M(A)","At/proof prop:target-extension-criterion, the manuscript requires: A ⊆ cl_M(A)",Keep crosswalk; no correction solely for granularity.,medium
N009,Closure monotonicity,ext:matroid_basic,ext:matroid_basic,GRANULARITY_MISMATCH,prop:target-extension-criterion,semantic inference,"Raw describes Finite matroid closure, exchange, rank, bases, duality and hyperplanes; the normalized row isolates or specializes A ⊆ B implies cl_M(A) ⊆ cl_M(B)","At/proof prop:target-extension-criterion, the manuscript requires: A ⊆ B implies cl_M(A) ⊆ cl_M(B)",Keep crosswalk; no correction solely for granularity.,medium
N010,Closure idempotence,ext:matroid_basic,ext:matroid_basic,GRANULARITY_MISMATCH,prop:target-extension-criterion,semantic inference,"Raw describes Finite matroid closure, exchange, rank, bases, duality and hyperplanes; the normalized row isolates or specializes cl_M(cl_M(A)) = cl_M(A)","At/proof prop:target-extension-criterion, the manuscript requires: cl_M(cl_M(A)) = cl_M(A)",Keep crosswalk; no correction solely for granularity.,medium
N011,Steinitz closure exchange,ext:matroid_basic,ext:matroid_basic,GRANULARITY_MISMATCH,prop:target-extension-criterion,semantic inference,"Raw describes Finite matroid closure, exchange, rank, bases, duality and hyperplanes; the normalized row isolates or specializes If e ∈ cl_M(A ∪ {f}) \ cl_M(A), then f ∈ cl_M(A ∪ {e})","At/proof prop:target-extension-criterion, the manuscript requires: If e ∈ cl_M(A ∪ {f}) \ cl_M(A), then f ∈ cl_M(A ∪ {e})",Keep crosswalk; no correction solely for granularity.,medium
N012,Flat,def:matroid-flat,def:matroid-flat,AGREEMENT,def:matroid-flat,stated/defined,Raw describes matroid flat; normalized states A set fixed by matroid closure,"At/proof def:matroid-flat, the manuscript requires: A set fixed by matroid closure",None.,high
N013,Flat rank test,ext:matroid_basic,ext:matroid_basic,GRANULARITY_MISMATCH,def:matroid-flat,semantic inference,"Raw describes Finite matroid closure, exchange, rank, bases, duality and hyperplanes; the normalized row isolates or specializes F is a flat iff every e outside F increases its rank","At/proof def:matroid-flat, the manuscript requires: F is a flat iff every e outside F increases its rank",Keep crosswalk; no correction solely for granularity.,medium
N014,Spanning basis forces full flat,ext:matroid_basic,ext:matroid_basic,GRANULARITY_MISMATCH,def:matroid-flat,semantic inference,"Raw describes Finite matroid closure, exchange, rank, bases, duality and hyperplanes; the normalized row isolates or specializes A flat containing a basis of M equals E(M)","At/proof def:matroid-flat, the manuscript requires: A flat containing a basis of M equals E(M)",Keep crosswalk; no correction solely for granularity.,medium
N015,Circuit,def:matroid-circuit,def:matroid-circuit,AGREEMENT,def:matroid-circuit,stated/defined,Raw describes matroid circuit; normalized states A minimally dependent subset,"At/proof def:matroid-circuit, the manuscript requires: A minimally dependent subset",None.,high
N016,Circuit characterization of closure,prop:closure-circuit,prop:closure-circuit,AGREEMENT,prop:closure-circuit,stated/defined,"Raw describes For an element outside A, membership in the closure of A is equivalent to a circuit through that element contained in A together with it; normalized states For `e ∉ A`, `e ∈ cl(A)` iff some circuit contains `e` and has all other elements in `A`","At/proof prop:closure-circuit, the manuscript requires: For `e ∉ A`, `e ∈ cl(A)` iff some circuit contains `e` and has all other elements in `A`",None.,high
N017,Hyperplane,def:hyperplane-cocircuit,def:hyperplane-cocircuit,GRANULARITY_MISMATCH,def:hyperplane-cocircuit,stated/defined,The raw node describes hyperplane cocircuit; this is one of 2 normalized clauses at that label: A hyperplane is a maximal proper flat,"At/proof def:hyperplane-cocircuit, the manuscript requires: A hyperplane is a maximal proper flat",Keep crosswalk; no correction solely for granularity.,medium
N018,Cocircuit,def:hyperplane-cocircuit,def:hyperplane-cocircuit,GRANULARITY_MISMATCH,def:hyperplane-cocircuit,stated/defined,The raw node describes hyperplane cocircuit; this is one of 2 normalized clauses at that label: A cocircuit is the complement of a hyperplane,"At/proof def:hyperplane-cocircuit, the manuscript requires: A cocircuit is the complement of a hyperplane",Keep crosswalk; no correction solely for granularity.,medium
N019,Cocircuit basis hitting,ext:matroid_basic,ext:matroid_basic,GRANULARITY_MISMATCH,def:hyperplane-cocircuit,semantic inference,"Raw describes Finite matroid closure, exchange, rank, bases, duality and hyperplanes; the normalized row isolates or specializes A cocircuit is a minimal set meeting every basis","At/proof def:hyperplane-cocircuit, the manuscript requires: A cocircuit is a minimal set meeting every basis",Keep crosswalk; no correction solely for granularity.,medium
N020,Free matroid,def:free-matroid,def:free-matroid,AGREEMENT,def:free-matroid,stated/defined,Raw describes free matroid; normalized states All subsets independent; equivalently unique basis `E` and identity closure,"At/proof def:free-matroid, the manuscript requires: All subsets independent; equivalently unique basis `E` and identity closure",None.,high
N021,Loop,def:loop-coloop,def:loop-coloop,GRANULARITY_MISMATCH,def:loop-coloop,stated/defined,"The raw node describes loop coloop; this is one of 2 normalized clauses at that label: e is a loop iff e ∈ cl_M(∅), equivalently {e} is a circuit","At/proof def:loop-coloop, the manuscript requires: e is a loop iff e ∈ cl_M(∅), equivalently {e} is a circuit",Keep crosswalk; no correction solely for granularity.,medium
N022,Coloop,def:loop-coloop,def:loop-coloop,GRANULARITY_MISMATCH,def:loop-coloop,stated/defined,The raw node describes loop coloop; this is one of 2 normalized clauses at that label: e is a coloop iff it lies in every basis,"At/proof def:loop-coloop, the manuscript requires: e is a coloop iff it lies in every basis",Keep crosswalk; no correction solely for granularity.,medium
N023,Restriction,def:matroid-minors,def:matroid-minors,GRANULARITY_MISMATCH,def:matroid-minors,stated/defined,The raw node describes matroid minors; this is one of 4 normalized clauses at that label: M|A has precisely the independent subsets of A from M,"At/proof def:matroid-minors, the manuscript requires: M|A has precisely the independent subsets of A from M",Keep crosswalk; no correction solely for granularity.,medium
N024,Deletion,def:matroid-minors,def:matroid-minors,GRANULARITY_MISMATCH,def:matroid-minors,stated/defined,The raw node describes matroid minors; this is one of 4 normalized clauses at that label: M\A is M restricted to E(M)\A,"At/proof def:matroid-minors, the manuscript requires: M\A is M restricted to E(M)\A",Keep crosswalk; no correction solely for granularity.,medium
N025,Contraction rank,def:matroid-minors,def:matroid-minors,GRANULARITY_MISMATCH,def:matroid-minors,stated/defined,"The raw node describes matroid minors; this is one of 4 normalized clauses at that label: For X disjoint from A, r_{M/A}(X) = r_M(X ∪ A) − r_M(A)","At/proof def:matroid-minors, the manuscript requires: For X disjoint from A, r_{M/A}(X) = r_M(X ∪ A) − r_M(A)",Keep crosswalk; no correction solely for granularity.,medium
N026,Minor,def:matroid-minors,def:matroid-minors,GRANULARITY_MISMATCH,def:matroid-minors,stated/defined,The raw node describes matroid minors; this is one of 4 normalized clauses at that label: A minor is obtained by a sequence of deletions and contractions,"At/proof def:matroid-minors, the manuscript requires: A minor is obtained by a sequence of deletions and contractions",Keep crosswalk; no correction solely for granularity.,medium
N027,Deletion composition,,,NORMALIZED_ONLY_CANDIDATE,def:matroid-minors;prop:r10-proper-minors,semantic inference,No raw node states this atomic obligation at comparable specificity.,"At/proof def:matroid-minors;prop:r10-proper-minors, the manuscript requires: For disjoint A,B, deleting A then B equals deleting A∪B; the raw node list contains no matching standalone obligation.",Review raw graph coverage against the cited manuscript location; leave frozen ledger unchanged.,medium
N028,Contraction composition,,,NORMALIZED_ONLY_CANDIDATE,def:matroid-minors;prop:r10-proper-minors,semantic inference,No raw node states this atomic obligation at comparable specificity.,"At/proof def:matroid-minors;prop:r10-proper-minors, the manuscript requires: For disjoint A,B, contracting A then B equals contracting A∪B; the raw node list contains no matching standalone obligation.",Review raw graph coverage against the cited manuscript location; leave frozen ledger unchanged.,medium
N029,Deletion-contraction commutation,,,NORMALIZED_ONLY_CANDIDATE,def:matroid-minors;prop:r10-proper-minors,semantic inference,No raw node states this atomic obligation at comparable specificity.,"At/proof def:matroid-minors;prop:r10-proper-minors, the manuscript requires: For disjoint A,B, deletion by A and contraction by B commute; the raw node list contains no matching standalone obligation.",Review raw graph coverage against the cited manuscript location; leave frozen ledger unchanged.,medium
N030,Spanned target contracts to loop,prop:seymour-two-sum-input-minors,prop:seymour-two-sum-input-minors,GRANULARITY_MISMATCH,prop:seymour-two-sum-input-minors,semantic inference,"Raw describes For an input minor of a child program, the effective 2-sum weight is inverse positive energy or negative energy, with 0 and infinity accounting for false restriction and true contraction inputs; the normalized row isolates or specializes If e ∈ cl_M(A) and e ∉ A, then e is a loop of M/A","At/proof prop:seymour-two-sum-input-minors, the manuscript requires: If e ∈ cl_M(A) and e ∉ A, then e is a loop of M/A",Keep crosswalk; no correction solely for granularity.,medium
N031,Fundamental circuit,def:fundamental-circuit,def:fundamental-circuit,AGREEMENT,def:fundamental-circuit,stated/defined,"Raw describes fundamental circuit; normalized states For a basis `B` and `e ∉ B`, `B∪{e}` contains a unique circuit","At/proof def:fundamental-circuit, the manuscript requires: For a basis `B` and `e ∉ B`, `B∪{e}` contains a unique circuit",None.,high
N032,Cocircuit separating closure,prop:cocircuit-separates-closure,prop:cocircuit-separates-closure,AGREEMENT,prop:cocircuit-separates-closure,stated/defined,"Raw describes An element outside the closure of A lies in a cocircuit disjoint from A; normalized states If `e ∉ cl(A)`, a cocircuit contains `e` and avoids `A`","At/proof prop:cocircuit-separates-closure, the manuscript requires: If `e ∉ cl(A)`, a cocircuit contains `e` and avoids `A`",None.,high
N033,Modular pair of flats,def:modular-pair,def:modular-pair,AGREEMENT,def:modular-pair,stated/defined,"Raw describes modular pair; normalized states Flats `F,G` are modular when `r(F)+r(G)=r(F∩G)+r(cl(F∪G))`","At/proof def:modular-pair, the manuscript requires: Flats `F,G` are modular when `r(F)+r(G)=r(F∩G)+r(cl(F∪G))`",None.,high
N034,Modular cut,def:modular-cut,def:modular-cut,AGREEMENT,def:modular-cut,stated/defined,Raw describes modular cut; normalized states An upward-closed collection of flats closed under intersections of modular pairs,"At/proof def:modular-cut, the manuscript requires: An upward-closed collection of flats closed under intersections of modular pairs",None.,high
N035,Generated modular cut,ext:closure_system_intersections,ext:closure_system_intersections,GRANULARITY_MISMATCH,prop:target-extension-criterion,semantic inference,"Raw describes Intersections of closure-stable families; the normalized row isolates or specializes Arbitrary intersections of modular cuts remain modular cuts; the full flat collection is one, so the smallest cut containing given flats exists","At/proof prop:target-extension-criterion, the manuscript requires: Arbitrary intersections of modular cuts remain modular cuts; the full flat collection is one, so the smallest cut containing given flats exists",Keep crosswalk; no correction solely for granularity.,medium
N036,Single-element extension,def:single-element-extension,def:single-element-extension,AGREEMENT,def:single-element-extension,stated/defined,Raw describes single element extension; normalized states A matroid on `E∪{τ}` restricting to a given matroid on `E`,"At/proof def:single-element-extension, the manuscript requires: A matroid on `E∪{τ}` restricting to a given matroid on `E`",None.,high
N037,Crapo extension classification,ext:crapo_extension,ext:crapo_extension,GRANULARITY_MISMATCH,prop:modular-cut-extension,stated/defined,"Raw describes Modular-cut/single-element-extension classification; the normalized row isolates or specializes Single-element extensions correspond bijectively to modular cuts via the flats spanning the new element, with uniqueness of the extension for a cut","At/proof prop:modular-cut-extension, the manuscript requires: Single-element extensions correspond bijectively to modular cuts via the flats spanning the new element, with uniqueness of the extension for a cut",Keep crosswalk; no correction solely for granularity.,medium
N037,Crapo extension classification,prop:modular-cut-extension,prop:modular-cut-extension,AGREEMENT,prop:modular-cut-extension,stated/defined,"Raw describes Single-element extensions on a fixed enlarged ground set correspond bijectively to modular cuts, via the flats spanning the new element; normalized states Single-element extensions correspond bijectively to modular cuts via the flats spanning the new element, with uniqueness of the extension for a cut","At/proof prop:modular-cut-extension, the manuscript requires: Single-element extensions correspond bijectively to modular cuts via the flats spanning the new element, with uniqueness of the extension for a cut",None.,high
N038,Empty cut gives coloop,ext:crapo_extension,ext:crapo_extension,GRANULARITY_MISMATCH,prop:modular-cut-extension,semantic inference,Raw describes Modular-cut/single-element-extension classification; the normalized row isolates or specializes The empty modular cut gives the coloop extension,"At/proof prop:modular-cut-extension, the manuscript requires: The empty modular cut gives the coloop extension",Keep crosswalk; no correction solely for granularity.,medium
N039,Full cut gives loop,ext:crapo_extension,ext:crapo_extension,GRANULARITY_MISMATCH,prop:modular-cut-extension,semantic inference,Raw describes Modular-cut/single-element-extension classification; the normalized row isolates or specializes The modular cut of all flats gives the loop extension,"At/proof prop:modular-cut-extension, the manuscript requires: The modular cut of all flats gives the loop extension",Keep crosswalk; no correction solely for granularity.,medium
N040,Target-extension criterion,prop:target-extension-criterion,prop:target-extension-criterion,AGREEMENT,prop:target-extension-criterion,stated/defined,"Raw describes An availability family admits a target extension precisely when the modular cut generated by its positive flats avoids its negative flats; normalized states For positive availability flats, a target extension computes `f` iff their generated modular cut avoids every negative availability flat; all valid extensions correspond to cuts between those constraints","At/proof prop:target-extension-criterion, the manuscript requires: For positive availability flats, a target extension computes `f` iff their generated modular cut avoids every negative availability flat; all valid extensions correspond to cuts between those constraints",None.,high
N041,Closure under extension restriction,,,NORMALIZED_ONLY_CANDIDATE,prop:target-extension-criterion,semantic inference,No raw node states this atomic obligation at comparable specificity.,"At/proof prop:target-extension-criterion, the manuscript requires: If `M` restricted to `E` is `N`, then `A⊆E` and `cl_N(A)` have equal rank in `M` and span the added target simultaneously; the raw node list contains no matching standalone obligation.",Review raw graph coverage against the cited manuscript location; leave frozen ledger unchanged.,medium
N042,Matroid representation,def:matroid-representability,def:matroid-representability,AGREEMENT,def:matroid-representability,stated/defined,Raw describes matroid representability; normalized states Indexed vectors over a field represent a matroid iff their linearly independent indexed subfamilies are exactly its independent sets,"At/proof def:matroid-representability, the manuscript requires: Indexed vectors over a field represent a matroid iff their linearly independent indexed subfamilies are exactly its independent sets",None.,high
N043,Vector matroid,def:vector-matroid,def:vector-matroid,AGREEMENT,def:vector-matroid,stated/defined,Raw describes vector matroid; normalized states Any finite indexed vector family determines its dependence matroid,"At/proof def:vector-matroid, the manuscript requires: Any finite indexed vector family determines its dependence matroid",None.,high
N044,Represented rank,ext:represented_closure,ext:represented_closure,GRANULARITY_MISMATCH,def:vector-matroid,semantic inference,Raw describes Vector matroid independence and closure equal linear independence and span; the normalized row isolates or specializes Rank of a represented set equals the dimension of the span of its indexed vectors,"At/proof def:vector-matroid, the manuscript requires: Rank of a represented set equals the dimension of the span of its indexed vectors",Keep crosswalk; no correction solely for granularity.,medium
N045,Represented closure,ext:represented_closure,ext:represented_closure,GRANULARITY_MISMATCH,def:vector-matroid,semantic inference,Raw describes Vector matroid independence and closure equal linear independence and span; the normalized row isolates or specializes e ∈ cl(A) iff its representing vector lies in the span of the vectors indexed by A,"At/proof def:vector-matroid, the manuscript requires: e ∈ cl(A) iff its representing vector lies in the span of the vectors indexed by A",Keep crosswalk; no correction solely for granularity.,medium
N046,Represented circuits,ext:represented_closure,ext:represented_closure,GRANULARITY_MISMATCH,def:vector-matroid,semantic inference,Raw describes Vector matroid independence and closure equal linear independence and span; the normalized row isolates or specializes Circuits of a vector matroid are minimally dependent indexed subfamilies,"At/proof def:vector-matroid, the manuscript requires: Circuits of a vector matroid are minimally dependent indexed subfamilies",Keep crosswalk; no correction solely for granularity.,medium
N047,Projective equivalence,def:projective-equivalence,def:projective-equivalence,AGREEMENT,def:projective-equivalence,stated/defined,Raw describes projective equivalence; normalized states Representations differ by an isomorphism on their column spans and nonzero scalars on nonloop columns,"At/proof def:projective-equivalence, the manuscript requires: Representations differ by an isomorphism on their column spans and nonzero scalars on nonloop columns",None.,high
N048,Represented restriction and deletion,prop:represented-minors,prop:represented-minors,GRANULARITY_MISMATCH,prop:represented-minors,stated/defined,The raw node describes Restriction and deletion retain represented vectors; contraction projects the surviving vectors to the quotient by the contracted span; this is one of 2 normalized clauses at that label: Restricting or deleting a represented matroid retains the surviving indexed columns,"At/proof prop:represented-minors, the manuscript requires: Restricting or deleting a represented matroid retains the surviving indexed columns",Keep crosswalk; no correction solely for granularity.,medium
N049,Represented contraction,prop:represented-minors,prop:represented-minors,GRANULARITY_MISMATCH,prop:represented-minors,stated/defined,The raw node describes Restriction and deletion retain represented vectors; contraction projects the surviving vectors to the quotient by the contracted span; this is one of 2 normalized clauses at that label: Contraction by A is represented by projecting surviving columns modulo the span of columns indexed by A,"At/proof prop:represented-minors, the manuscript requires: Contraction by A is represented by projecting surviving columns modulo the span of columns indexed by A",Keep crosswalk; no correction solely for granularity.,medium
N050,Functional zero flat,prop:functional-zero-flat,prop:functional-zero-flat,AGREEMENT,prop:functional-zero-flat,stated/defined,"Raw describes The represented elements annihilated by a linear functional form a flat; normalized states In a represented matroid, the elements annihilated by a linear functional form a flat","At/proof prop:functional-zero-flat, the manuscript requires: In a represented matroid, the elements annihilated by a linear functional form a flat",None.,high
N051,Regularity,def:regular-matroid,def:regular-matroid,AGREEMENT,def:regular-matroid,stated/defined,Raw describes regular matroid; normalized states A matroid representable over every field,"At/proof def:regular-matroid, the manuscript requires: A matroid representable over every field",None.,high
N052,Tutte characterization,ext:tutte_tu,ext:tutte_tu,GRANULARITY_MISMATCH,def:regular-matroid,semantic inference,"Raw describes Regularity, TU representability and minor closure; the normalized row isolates or specializes A matroid is regular iff it has a real totally unimodular coordinate representation","At/proof def:regular-matroid, the manuscript requires: A matroid is regular iff it has a real totally unimodular coordinate representation",Keep crosswalk; no correction solely for granularity.,medium
N053,TU representation over every field,ext:tutte_tu,ext:tutte_tu,GRANULARITY_MISMATCH,def:regular-matroid,semantic inference,"Raw describes Regularity, TU representability and minor closure; the normalized row isolates or specializes The zero/nonzero maximal minors of a totally unimodular matrix remain unchanged in any field, so its column matroid is regular","At/proof def:regular-matroid, the manuscript requires: The zero/nonzero maximal minors of a totally unimodular matrix remain unchanged in any field, so its column matroid is regular",Keep crosswalk; no correction solely for granularity.,medium
N054,Regular minor closure,prop:regular-basic-properties,prop:regular-basic-properties,GRANULARITY_MISMATCH,prop:regular-basic-properties,stated/defined,"The raw node describes Regular matroids are minor closed, and all their real representations are projectively equivalent to a fixed totally unimodular representation; this is one of 2 normalized clauses at that label: Deletion and contraction of a regular matroid are regular","At/proof prop:regular-basic-properties, the manuscript requires: Deletion and contraction of a regular matroid are regular",Keep crosswalk; no correction solely for granularity.,medium
N055,Projective uniqueness of regular matroids,ext:regular_uniqueness,ext:regular_uniqueness,GRANULARITY_MISMATCH,prop:regular-basic-properties,stated/defined,Raw describes Projective uniqueness of real representations of regular matroids; the normalized row isolates or specializes All real representations of a regular matroid are projectively equivalent to a fixed TU representation,"At/proof prop:regular-basic-properties, the manuscript requires: All real representations of a regular matroid are projectively equivalent to a fixed TU representation",Keep crosswalk; no correction solely for granularity.,medium
N055,Projective uniqueness of regular matroids,prop:regular-basic-properties,prop:regular-basic-properties,GRANULARITY_MISMATCH,prop:regular-basic-properties,stated/defined,"The raw node describes Regular matroids are minor closed, and all their real representations are projectively equivalent to a fixed totally unimodular representation; this is one of 2 normalized clauses at that label: All real representations of a regular matroid are projectively equivalent to a fixed TU representation","At/proof prop:regular-basic-properties, the manuscript requires: All real representations of a regular matroid are projectively equivalent to a fixed TU representation",Keep crosswalk; no correction solely for granularity.,medium
N056,TU pivot and standard form,ext:tu_standard_form,ext:tu_standard_form,GRANULARITY_MISMATCH,thm:regular-quotient-form,semantic inference,"Raw describes TU basis normalization [I|D], transpose and signed extension closure; the normalized row isolates or specializes Pivoting on a basis and permuting columns can put a TU representation into `[I D]` without losing total unimodularity","At/proof thm:regular-quotient-form, the manuscript requires: Pivoting on a basis and permuting columns can put a TU representation into `[I D]` without losing total unimodularity",Keep crosswalk; no correction solely for granularity.,medium
N057,TU identity augmentation,ext:tu_standard_form,ext:tu_standard_form,GRANULARITY_MISMATCH,thm:regular-quotient-form,semantic inference,"Raw describes TU basis normalization [I|D], transpose and signed extension closure; the normalized row isolates or specializes Adding the identity rows or columns used in the kernel/quotient construction preserves total unimodularity","At/proof thm:regular-quotient-form, the manuscript requires: Adding the identity rows or columns used in the kernel/quotient construction preserves total unimodularity",Keep crosswalk; no correction solely for granularity.,medium
N058,Higgs quotient construction,,,NORMALIZED_ONLY_CANDIDATE,thm:regular-quotient-form,semantic inference,No raw node states this atomic obligation at comparable specificity.,"At/proof thm:regular-quotient-form, the manuscript requires: Every matroid quotient can be realized by an extension followed by contraction; in particular any matroid is a quotient of a free matroid; the raw node list contains no matching standalone obligation.",No correction: Higgs quotient is contextual and the manuscript gives a direct regular construction.,medium
N059,Regular free quotient form,thm:regular-quotient-form,thm:regular-quotient-form,AGREEMENT,thm:regular-quotient-form,stated/defined,"Raw describes A finite matroid is regular exactly when it is a contraction of a regular extension whose restriction to the original elements is free; normalized states A finite matroid is regular iff it is a contraction of a regular matroid whose deletion of the contracted set is free, with identity on the original ground set","At/proof thm:regular-quotient-form, the manuscript requires: A finite matroid is regular iff it is a contraction of a regular matroid whose deletion of the contracted set is free, with identity on the original ground set",None.,high
N060,Regular extension chain,cor:regular-extension-chain,cor:regular-extension-chain,AGREEMENT,cor:regular-extension-chain,stated/defined,"Raw describes Every regular matroid is obtained from a free matroid by regular single-element extensions followed by contraction of the new elements; normalized states Every regular matroid arises from a free matroid by regular single-element extensions, then contraction of the added elements","At/proof cor:regular-extension-chain, the manuscript requires: Every regular matroid arises from a free matroid by regular single-element extensions, then contraction of the added elements",None.,high
N061,Graphic matroid,def:graphic-cographic,def:graphic-cographic,GRANULARITY_MISMATCH,def:graphic-cographic,stated/defined,The raw node describes graphic cographic; this is one of 2 normalized clauses at that label: A graph’s graphic matroid has forests as independent sets,"At/proof def:graphic-cographic, the manuscript requires: A graph’s graphic matroid has forests as independent sets",Keep crosswalk; no correction solely for granularity.,medium
N062,Cographic matroid,def:graphic-cographic,def:graphic-cographic,GRANULARITY_MISMATCH,def:graphic-cographic,stated/defined,The raw node describes graphic cographic; this is one of 2 normalized clauses at that label: A graph’s cographic matroid has minimal nonempty edge cuts as circuits,"At/proof def:graphic-cographic, the manuscript requires: A graph’s cographic matroid has minimal nonempty edge cuts as circuits",Keep crosswalk; no correction solely for granularity.,medium
N063,Regular-matroid cycle,def:matroid-cycle,def:matroid-cycle,AGREEMENT,def:matroid-cycle,stated/defined,"Raw describes matroid cycle; normalized states A cycle is a disjoint union of circuits, including the empty set","At/proof def:matroid-cycle, the manuscript requires: A cycle is a disjoint union of circuits, including the empty set",None.,high
N064,Regular one-sum construction,def:regular-matroid-sums,def:regular-matroid-sums,GRANULARITY_MISMATCH,def:regular-matroid-sums,stated/defined,The raw node describes regular matroid sums; this is one of 3 normalized clauses at that label: The disjoint-ground-set 1-sum has cycles formed by disjoint union of cycles,"At/proof def:regular-matroid-sums, the manuscript requires: The disjoint-ground-set 1-sum has cycles formed by disjoint union of cycles",Keep crosswalk; no correction solely for granularity.,medium
N065,Regular two-sum construction,def:regular-matroid-sums,def:regular-matroid-sums,GRANULARITY_MISMATCH,def:regular-matroid-sums,stated/defined,"The raw node describes regular matroid sums; this is one of 3 normalized clauses at that label: Across one common nonloop, noncoloop element, compatible cycle symmetric differences define the 2-sum on the remaining ground set","At/proof def:regular-matroid-sums, the manuscript requires: Across one common nonloop, noncoloop element, compatible cycle symmetric differences define the 2-sum on the remaining ground set",Keep crosswalk; no correction solely for granularity.,medium
N066,Regular three-sum construction,def:regular-matroid-sums,def:regular-matroid-sums,GRANULARITY_MISMATCH,def:regular-matroid-sums,stated/defined,"The raw node describes regular matroid sums; this is one of 3 normalized clauses at that label: Across a common coindependent triangle, compatible cycle symmetric differences define the 3-sum on the remaining ground set","At/proof def:regular-matroid-sums, the manuscript requires: Across a common coindependent triangle, compatible cycle symmetric differences define the 3-sum on the remaining ground set",Keep crosswalk; no correction solely for granularity.,medium
N067,One-sum preserves regularity,ext:sum_bases,ext:sum_bases,GRANULARITY_MISMATCH,def:regular-matroid-sums,semantic inference,"Raw describes Direct/2-sum basis and circuit bijections, rank and regularity preservation; the normalized row isolates or specializes A 1-sum of regular matroids is regular","At/proof def:regular-matroid-sums, the manuscript requires: A 1-sum of regular matroids is regular",Keep crosswalk; no correction solely for granularity.,medium
N068,Two-sum preserves regularity,ext:sum_bases,ext:sum_bases,GRANULARITY_MISMATCH,def:regular-matroid-sums,semantic inference,"Raw describes Direct/2-sum basis and circuit bijections, rank and regularity preservation; the normalized row isolates or specializes A proper 2-sum of regular matroids is regular","At/proof def:regular-matroid-sums, the manuscript requires: A proper 2-sum of regular matroids is regular",Keep crosswalk; no correction solely for granularity.,medium
N069,Three-sum preserves regularity,ext:sum_bases,ext:sum_bases,GRANULARITY_MISMATCH,def:regular-matroid-sums,semantic inference,"Raw describes Direct/2-sum basis and circuit bijections, rank and regularity preservation; the normalized row isolates or specializes A proper 3-sum of regular matroids is regular","At/proof def:regular-matroid-sums, the manuscript requires: A proper 3-sum of regular matroids is regular",Keep crosswalk; no correction solely for granularity.,medium
N070,R10,def:r10,def:r10,AGREEMENT,def:r10,stated/defined,Raw describes r10; normalized states The rank-five ten-element regular vector matroid represented by the displayed matrix,"At/proof def:r10, the manuscript requires: The rank-five ten-element regular vector matroid represented by the displayed matrix",None.,high
N071,Seymour decomposition object,def:seymour-decomposition,def:seymour-decomposition,AGREEMENT,def:seymour-decomposition,stated/defined,"Raw describes seymour decomposition; normalized states A rooted binary 1/2/3-sum tree with graphic, cographic, or R10 leaves","At/proof def:seymour-decomposition, the manuscript requires: A rooted binary 1/2/3-sum tree with graphic, cographic, or R10 leaves",None.,high
N072,Seymour decomposition theorem,ext:seymour,ext:seymour,GRANULARITY_MISMATCH,thm:seymour-decomposition,stated/defined,"Raw describes Regular-matroid decomposition into graphic, cographic and R10 leaves; the normalized row isolates or specializes Every regular matroid admits such a decomposition","At/proof thm:seymour-decomposition, the manuscript requires: Every regular matroid admits such a decomposition",Keep crosswalk; no correction solely for granularity.,medium
N072,Seymour decomposition theorem,thm:seymour-decomposition,thm:seymour-decomposition,AGREEMENT,thm:seymour-decomposition,stated/defined,"Raw describes Every regular matroid has a decomposition into graphic, cographic, and R10 leaves using 1-, 2-, and 3-sums; normalized states Every regular matroid admits such a decomposition","At/proof thm:seymour-decomposition, the manuscript requires: Every regular matroid admits such a decomposition",None.,high
N073,Colored matroid,def:colored-matroid,def:colored-matroid,AGREEMENT,def:colored-matroid,stated/defined,"Raw describes colored matroid; normalized states A matroid with an auxiliary element-label map; coloring does not change dependence, rank, closure, flats, or circuits","At/proof def:colored-matroid, the manuscript requires: A matroid with an auxiliary element-label map; coloring does not change dependence, rank, closure, flats, or circuits",None.,high
N074,Functional query closure,def:query-closure,def:query-closure,AGREEMENT,def:query-closure,stated/defined,Raw describes query closure; normalized states `cl_Q(S)` is the set of queries whose answer partition is refined by the joint answers to `S`,"At/proof def:query-closure, the manuscript requires: `cl_Q(S)` is the set of queries whose answer partition is refined by the joint answers to `S`",None.,high
N075,Query closure extensivity,prop:query-closure-operator,prop:query-closure-operator,GRANULARITY_MISMATCH,prop:query-closure-operator,stated/defined,"The raw node describes Queries determined by joint answers form an extensive, monotone, idempotent closure operator; this is one of 4 normalized clauses at that label: S ⊆ cl_Q(S)","At/proof prop:query-closure-operator, the manuscript requires: S ⊆ cl_Q(S)",Keep crosswalk; no correction solely for granularity.,medium
N076,Query closure monotonicity,prop:query-closure-operator,prop:query-closure-operator,GRANULARITY_MISMATCH,prop:query-closure-operator,stated/defined,"The raw node describes Queries determined by joint answers form an extensive, monotone, idempotent closure operator; this is one of 4 normalized clauses at that label: S ⊆ T implies cl_Q(S) ⊆ cl_Q(T)","At/proof prop:query-closure-operator, the manuscript requires: S ⊆ T implies cl_Q(S) ⊆ cl_Q(T)",Keep crosswalk; no correction solely for granularity.,medium
N077,Query closure idempotence,prop:query-closure-operator,prop:query-closure-operator,GRANULARITY_MISMATCH,prop:query-closure-operator,stated/defined,"The raw node describes Queries determined by joint answers form an extensive, monotone, idempotent closure operator; this is one of 4 normalized clauses at that label: cl_Q(cl_Q(S)) = cl_Q(S)","At/proof prop:query-closure-operator, the manuscript requires: cl_Q(cl_Q(S)) = cl_Q(S)",Keep crosswalk; no correction solely for granularity.,medium
N078,Closure preserves query partition,prop:query-closure-operator,prop:query-closure-operator,GRANULARITY_MISMATCH,prop:query-closure-operator,stated/defined,"The raw node describes Queries determined by joint answers form an extensive, monotone, idempotent closure operator; this is one of 4 normalized clauses at that label: S and cl_Q(S) induce the same joint-answer partition","At/proof prop:query-closure-operator, the manuscript requires: S and cl_Q(S) induce the same joint-answer partition",Keep crosswalk; no correction solely for granularity.,medium
N079,Matroidal query-system condition,def:matroidal-query-system,def:matroidal-query-system,GRANULARITY_MISMATCH,def:matroidal-query-system,stated/defined,The raw node describes matroidal query system; this is one of 2 normalized clauses at that label: Functional query closure satisfies the displayed Steinitz exchange implication,"At/proof def:matroidal-query-system, the manuscript requires: Functional query closure satisfies the displayed Steinitz exchange implication",Keep crosswalk; no correction solely for granularity.,medium
N080,Finite closure-exchange representation,def:matroidal-query-system,def:matroidal-query-system,GRANULARITY_MISMATCH,def:matroidal-query-system,stated/defined,"The raw node describes matroidal query system; this is one of 2 normalized clauses at that label: A finite extensive, monotone, idempotent closure satisfying Steinitz exchange is the closure of a matroid","At/proof def:matroidal-query-system, the manuscript requires: A finite extensive, monotone, idempotent closure satisfying Steinitz exchange is the closure of a matroid",Keep crosswalk; no correction solely for granularity.,medium
N081,Pointed matroid port,prop:minimal-query-circuits,prop:minimal-query-circuits,GRANULARITY_MISMATCH,prop:minimal-query-circuits,semantic inference,"Raw describes Minimal fixed query sets computing the target are exactly circuits through the target with that element removed; the normalized row isolates or specializes For a distinguished element `τ`, the minimal subsets of the other elements spanning `τ` are exactly the non-target parts of circuits through `τ`","At/proof prop:minimal-query-circuits, the manuscript requires: For a distinguished element `τ`, the minimal subsets of the other elements spanning `τ` are exactly the non-target parts of circuits through `τ`",Keep crosswalk; no correction solely for granularity.,medium
N082,Targeted query matroid,def:target-query-matroid,def:target-query-matroid,AGREEMENT,def:target-query-matroid,stated/defined,Raw describes target query matroid; normalized states A single-element extension of `N_Q` whose target is in `cl(S)` exactly when fixed queries `S` compute `f`,"At/proof def:target-query-matroid, the manuscript requires: A single-element extension of `N_Q` whose target is in `cl(S)` exactly when fixed queries `S` compute `f`",None.,high
N083,Target modular-cut criterion,thm:target-modular-cut,thm:target-modular-cut,AGREEMENT,thm:target-modular-cut,stated/defined,Raw describes A matroidal query system admits a target extension precisely when its computing flats form a modular cut; normalized states Such a targeted query matroid exists iff the computing flats of `N_Q` form a modular cut,"At/proof thm:target-modular-cut, the manuscript requires: Such a targeted query matroid exists iff the computing flats of `N_Q` form a modular cut",None.,high
N084,Minimal computing sets as circuits,prop:minimal-query-circuits,prop:minimal-query-circuits,AGREEMENT,prop:minimal-query-circuits,stated/defined,Raw describes Minimal fixed query sets computing the target are exactly circuits through the target with that element removed; normalized states A fixed query set is inclusion-minimal for computing `f` iff it and the target together form a target circuit,"At/proof prop:minimal-query-circuits, the manuscript requires: A fixed query set is inclusion-minimal for computing `f` iff it and the target together form a target circuit",None.,high
N085,Coordinate query matroid,prop:coordinate-query-matroid,prop:coordinate-query-matroid,AGREEMENT,prop:coordinate-query-matroid,stated/defined,"Raw describes On a full product domain with at least two values per coordinate, the coordinate-query matroid is free; normalized states On a full product domain with at least two values per coordinate, coordinate queries have identity functional closure, hence the free query matroid","At/proof prop:coordinate-query-matroid, the manuscript requires: On a full product domain with at least two values per coordinate, coordinate queries have identity functional closure, hence the free query matroid",None.,high
N086,Essential coordinates characterize computation,prop:coordinate-target-matroid,prop:coordinate-target-matroid,GRANULARITY_MISMATCH,prop:coordinate-target-matroid,stated/defined,"The raw node describes On a full product domain, a fixed coordinate set computes f exactly when it contains all essential coordinates, and the corresponding target extension exists; this is one of 2 normalized clauses at that label: A fixed coordinate set computes f iff it contains every essential coordinate","At/proof prop:coordinate-target-matroid, the manuscript requires: A fixed coordinate set computes f iff it contains every essential coordinate",Keep crosswalk; no correction solely for granularity.,medium
N087,Coordinate target extension exists,prop:coordinate-target-matroid,prop:coordinate-target-matroid,GRANULARITY_MISMATCH,prop:coordinate-target-matroid,stated/defined,"The raw node describes On a full product domain, a fixed coordinate set computes f exactly when it contains all essential coordinates, and the corresponding target extension exists; this is one of 2 normalized clauses at that label: The upward family of essential-coordinate supersets is a modular cut in the free query matroid, hence gives a targeted query matroid","At/proof prop:coordinate-target-matroid, the manuscript requires: The upward family of essential-coordinate supersets is a modular cut in the free query matroid, hence gives a targeted query matroid",Keep crosswalk; no correction solely for granularity.,medium
N088,Boolean coordinate representation,prop:boolean-coordinate-representation,prop:boolean-coordinate-representation,AGREEMENT,prop:boolean-coordinate-representation,stated/defined,"Raw describes For Boolean coordinate queries, standard basis columns and the sum over essential coordinates represent the targeted query matroid over F2; normalized states Standard basis vectors for queries, with target vector the sum of essential-coordinate vectors over `F₂`, represent the targeted query matroid","At/proof prop:boolean-coordinate-representation, the manuscript requires: Standard basis vectors for queries, with target vector the sum of essential-coordinate vectors over `F₂`, represent the targeted query matroid",None.,high
N089,Computation and target closure,prop:query-separation-cover,prop:query-separation-cover,GRANULARITY_MISMATCH,prop:query-separation-cover,stated/defined,"The raw node describes Fixed-set computation, spanning the adjoined target, and separation of every opposite-output pair are equivalent; this is one of 2 normalized clauses at that label: For a targeted query matroid, fixed S computes f iff it spans τ_f","At/proof prop:query-separation-cover, the manuscript requires: For a targeted query matroid, fixed S computes f iff it spans τ_f",Keep crosswalk; no correction solely for granularity.,medium
N090,Computation and separation cover,prop:query-separation-cover,prop:query-separation-cover,GRANULARITY_MISMATCH,prop:query-separation-cover,stated/defined,"The raw node describes Fixed-set computation, spanning the adjoined target, and separation of every opposite-output pair are equivalent; this is one of 2 normalized clauses at that label: Fixed S computes f iff its query separation relations cover target separation","At/proof prop:query-separation-cover, the manuscript requires: Fixed S computes f iff its query separation relations cover target separation",Keep crosswalk; no correction solely for granularity.,medium
N091,Source matroid,def:f-separation-matroid,def:f-separation-matroid,AGREEMENT,def:f-separation-matroid,stated/defined,Raw describes f separation matroid; normalized states The targeted query matroid colored by each query's pairwise separation relation and the target's separation relation,"At/proof def:f-separation-matroid, the manuscript requires: The targeted query matroid colored by each query's pairwise separation relation and the target's separation relation",None.,high
N092,Agreement set is query flat,prop:agreement-set-flat,prop:agreement-set-flat,GRANULARITY_MISMATCH,prop:agreement-set-flat,stated/defined,The raw node describes Opposite-output agree sets are noncomputing flats; every noncomputing flat lies in a realized agree set; maximal ones are the target cocircuit complements; this is one of 2 normalized clauses at that label: Opposite-output inputs have a query-agreement set closed under functional query dependence,"At/proof prop:agreement-set-flat, the manuscript requires: Opposite-output inputs have a query-agreement set closed under functional query dependence",Keep crosswalk; no correction solely for granularity.,medium
N093,Agreement set avoids target closure,prop:agreement-set-flat,prop:agreement-set-flat,GRANULARITY_MISMATCH,prop:agreement-set-flat,stated/defined,The raw node describes Opposite-output agree sets are noncomputing flats; every noncomputing flat lies in a realized agree set; maximal ones are the target cocircuit complements; this is one of 2 normalized clauses at that label: The same agreement set does not span the target in a targeted query matroid,"At/proof prop:agreement-set-flat, the manuscript requires: The same agreement set does not span the target in a targeted query matroid",Keep crosswalk; no correction solely for granularity.,medium
N094,Realization of noncomputing flats,prop:agreement-set-flat,prop:agreement-set-flat,GRANULARITY_MISMATCH,prop:noncomputing-flat-realized-above,stated/defined,Raw describes Opposite-output agree sets are noncomputing flats; every noncomputing flat lies in a realized agree set; maximal ones are the target cocircuit complements; the normalized row isolates or specializes Every noncomputing query flat is contained in an agreement flat of some opposite-output pair,"At/proof prop:noncomputing-flat-realized-above, the manuscript requires: Every noncomputing query flat is contained in an agreement flat of some opposite-output pair",Keep crosswalk; no correction solely for granularity.,medium
N095,Maximal noncomputing flats and target cocircuits,prop:agreement-set-flat,prop:agreement-set-flat,GRANULARITY_MISMATCH,prop:maximal-noncomputing-target-cocircuit,stated/defined,"Raw describes Opposite-output agree sets are noncomputing flats; every noncomputing flat lies in a realized agree set; maximal ones are the target cocircuit complements; the normalized row isolates or specializes Maximal query flats not spanning the target are complements, within `Q`, of cocircuits of `M_f` containing `τ_f`","At/proof prop:maximal-noncomputing-target-cocircuit, the manuscript requires: Maximal query flats not spanning the target are complements, within `Q`, of cocircuits of `M_f` containing `τ_f`",Keep crosswalk; no correction solely for granularity.,medium
N096,Agreement-flat incidence,interface:agreement_fibers,interface:agreement_fibers,GRANULARITY_MISMATCH,prop:agreement-set-flat,semantic inference,"Raw describes Partition opposite-output pairs by their exact agreement subset; flat values under matroidality; the normalized row isolates or specializes On a realized agreement flat `F`, query `q` separates the pair exactly when `q ∉ F`; the adversary filter is a sum over the fibers omitting `q`","At/proof prop:agreement-set-flat, the manuscript requires: On a realized agreement flat `F`, query `q` separates the pair exactly when `q ∉ F`; the adversary filter is a sum over the fibers omitting `q`",Keep crosswalk; no correction solely for granularity.,medium
N097,Flat-lattice join,ext:matroid_basic,ext:matroid_basic,GRANULARITY_MISMATCH,prop:mobius-source-potential,semantic inference,"Raw describes Finite matroid closure, exchange, rank, bases, duality and hyperplanes; the normalized row isolates or specializes The join of flats F and G is cl_M(F ∪ G)","At/proof prop:mobius-source-potential, the manuscript requires: The join of flats F and G is cl_M(F ∪ G)",Keep crosswalk; no correction solely for granularity.,medium
N098,Agreement projection composition,prop:mobius-source-potential,prop:mobius-source-potential,SCOPE_MISMATCH,prop:mobius-source-potential,semantic inference,"Normalized marks a query-projection identity CORE_MATROID; raw places it inside the agreement-flat adversary construction. Edges E0348-E0351 include agreement-fiber and partition-pinching inputs, confirming that this identity depends on query-partition semantics.","At/proof prop:mobius-source-potential, the manuscript requires: Agreement-on-F and agreement-on-G projections compose as agreement-on-F∨G; the projection operation is defined by query agreement partitions.",Propose re-scoping this frozen normalized row to APPLICATION_CONTEXT after adjudication.,high
N099,Maximal-flat covering reduction,thm:singleton-fiber-scalarization,thm:singleton-fiber-scalarization,GRANULARITY_MISMATCH,thm:singleton-fiber-scalarization,stated/defined,"The raw labeled node describes With one output fiber a singleton, the squared adversary value is a fractional packing/covering optimum, whose covering constraints reduce to target cocircuits; the normalized row isolates its matroid-specific clause: For nonnegative cover weights, constraints indexed by all realized agreement flats follow from constraints indexed by maximal noncomputing flats, equivalently target cocircuits","At/proof thm:singleton-fiber-scalarization, the manuscript requires: For nonnegative cover weights, constraints indexed by all realized agreement flats follow from constraints indexed by maximal noncomputing flats, equivalently target cocircuits",Keep crosswalk; no correction solely for granularity.,medium
N100,Span program induces vector matroid,prop:span-program-matroid-shadow,prop:span-program-matroid-shadow,GRANULARITY_MISMATCH,prop:span-program-matroid-shadow,stated/defined,"The raw node describes Adding the target vector to the input configuration converts span-program acceptance into target closure in a vector matroid, and a represented pointed matroid gives the converse construction; this is one of 2 normalized clauses at that label: Adjoining a target vector yields a vector matroid whose target closure matches the program acceptance rule","At/proof prop:span-program-matroid-shadow, the manuscript requires: Adjoining a target vector yields a vector matroid whose target closure matches the program acceptance rule",Keep crosswalk; no correction solely for granularity.,medium
N101,Pointed representation induces span program,prop:span-program-matroid-shadow,prop:span-program-matroid-shadow,GRANULARITY_MISMATCH,prop:span-program-matroid-shadow,stated/defined,"The raw node describes Adding the target vector to the input configuration converts span-program acceptance into target closure in a vector matroid, and a represented pointed matroid gives the converse construction; this is one of 2 normalized clauses at that label: A real representation of a pointed program matroid gives a span program with the same acceptance rule","At/proof prop:span-program-matroid-shadow, the manuscript requires: A real representation of a pointed program matroid gives a span program with the same acceptance rule",Keep crosswalk; no correction solely for granularity.,medium
N102,Response-labeled program matroid,def:f-matroid-span-program,def:f-matroid-span-program,AGREEMENT,def:f-matroid-span-program,stated/defined,Raw describes f matroid span program; normalized states A pointed matroid with a query-response label on every non-target element computes `f` when target closure of the label-induced available set matches `f`,"At/proof def:f-matroid-span-program, the manuscript requires: A pointed matroid with a query-response label on every non-target element computes `f` when target closure of the label-induced available set matches `f`",None.,high
N102,Response-labeled program matroid,interface:response_labels,interface:response_labels,GRANULARITY_MISMATCH,def:f-matroid-span-program,stated/defined,Raw describes Finite dependent sum of query blocks; observed response and element availability; the normalized row isolates or specializes A pointed matroid with a query-response label on every non-target element computes `f` when target closure of the label-induced available set matches `f`,"At/proof def:f-matroid-span-program, the manuscript requires: A pointed matroid with a query-response label on every non-target element computes `f` when target closure of the label-induced available set matches `f`",Keep crosswalk; no correction solely for granularity.,medium
N103,Represented program realizes response-labeled rule,prop:linear-span-program-to-matroid-program,prop:linear-span-program-to-matroid-program,GRANULARITY_MISMATCH,prop:matroid-program-to-linear-span-program;prop:linear-span-program-to-matroid-program,stated/defined,The raw node describes Every finite real response-labeled span program computing f has an underlying representable labeled matroid program; this is one of 2 normalized clauses at that label: Any real representation of the program matroid has the prescribed target-closure acceptance rule,"At/proof prop:matroid-program-to-linear-span-program;prop:linear-span-program-to-matroid-program, the manuscript requires: Any real representation of the program matroid has the prescribed target-closure acceptance rule",Keep crosswalk; no correction solely for granularity.,medium
N103,Represented program realizes response-labeled rule,prop:matroid-program-to-linear-span-program,prop:matroid-program-to-linear-span-program,GRANULARITY_MISMATCH,prop:matroid-program-to-linear-span-program;prop:linear-span-program-to-matroid-program,stated/defined,The raw node describes Every real representation of a response-labeled matroid program gives a response-labeled linear span program computing the same function; this is one of 2 normalized clauses at that label: Any real representation of the program matroid has the prescribed target-closure acceptance rule,"At/proof prop:matroid-program-to-linear-span-program;prop:linear-span-program-to-matroid-program, the manuscript requires: Any real representation of the program matroid has the prescribed target-closure acceptance rule",Keep crosswalk; no correction solely for granularity.,medium
N104,Span program determines labeled matroid,prop:linear-span-program-to-matroid-program,prop:linear-span-program-to-matroid-program,GRANULARITY_MISMATCH,prop:matroid-program-to-linear-span-program;prop:linear-span-program-to-matroid-program,stated/defined,The raw node describes Every finite real response-labeled span program computing f has an underlying representable labeled matroid program; this is one of 2 normalized clauses at that label: A finite response-labeled real span program determines its represented program matroid,"At/proof prop:matroid-program-to-linear-span-program;prop:linear-span-program-to-matroid-program, the manuscript requires: A finite response-labeled real span program determines its represented program matroid",Keep crosswalk; no correction solely for granularity.,medium
N104,Span program determines labeled matroid,prop:matroid-program-to-linear-span-program,prop:matroid-program-to-linear-span-program,GRANULARITY_MISMATCH,prop:matroid-program-to-linear-span-program;prop:linear-span-program-to-matroid-program,stated/defined,The raw node describes Every real representation of a response-labeled matroid program gives a response-labeled linear span program computing the same function; this is one of 2 normalized clauses at that label: A finite response-labeled real span program determines its represented program matroid,"At/proof prop:matroid-program-to-linear-span-program;prop:linear-span-program-to-matroid-program, the manuscript requires: A finite response-labeled real span program determines its represented program matroid",Keep crosswalk; no correction solely for granularity.,medium
N105,Positive target support,def:positive-support,def:positive-support,AGREEMENT,def:positive-support,stated/defined,"Raw describes positive support; normalized states For a pointed matroid (M,τ) and A⊆E(M)\{τ} spanning τ, take the least cardinality of S⊆A with τ∈cl_M(S)","At/proof def:positive-support, the manuscript requires: For a pointed matroid (M,τ) and A⊆E(M)\{τ} spanning τ, take the least cardinality of S⊆A with τ∈cl_M(S)",None.,high
N106,Positive support by target circuits,prop:positive-support-circuits,prop:positive-support-circuits,AGREEMENT,prop:positive-support-circuits,stated/defined,Raw describes Minimum positive support equals the smallest available target circuit size minus one; normalized states Positive support equals the minimum `card(C)−1` among target circuits otherwise contained in the available set,"At/proof prop:positive-support-circuits, the manuscript requires: Positive support equals the minimum `card(C)−1` among target circuits otherwise contained in the available set",None.,high
N107,Negative target support,def:negative-support,def:negative-support,AGREEMENT,def:negative-support,stated/defined,"Raw describes negative support; normalized states For a pointed matroid (M,τ) and A⊆E(M)\{τ} not spanning τ, take the least |D|−1 over target cocircuits D avoiding A","At/proof def:negative-support, the manuscript requires: For a pointed matroid (M,τ) and A⊆E(M)\{τ} not spanning τ, take the least |D|−1 over target cocircuits D avoiding A",None.,high
N108,Support profile,def:matroid-span-support-profile,def:matroid-span-support-profile,AGREEMENT,def:matroid-span-support-profile,stated/defined,"Raw describes matroid span support profile; normalized states The pair of worst positive and negative support sizes for a labeled program, with empty-fiber maxima taken as zero","At/proof def:matroid-span-support-profile, the manuscript requires: The pair of worst positive and negative support sizes for a labeled program, with empty-fiber maxima taken as zero",None.,high
N109,Positive support in a representation,prop:support-linear-characterization,prop:support-linear-characterization,GRANULARITY_MISMATCH,prop:support-linear-characterization,stated/defined,"The raw node describes The positive and negative matroid support minima equal minimum coordinate support of reconstruction coefficients and functional evaluations, respectively; this is one of 2 normalized clauses at that label: For available A spanning τ, the smallest spanning subset has the minimum nonzero reconstruction-coefficient count","At/proof prop:support-linear-characterization, the manuscript requires: For available A spanning τ, the smallest spanning subset has the minimum nonzero reconstruction-coefficient count",Keep crosswalk; no correction solely for granularity.,medium
N110,Negative support in a representation,prop:support-linear-characterization,prop:support-linear-characterization,GRANULARITY_MISMATCH,prop:support-linear-characterization,stated/defined,"The raw node describes The positive and negative matroid support minima equal minimum coordinate support of reconstruction coefficients and functional evaluations, respectively; this is one of 2 normalized clauses at that label: For available A not spanning τ, the least target-cocircuit support equals minimum nonzero evaluations of a target-normalized separating functional","At/proof prop:support-linear-characterization, the manuscript requires: For available A not spanning τ, the least target-cocircuit support equals minimum nonzero evaluations of a target-normalized separating functional",Keep crosswalk; no correction solely for granularity.,medium
N111,Nonzero column rescaling,def:projective-equivalence,def:projective-equivalence,GRANULARITY_MISMATCH,def:projective-equivalence,semantic inference,Raw describes projective equivalence; the normalized row isolates or specializes Independently rescaling indexed columns by nonzero scalars preserves the vector matroid,"At/proof def:projective-equivalence, the manuscript requires: Independently rescaling indexed columns by nonzero scalars preserves the vector matroid",Keep crosswalk; no correction solely for granularity.,medium
N112,Ambient linear isomorphism,def:projective-equivalence,def:projective-equivalence,GRANULARITY_MISMATCH,def:projective-equivalence,semantic inference,Raw describes projective equivalence; the normalized row isolates or specializes An invertible ambient linear map preserves the represented vector matroid,"At/proof def:projective-equivalence, the manuscript requires: An invertible ambient linear map preserves the represented vector matroid",Keep crosswalk; no correction solely for granularity.,medium
N113,Fixed-program realization cost,def:linear-cost,def:linear-cost,AGREEMENT,def:linear-cost,stated/defined,"Raw describes linear cost; normalized states For a fixed response-labeled representable program, minimize balanced positive/negative quadratic energies over all real representations of its matroid","At/proof def:linear-cost, the manuscript requires: For a fixed response-labeled representable program, minimize balanced positive/negative quadratic energies over all real representations of its matroid",None.,high
N114,Global labeled-program cost,def:matroid-span-program-cost,def:matroid-span-program-cost,AGREEMENT,def:matroid-span-program-cost,stated/defined,Raw describes matroid span program cost; normalized states Minimize the fixed-program realization cost over all real-representable response-labeled program matroids satisfying the target rule,"At/proof def:matroid-span-program-cost, the manuscript requires: Minimize the fixed-program realization cost over all real-representable response-labeled program matroids satisfying the target rule",None.,high
N115,Regular program,def:regular-matroid-span-program,def:regular-matroid-span-program,AGREEMENT,def:regular-matroid-span-program,stated/defined,Raw describes regular matroid span program; normalized states A response-labeled program whose program matroid is regular,"At/proof def:regular-matroid-span-program, the manuscript requires: A response-labeled program whose program matroid is regular",None.,high
N116,Regular real representations parameterize by weights,interface:weighted_representation,interface:weighted_representation,GRANULARITY_MISMATCH,prop:regular-representations-are-weights,stated/defined,"Raw describes TU columns scaled by positive square-root weights, normalized at the target; the normalized row isolates or specializes After a fixed TU representation and ambient isomorphism, each real representation of a regular matroid has nonzero column scalars; for a nonloop target its scalar can be normalized","At/proof prop:regular-representations-are-weights, the manuscript requires: After a fixed TU representation and ambient isomorphism, each real representation of a regular matroid has nonzero column scalars; for a nonloop target its scalar can be normalized",Keep crosswalk; no correction solely for granularity.,medium
N116,Regular real representations parameterize by weights,prop:regular-representations-are-weights,prop:regular-representations-are-weights,GRANULARITY_MISMATCH,prop:regular-representations-are-weights,stated/defined,"The raw node describes For a fixed nonconstant regular program, optimizing all real representations reduces exactly to positive weights on the non-target columns of a fixed TU representation; this is one of 2 normalized clauses at that label: After a fixed TU representation and ambient isomorphism, each real representation of a regular matroid has nonzero column scalars; for a nonloop target its scalar can be normalized","At/proof prop:regular-representations-are-weights, the manuscript requires: After a fixed TU representation and ambient isomorphism, each real representation of a regular matroid has nonzero column scalars; for a nonloop target its scalar can be normalized",Keep crosswalk; no correction solely for granularity.,medium
N117,Regular program cost reduces to positive weights,interface:weighted_representation,interface:weighted_representation,GRANULARITY_MISMATCH,prop:regular-representations-are-weights,stated/defined,"Raw describes TU columns scaled by positive square-root weights, normalized at the target; the normalized row isolates or specializes Balanced cost of a regular labeled program is obtained by optimizing positive non-target column weights after target normalization","At/proof prop:regular-representations-are-weights, the manuscript requires: Balanced cost of a regular labeled program is obtained by optimizing positive non-target column weights after target normalization",Keep crosswalk; no correction solely for granularity.,medium
N117,Regular program cost reduces to positive weights,prop:regular-representations-are-weights,prop:regular-representations-are-weights,GRANULARITY_MISMATCH,prop:regular-representations-are-weights,stated/defined,"The raw node describes For a fixed nonconstant regular program, optimizing all real representations reduces exactly to positive weights on the non-target columns of a fixed TU representation; this is one of 2 normalized clauses at that label: Balanced cost of a regular labeled program is obtained by optimizing positive non-target column weights after target normalization","At/proof prop:regular-representations-are-weights, the manuscript requires: Balanced cost of a regular labeled program is obtained by optimizing positive non-target column weights after target normalization",Keep crosswalk; no correction solely for granularity.,medium
N118,Signed circuit dependency,ext:tu_signed_circuits,ext:tu_signed_circuits,GRANULARITY_MISMATCH,thm:regular-support-bound,semantic inference,"Raw describes Fundamental regular circuit and cocircuit witnesses have entries 0,+1,-1; the normalized row isolates or specializes In a TU representation, each circuit through a nonloop target has a dependency normalized at the target with other nonzero coefficients `±1`","At/proof thm:regular-support-bound, the manuscript requires: In a TU representation, each circuit through a nonloop target has a dependency normalized at the target with other nonzero coefficients `±1`",Keep crosswalk; no correction solely for granularity.,medium
N118,Signed circuit dependency,interface:signed_regular_witnesses,interface:signed_regular_witnesses,GRANULARITY_MISMATCH,thm:regular-support-bound,semantic inference,"Raw describes Available target circuits and disjoint target cocircuits give explicit signed TU reconstruction/separation witnesses, with weighted coordinate-square objectives; the normalized row isolates or specializes In a TU representation, each circuit through a nonloop target has a dependency normalized at the target with other nonzero coefficients `±1`","At/proof thm:regular-support-bound, the manuscript requires: In a TU representation, each circuit through a nonloop target has a dependency normalized at the target with other nonzero coefficients `±1`",Keep crosswalk; no correction solely for granularity.,medium
N119,Signed cocircuit functional,ext:tu_signed_circuits,ext:tu_signed_circuits,GRANULARITY_MISMATCH,thm:regular-support-bound,semantic inference,"Raw describes Fundamental regular circuit and cocircuit witnesses have entries 0,+1,-1; the normalized row isolates or specializes In a TU representation, a target cocircuit has a functional taking value one at the target, zero off that cocircuit, and `±1` at its other elements","At/proof thm:regular-support-bound, the manuscript requires: In a TU representation, a target cocircuit has a functional taking value one at the target, zero off that cocircuit, and `±1` at its other elements",Keep crosswalk; no correction solely for granularity.,medium
N119,Signed cocircuit functional,interface:signed_regular_witnesses,interface:signed_regular_witnesses,GRANULARITY_MISMATCH,thm:regular-support-bound,semantic inference,"Raw describes Available target circuits and disjoint target cocircuits give explicit signed TU reconstruction/separation witnesses, with weighted coordinate-square objectives; the normalized row isolates or specializes In a TU representation, a target cocircuit has a functional taking value one at the target, zero off that cocircuit, and `±1` at its other elements","At/proof thm:regular-support-bound, the manuscript requires: In a TU representation, a target cocircuit has a functional taking value one at the target, zero off that cocircuit, and `±1` at its other elements",Keep crosswalk; no correction solely for granularity.,medium
N120,Regular support bound,thm:regular-support-bound,thm:regular-support-bound,AGREEMENT,thm:regular-support-bound,stated/defined,Raw describes A regular program computing a nonconstant function has linear cost at most the square root of the product of its worst circuit and cocircuit supports; normalized states A regular program for nonconstant `f` has `lincost(P) ≤ sqrt(S_+(P)S_-(P))`,"At/proof thm:regular-support-bound, the manuscript requires: A regular program for nonconstant `f` has `lincost(P) ≤ sqrt(S_+(P)S_-(P))`",None.,high
N121,Typed regular support bound,cor:regular-typed-support-bound,cor:regular-typed-support-bound,AGREEMENT,cor:regular-typed-support-bound,stated/defined,"Raw describes Per-class available circuit and cocircuit size bounds a_j and b_j imply linear cost at most the sum of sqrt(a_j b_j); normalized states If target circuits and cocircuits have per-class cardinality bounds `a_j,b_j` for a partition of non-target elements, then `lincost(P) ≤ Σ_j sqrt(a_j b_j)`","At/proof cor:regular-typed-support-bound, the manuscript requires: If target circuits and cocircuits have per-class cardinality bounds `a_j,b_j` for a partition of non-target elements, then `lincost(P) ≤ Σ_j sqrt(a_j b_j)`",None.,high
N122,Weighted target basis sums,interface:weighted_basis_sums,interface:weighted_basis_sums,GRANULARITY_MISMATCH,thm:regular-matroid-energy,semantic inference,"Raw describes Finite sum of basis monomials, split by target membership with its weight stripped; the normalized row isolates or specializes For a pointed matroid with positive non-target weights, split the weighted basis generating sum into bases containing and omitting the target","At/proof thm:regular-matroid-energy, the manuscript requires: For a pointed matroid with positive non-target weights, split the weighted basis generating sum into bases containing and omitting the target",Keep crosswalk; no correction solely for granularity.,medium
N123,Positive input restriction,interface:input_minors,interface:input_minors,GRANULARITY_MISMATCH,thm:regular-matroid-energy,semantic inference,"Raw describes Positive restriction to available elements and target; negative contraction of available elements; the normalized row isolates or specializes For available A spanning τ, form M|(A ∪ {τ}) and retain surviving weights","At/proof thm:regular-matroid-energy, the manuscript requires: For available A spanning τ, form M|(A ∪ {τ}) and retain surviving weights",Keep crosswalk; no correction solely for granularity.,medium
N124,Negative input contraction,interface:input_minors,interface:input_minors,GRANULARITY_MISMATCH,thm:regular-matroid-energy,semantic inference,"Raw describes Positive restriction to available elements and target; negative contraction of available elements; the normalized row isolates or specializes For available A not spanning τ, form M/A and retain surviving weights","At/proof thm:regular-matroid-energy, the manuscript requires: For available A not spanning τ, form M/A and retain surviving weights",Keep crosswalk; no correction solely for granularity.,medium
N125,TU weighted basis determinant,ext:determinant_basis,ext:determinant_basis,GRANULARITY_MISMATCH,thm:regular-matroid-energy,semantic inference,"Raw describes Cauchy–Binet: det(A W A^T) is the weighted basis polynomial for full-row-rank TU A; the normalized row isolates or specializes For a full-row-rank TU representation with positive column weights, `det(C W Cᵀ)` equals the weighted basis sum of its column matroid","At/proof thm:regular-matroid-energy, the manuscript requires: For a full-row-rank TU representation with positive column weights, `det(C W Cᵀ)` equals the weighted basis sum of its column matroid",Keep crosswalk; no correction solely for granularity.,medium
N126,Positive energy as basis odds,thm:regular-matroid-energy,thm:regular-matroid-energy,GRANULARITY_MISMATCH,thm:regular-matroid-energy,stated/defined,"The raw node describes Each positive energy of a regular program is a target-inclusion basis ratio on a restriction minor; each negative energy is the reciprocal ratio on a contraction minor, with the coloop case equal to zero; this is one of 2 normalized clauses at that label: For a positive input to a regular program, minimum reconstruction energy equals `Z_in/Z_out` on the restriction minor, with target weight one","At/proof thm:regular-matroid-energy, the manuscript requires: For a positive input to a regular program, minimum reconstruction energy equals `Z_in/Z_out` on the restriction minor, with target weight one",Keep crosswalk; no correction solely for granularity.,medium
N127,Negative energy as inverse basis odds,thm:regular-matroid-energy,thm:regular-matroid-energy,GRANULARITY_MISMATCH,thm:regular-matroid-energy,stated/defined,"The raw node describes Each positive energy of a regular program is a target-inclusion basis ratio on a restriction minor; each negative energy is the reciprocal ratio on a contraction minor, with the coloop case equal to zero; this is one of 2 normalized clauses at that label: For a negative input to a regular program, minimum separation energy equals `Z_out/Z_in` on the contraction minor; it is zero when the target is a coloop","At/proof thm:regular-matroid-energy, the manuscript requires: For a negative input to a regular program, minimum separation energy equals `Z_out/Z_in` on the contraction minor; it is zero when the target is a coloop",Keep crosswalk; no correction solely for granularity.,medium
N128,Shared-weight regular cost,cor:regular-linear-cost,cor:regular-linear-cost,AGREEMENT,cor:regular-linear-cost,stated/defined,Raw describes The linear cost of a fixed regular program is the infimum over one common positive weight assignment of the geometric mean of its worst input-minor basis ratios; normalized states The fixed-program cost is the infimum over one positive global weight assignment of the geometric mean of the worst positive restriction odds and worst negative contraction inverse odds,"At/proof cor:regular-linear-cost, the manuscript requires: The fixed-program cost is the infimum over one positive global weight assignment of the geometric mean of the worst positive restriction odds and worst negative contraction inverse odds",None.,high
N129,Uniform matroid,,,NORMALIZED_ONLY_CANDIDATE,prop:grover-program-value,semantic inference,No raw node states this atomic obligation at comparable specificity.,"At/proof prop:grover-program-value, the manuscript requires: U_{r,n} has independent sets exactly the subsets of cardinality at most r; the raw node list contains no matching standalone obligation.",Review raw graph coverage against the cited manuscript location; leave frozen ledger unchanged.,medium
N130,Corank-one uniform target circuit,lem:r10-targeted-query-matroid,lem:r10-targeted-query-matroid,GRANULARITY_MISMATCH,prop:grover-program-value,semantic inference,"Raw describes Every coordinate of pointed R10 closure is essential, so its targeted query matroid is U9,10; the normalized row isolates or specializes In U_{n,n+1}, the full ground set is the unique target circuit","At/proof prop:grover-program-value, the manuscript requires: In U_{n,n+1}, the full ground set is the unique target circuit",Keep crosswalk; no correction solely for granularity.,medium
N131,Rank-one uniform target closure,prop:grover-program-value,prop:grover-program-value,GRANULARITY_MISMATCH,prop:grover-program-value,semantic inference,"Raw describes The usual rank-one regular OR program has optimized linear cost sqrt(n); the normalized row isolates or specializes In U_{1,n+1}, every nonempty non-target set spans a nonloop target","At/proof prop:grover-program-value, the manuscript requires: In U_{1,n+1}, every nonempty non-target set spans a nonloop target",Keep crosswalk; no correction solely for granularity.,medium
N132,Dual matroid bases,ext:matroid_basic,ext:matroid_basic,GRANULARITY_MISMATCH,def:graphic-cographic,semantic inference,"Raw describes Finite matroid closure, exchange, rank, bases, duality and hyperplanes; the normalized row isolates or specializes Bases of M* are complements of bases of M","At/proof def:graphic-cographic, the manuscript requires: Bases of M* are complements of bases of M",Keep crosswalk; no correction solely for granularity.,medium
N133,Dual circuits and cocircuits,ext:matroid_basic,ext:matroid_basic,GRANULARITY_MISMATCH,def:graphic-cographic,semantic inference,"Raw describes Finite matroid closure, exchange, rank, bases, duality and hyperplanes; the normalized row isolates or specializes Cocircuits of M are circuits of M*","At/proof def:graphic-cographic, the manuscript requires: Cocircuits of M are circuits of M*",Keep crosswalk; no correction solely for granularity.,medium
N134,Deletion-contraction duality,ext:matroid_basic,ext:matroid_basic,GRANULARITY_MISMATCH,def:graphic-cographic,semantic inference,"Raw describes Finite matroid closure, exchange, rank, bases, duality and hyperplanes; the normalized row isolates or specializes Deletion and contraction exchange under duality","At/proof def:graphic-cographic, the manuscript requires: Deletion and contraction exchange under duality",Keep crosswalk; no correction solely for granularity.,medium
N135,Graphic-cographic duality,def:graphic-cographic,def:graphic-cographic,GRANULARITY_MISMATCH,def:graphic-cographic,semantic inference,Raw describes graphic cographic; the normalized row isolates or specializes The cographic matroid of a graph is the dual of its graphic matroid,"At/proof def:graphic-cographic, the manuscript requires: The cographic matroid of a graph is the dual of its graphic matroid",Keep crosswalk; no correction solely for granularity.,medium
N136,Direct-sum bases,ext:sum_bases,ext:sum_bases,GRANULARITY_MISMATCH,prop:seymour-one-sum,semantic inference,"Raw describes Direct/2-sum basis and circuit bijections, rank and regularity preservation; the normalized row isolates or specializes Bases of a 1-sum are disjoint unions of bases of its two factors","At/proof prop:seymour-one-sum, the manuscript requires: Bases of a 1-sum are disjoint unions of bases of its two factors",Keep crosswalk; no correction solely for granularity.,medium
N137,One-sum target ratio,prop:seymour-one-sum,prop:seymour-one-sum,AGREEMENT,prop:seymour-one-sum,stated/defined,"Raw describes In a 1-sum, a target-free factor multiplies both target basis sums equally and cancels from their ratio; normalized states A target-free direct-sum factor multiplies both target basis sums by its basis sum, leaving their ratio unchanged","At/proof prop:seymour-one-sum, the manuscript requires: A target-free direct-sum factor multiplies both target basis sums by its basis sum, leaving their ratio unchanged",None.,high
N138,Proper 2-sum basis correspondence,ext:sum_bases,ext:sum_bases,GRANULARITY_MISMATCH,thm:seymour-two-sum,semantic inference,"Raw describes Direct/2-sum basis and circuit bijections, rank and regularity preservation; the normalized row isolates or specializes A basis of a proper 2-sum corresponds to bases of both summands that use the shared element on exactly one side, after removing it","At/proof thm:seymour-two-sum, the manuscript requires: A basis of a proper 2-sum corresponds to bases of both summands that use the shared element on exactly one side, after removing it",Keep crosswalk; no correction solely for granularity.,medium
N139,Two-sum effective weight,interface:two_sum_response,interface:two_sum_response,GRANULARITY_MISMATCH,thm:seymour-two-sum,stated/defined,"Raw describes P0/P1 for the target-free side, with tagged zero and infinite port responses; the normalized row isolates or specializes A target-free 2-sum side `N` can be replaced, in both target basis sums, by the shared element with weight `P₀(N,e)/P₁(N,e)` and common scalar factor `P₁`","At/proof thm:seymour-two-sum, the manuscript requires: A target-free 2-sum side `N` can be replaced, in both target basis sums, by the shared element with weight `P₀(N,e)/P₁(N,e)` and common scalar factor `P₁`",Keep crosswalk; no correction solely for granularity.,medium
N139,Two-sum effective weight,thm:seymour-two-sum,thm:seymour-two-sum,AGREEMENT,thm:seymour-two-sum,stated/defined,"Raw describes A target-free 2-sum component is replaced by an effective port weight P0/P1, with the common multiplier P1 canceling from the target ratio; normalized states A target-free 2-sum side `N` can be replaced, in both target basis sums, by the shared element with weight `P₀(N,e)/P₁(N,e)` and common scalar factor `P₁`","At/proof thm:seymour-two-sum, the manuscript requires: A target-free 2-sum side `N` can be replaced, in both target basis sums, by the shared element with weight `P₀(N,e)/P₁(N,e)` and common scalar factor `P₁`",None.,high
N140,Zero effective weight is deletion,interface:two_sum_response,interface:two_sum_response,GRANULARITY_MISMATCH,thm:seymour-two-sum,semantic inference,"Raw describes P0/P1 for the target-free side, with tagged zero and infinite port responses; the normalized row isolates or specializes When P₀=0 in a 2-sum factorization, replacing the target-free side amounts to deleting the shared element on the target side","At/proof thm:seymour-two-sum, the manuscript requires: When P₀=0 in a 2-sum factorization, replacing the target-free side amounts to deleting the shared element on the target side",Keep crosswalk; no correction solely for granularity.,medium
N141,Infinite effective weight is contraction,interface:two_sum_response,interface:two_sum_response,GRANULARITY_MISMATCH,thm:seymour-two-sum,semantic inference,"Raw describes P0/P1 for the target-free side, with tagged zero and infinite port responses; the normalized row isolates or specializes When P₁=0, the limiting replacement is contraction of the shared element on the target side","At/proof thm:seymour-two-sum, the manuscript requires: When P₁=0, the limiting replacement is contraction of the shared element on the target side",Keep crosswalk; no correction solely for granularity.,medium
N142,Positive restriction odds,interface:two_sum_response,interface:two_sum_response,GRANULARITY_MISMATCH,prop:seymour-two-sum-input-minors,stated/defined,"Raw describes P0/P1 for the target-free side, with tagged zero and infinite port responses; the normalized row isolates or specializes For A spanning e, the restriction to A∪{e} has finite effective weight equal to inverse reconstruction energy","At/proof prop:seymour-two-sum-input-minors, the manuscript requires: For A spanning e, the restriction to A∪{e} has finite effective weight equal to inverse reconstruction energy",Keep crosswalk; no correction solely for granularity.,medium
N142,Positive restriction odds,prop:seymour-two-sum-input-minors,prop:seymour-two-sum-input-minors,GRANULARITY_MISMATCH,prop:seymour-two-sum-input-minors,stated/defined,"The raw node describes For an input minor of a child program, the effective 2-sum weight is inverse positive energy or negative energy, with 0 and infinity accounting for false restriction and true contraction inputs; this is one of 4 normalized clauses at that label: For A spanning e, the restriction to A∪{e} has finite effective weight equal to inverse reconstruction energy","At/proof prop:seymour-two-sum-input-minors, the manuscript requires: For A spanning e, the restriction to A∪{e} has finite effective weight equal to inverse reconstruction energy",Keep crosswalk; no correction solely for granularity.,medium
N143,Negative restriction coloop,interface:two_sum_response,interface:two_sum_response,GRANULARITY_MISMATCH,prop:seymour-two-sum-input-minors,stated/defined,"Raw describes P0/P1 for the target-free side, with tagged zero and infinite port responses; the normalized row isolates or specializes For A not spanning e, e is a coloop in the restriction to A∪{e}, so effective weight is zero","At/proof prop:seymour-two-sum-input-minors, the manuscript requires: For A not spanning e, e is a coloop in the restriction to A∪{e}, so effective weight is zero",Keep crosswalk; no correction solely for granularity.,medium
N143,Negative restriction coloop,prop:seymour-two-sum-input-minors,prop:seymour-two-sum-input-minors,GRANULARITY_MISMATCH,prop:seymour-two-sum-input-minors,stated/defined,"The raw node describes For an input minor of a child program, the effective 2-sum weight is inverse positive energy or negative energy, with 0 and infinity accounting for false restriction and true contraction inputs; this is one of 4 normalized clauses at that label: For A not spanning e, e is a coloop in the restriction to A∪{e}, so effective weight is zero","At/proof prop:seymour-two-sum-input-minors, the manuscript requires: For A not spanning e, e is a coloop in the restriction to A∪{e}, so effective weight is zero",Keep crosswalk; no correction solely for granularity.,medium
N144,Positive contraction loop,interface:two_sum_response,interface:two_sum_response,GRANULARITY_MISMATCH,prop:seymour-two-sum-input-minors,stated/defined,"Raw describes P0/P1 for the target-free side, with tagged zero and infinite port responses; the normalized row isolates or specializes For A spanning e, e is a loop of N/A, so effective weight is infinite","At/proof prop:seymour-two-sum-input-minors, the manuscript requires: For A spanning e, e is a loop of N/A, so effective weight is infinite",Keep crosswalk; no correction solely for granularity.,medium
N144,Positive contraction loop,prop:seymour-two-sum-input-minors,prop:seymour-two-sum-input-minors,GRANULARITY_MISMATCH,prop:seymour-two-sum-input-minors,stated/defined,"The raw node describes For an input minor of a child program, the effective 2-sum weight is inverse positive energy or negative energy, with 0 and infinity accounting for false restriction and true contraction inputs; this is one of 4 normalized clauses at that label: For A spanning e, e is a loop of N/A, so effective weight is infinite","At/proof prop:seymour-two-sum-input-minors, the manuscript requires: For A spanning e, e is a loop of N/A, so effective weight is infinite",Keep crosswalk; no correction solely for granularity.,medium
N145,Negative contraction odds,interface:two_sum_response,interface:two_sum_response,GRANULARITY_MISMATCH,prop:seymour-two-sum-input-minors,stated/defined,"Raw describes P0/P1 for the target-free side, with tagged zero and infinite port responses; the normalized row isolates or specializes For A not spanning e, contraction by A has finite effective weight equal to separation energy","At/proof prop:seymour-two-sum-input-minors, the manuscript requires: For A not spanning e, contraction by A has finite effective weight equal to separation energy",Keep crosswalk; no correction solely for granularity.,medium
N145,Negative contraction odds,prop:seymour-two-sum-input-minors,prop:seymour-two-sum-input-minors,GRANULARITY_MISMATCH,prop:seymour-two-sum-input-minors,stated/defined,"The raw node describes For an input minor of a child program, the effective 2-sum weight is inverse positive energy or negative energy, with 0 and infinity accounting for false restriction and true contraction inputs; this is one of 4 normalized clauses at that label: For A not spanning e, contraction by A has finite effective weight equal to separation energy","At/proof prop:seymour-two-sum-input-minors, the manuscript requires: For A not spanning e, contraction by A has finite effective weight equal to separation energy",Keep crosswalk; no correction solely for granularity.,medium
N146,Two-sum target-circuit gluing,ext:sum_bases,ext:sum_bases,GRANULARITY_MISMATCH,prop:recursive-r10-closure,semantic inference,"Raw describes Direct/2-sum basis and circuit bijections, rank and regularity preservation; the normalized row isolates or specializes A target circuit of a proper 2-sum either lies on the target side avoiding glue or joins glue-containing circuits from both sides","At/proof prop:recursive-r10-closure, the manuscript requires: A target circuit of a proper 2-sum either lies on the target side avoiding glue or joins glue-containing circuits from both sides",Keep crosswalk; no correction solely for granularity.,medium
N147,Two-sum target-spanning substitution,ext:sum_bases,ext:sum_bases,GRANULARITY_MISMATCH,prop:recursive-r10-closure,semantic inference,"Raw describes Direct/2-sum basis and circuit bijections, rank and regularity preservation; the normalized row isolates or specializes The target is spanned by available elements after gluing iff the parent target is spanned when a child glue element is declared available exactly when the child side spans it","At/proof prop:recursive-r10-closure, the manuscript requires: The target is spanned by available elements after gluing iff the parent target is spanned when a child glue element is declared available exactly when the child side spans it",Keep crosswalk; no correction solely for granularity.,medium
N148,Two-sum cocircuit gluing,ext:sum_bases,ext:sum_bases,GRANULARITY_MISMATCH,prop:recursive-r10-natural-cost,semantic inference,"Raw describes Direct/2-sum basis and circuit bijections, rank and regularity preservation; the normalized row isolates or specializes Target cocircuits of a 2-sum similarly stay on the target side or arise by joining cocircuits through the shared element","At/proof prop:recursive-r10-natural-cost, the manuscript requires: Target cocircuits of a 2-sum similarly stay on the target side or arise by joining cocircuits through the shared element",Keep crosswalk; no correction solely for granularity.,medium
N149,Two-sum ground-set cardinality,ext:sum_bases,ext:sum_bases,GRANULARITY_MISMATCH,prop:recursive-r10-closure,semantic inference,"Raw describes Direct/2-sum basis and circuit bijections, rank and regularity preservation; the normalized row isolates or specializes A proper 2-sum has |E(H⊕₂N)|=|E(H)|+|E(N)|−2","At/proof prop:recursive-r10-closure, the manuscript requires: A proper 2-sum has |E(H⊕₂N)|=|E(H)|+|E(N)|−2",Keep crosswalk; no correction solely for granularity.,medium
N150,Two-sum rank,ext:sum_bases,ext:sum_bases,GRANULARITY_MISMATCH,prop:recursive-r10-closure,semantic inference,"Raw describes Direct/2-sum basis and circuit bijections, rank and regularity preservation; the normalized row isolates or specializes A proper 2-sum has rank r(H)+r(N)−1","At/proof prop:recursive-r10-closure, the manuscript requires: A proper 2-sum has rank r(H)+r(N)−1",Keep crosswalk; no correction solely for granularity.,medium
N151,Connectedness at recursive glue,,,NORMALIZED_ONLY_CANDIDATE,prop:recursive-r10-closure,semantic inference,No raw node states this atomic obligation at comparable specificity. Edges E0514 and E0515 import broad sum facts and R10 base connectedness into prop:recursive-r10-closure; neither records preservation of connectedness at recursive glue.,"At/proof prop:recursive-r10-closure, the manuscript requires: The pointed R10 and recursively attached children remain connected enough that every summing element is neither a loop nor a coloop, and the next 2-sums are proper; the raw node list contains no matching standalone obligation.",Keep the hypothesis uncertainty; consider a raw proper-glue dependency and obtain human statement review.,medium
N152,Recover parent across a two-element circuit,prop:recursive-r10-closure,prop:recursive-r10-closure,GRANULARITY_MISMATCH,prop:recursive-r10-closure,semantic inference,"Raw describes The recursive 2-sum R10 matroid is regular with 1+9^h elements and rank (1+9^h)/2, computes the composed predicate, and retains R10 as a minor; the normalized row isolates or specializes If a child is reduced to a two-element circuit containing its glue element and a leaf, its 2-sum with the parent merely relabels that attachment","At/proof prop:recursive-r10-closure, the manuscript requires: If a child is reduced to a two-element circuit containing its glue element and a leaf, its 2-sum with the parent merely relabels that attachment",Keep crosswalk; no correction solely for granularity.,medium
N153,Effective-weight homogeneity,interface:response_homogeneity,interface:response_homogeneity,GRANULARITY_MISMATCH,prop:seymour-two-sum-input-minors,semantic inference,Raw describes Target basis ratio scales by a common positive scalar on non-target weights; reciprocal positive-energy scaling and monotonicity propagate port bounds; the normalized row isolates or specializes Scaling all non-glue weights of a pointed 2-sum component by `λ>0` scales `P₀/P₁` by `λ`,"At/proof prop:seymour-two-sum-input-minors, the manuscript requires: Scaling all non-glue weights of a pointed 2-sum component by `λ>0` scales `P₀/P₁` by `λ`",Keep crosswalk; no correction solely for granularity.,medium
N154,Regular effective-weight monotonicity,interface:response_homogeneity,interface:response_homogeneity,GRANULARITY_MISMATCH,thm:recursive-r10-regular-cost,semantic inference,"Raw describes Target basis ratio scales by a common positive scalar on non-target weights; reciprocal positive-energy scaling and monotonicity propagate port bounds; the normalized row isolates or specializes For the regular pointed minors used here, increasing a finite non-target weight makes the effective ratio P₀/P₁ nondecreasing","At/proof thm:recursive-r10-regular-cost, the manuscript requires: For the regular pointed minors used here, increasing a finite non-target weight makes the effective ratio P₀/P₁ nondecreasing",Keep crosswalk; no correction solely for granularity.,medium
N155,Witness-energy monotonicity consequence,interface:energy_monotonicity,interface:energy_monotonicity,GRANULARITY_MISMATCH,thm:recursive-r10-regular-cost,semantic inference,Raw describes Adding available input columns cannot increase positive energy; removing negative constraints cannot increase negative energy. Consequently extrema lie on the Boolean boundary; the normalized row isolates or specializes Increasing available positive weights cannot raise reconstruction energy; increasing finite negative-minor weights cannot lower separation energy,"At/proof thm:recursive-r10-regular-cost, the manuscript requires: Increasing available positive weights cannot raise reconstruction energy; increasing finite negative-minor weights cannot lower separation energy",Keep crosswalk; no correction solely for granularity.,medium
N156,Positive availability odds monotonicity,interface:energy_monotonicity,interface:energy_monotonicity,GRANULARITY_MISMATCH,app:r10-program-boundary,semantic inference,"Raw describes Adding available input columns cannot increase positive energy; removing negative constraints cannot increase negative energy. Consequently extrema lie on the Boolean boundary; the normalized row isolates or specializes For A ⊆ B both spanning the target in a regular pointed matroid, the restriction basis odds P₀/P₁ on B∪{τ} are at least those on A∪{τ}","At/proof app:r10-program-boundary, the manuscript requires: For A ⊆ B both spanning the target in a regular pointed matroid, the restriction basis odds P₀/P₁ on B∪{τ} are at least those on A∪{τ}",Keep crosswalk; no correction solely for granularity.,medium
N157,Negative availability odds monotonicity,interface:energy_monotonicity,interface:energy_monotonicity,GRANULARITY_MISMATCH,app:r10-program-boundary,semantic inference,"Raw describes Adding available input columns cannot increase positive energy; removing negative constraints cannot increase negative energy. Consequently extrema lie on the Boolean boundary; the normalized row isolates or specializes For A ⊆ B both not spanning the target in a regular pointed matroid, the contraction basis odds P₀/P₁ on M/B are at least those on M/A","At/proof app:r10-program-boundary, the manuscript requires: For A ⊆ B both not spanning the target in a regular pointed matroid, the contraction basis odds P₀/P₁ on M/B are at least those on M/A",Keep crosswalk; no correction solely for granularity.,medium
N158,Five 3-sum boundary classes,ext:three_sum_binary,ext:three_sum_binary,GRANULARITY_MISMATCH,lem:seymour-three-sum-five,semantic inference,"Raw describes Binary coindependent-triangle gluing and its five boundary basis states; the normalized row isolates or specializes For independent nontriangle `S` spanning after adjoining a coindependent triangle `T`, `cl(S)∩T` is empty, one of three singleton elements, or all of `T`","At/proof lem:seymour-three-sum-five, the manuscript requires: For independent nontriangle `S` spanning after adjoining a coindependent triangle `T`, `cl(S)∩T` is empty, one of three singleton elements, or all of `T`",Keep crosswalk; no correction solely for granularity.,medium
N158,Five 3-sum boundary classes,interface:triangle_signature,interface:triangle_signature,GRANULARITY_MISMATCH,lem:seymour-three-sum-five,semantic inference,"Raw describes Five boundary class sums indexed by subspaces of the binary triangle plane; the normalized row isolates or specializes For independent nontriangle `S` spanning after adjoining a coindependent triangle `T`, `cl(S)∩T` is empty, one of three singleton elements, or all of `T` The raw node also contains a standalone formula not explicitly extracted as an atomic normalized row. Edge E0435 marks this interface as a proof dependency of lem:seymour-three-sum-five; E0628 also connects it to thm:seymour-three-sum.","At/proof lem:seymour-three-sum-five, the manuscript requires: For independent nontriangle `S` spanning after adjoining a coindependent triangle `T`, `cl(S)∩T` is empty, one of three singleton elements, or all of `T`",Review possible normalized-ledger addition after manuscript adjudication.,medium
N159,Three-sum basis compatibility,ext:three_sum_binary,ext:three_sum_binary,GRANULARITY_MISMATCH,lem:seymour-three-sum-five,stated/defined,"Raw describes Binary coindependent-triangle gluing and its five boundary basis states; the normalized row isolates or specializes For a binary 3-sum across a coindependent triangle, compatible basis side classes are (T,∅), (∅,T), and distinct singleton lines","At/proof lem:seymour-three-sum-five, the manuscript requires: For a binary 3-sum across a coindependent triangle, compatible basis side classes are (T,∅), (∅,T), and distinct singleton lines",Keep crosswalk; no correction solely for granularity.,medium
N159,Three-sum basis compatibility,interface:triangle_signature,interface:triangle_signature,GRANULARITY_MISMATCH,lem:seymour-three-sum-five,stated/defined,"Raw describes Five boundary class sums indexed by subspaces of the binary triangle plane; the normalized row isolates or specializes For a binary 3-sum across a coindependent triangle, compatible basis side classes are (T,∅), (∅,T), and distinct singleton lines The raw node also contains a standalone formula not explicitly extracted as an atomic normalized row. Edge E0435 marks this interface as a proof dependency of lem:seymour-three-sum-five; E0628 also connects it to thm:seymour-three-sum.","At/proof lem:seymour-three-sum-five, the manuscript requires: For a binary 3-sum across a coindependent triangle, compatible basis side classes are (T,∅), (∅,T), and distinct singleton lines",Review possible normalized-ledger addition after manuscript adjudication.,medium
N159,Three-sum basis compatibility,lem:seymour-three-sum-five,lem:seymour-three-sum-five,GRANULARITY_MISMATCH,lem:seymour-three-sum-five,stated/defined,"The raw node describes A coindependent-triangle 3-sum target basis sum is a linear combination of five boundary class sums of the target-free side; this is one of 2 normalized clauses at that label: For a binary 3-sum across a coindependent triangle, compatible basis side classes are (T,∅), (∅,T), and distinct singleton lines","At/proof lem:seymour-three-sum-five, the manuscript requires: For a binary 3-sum across a coindependent triangle, compatible basis side classes are (T,∅), (∅,T), and distinct singleton lines",Keep crosswalk; no correction solely for granularity.,medium
N160,Three-sum five-class bilinear sum,ext:three_sum_binary,ext:three_sum_binary,GRANULARITY_MISMATCH,lem:seymour-three-sum-five,stated/defined,Raw describes Binary coindependent-triangle gluing and its five boundary basis states; the normalized row isolates or specializes The compatible classes give the five-term bilinear weighted-basis expression,"At/proof lem:seymour-three-sum-five, the manuscript requires: The compatible classes give the five-term bilinear weighted-basis expression",Keep crosswalk; no correction solely for granularity.,medium
N160,Three-sum five-class bilinear sum,interface:triangle_signature,interface:triangle_signature,GRANULARITY_MISMATCH,lem:seymour-three-sum-five,stated/defined,Raw describes Five boundary class sums indexed by subspaces of the binary triangle plane; the normalized row isolates or specializes The compatible classes give the five-term bilinear weighted-basis expression The raw node also contains a standalone formula not explicitly extracted as an atomic normalized row. Edge E0435 marks this interface as a proof dependency of lem:seymour-three-sum-five; E0628 also connects it to thm:seymour-three-sum.,"At/proof lem:seymour-three-sum-five, the manuscript requires: The compatible classes give the five-term bilinear weighted-basis expression",Review possible normalized-ledger addition after manuscript adjudication.,medium
N160,Three-sum five-class bilinear sum,lem:seymour-three-sum-five,lem:seymour-three-sum-five,GRANULARITY_MISMATCH,lem:seymour-three-sum-five,stated/defined,The raw node describes A coindependent-triangle 3-sum target basis sum is a linear combination of five boundary class sums of the target-free side; this is one of 2 normalized clauses at that label: The compatible classes give the five-term bilinear weighted-basis expression,"At/proof lem:seymour-three-sum-five, the manuscript requires: The compatible classes give the five-term bilinear weighted-basis expression",Keep crosswalk; no correction solely for granularity.,medium
N161,Triangle five-sum identity,prop:regular-triangle-identity,prop:regular-triangle-identity,AGREEMENT,prop:regular-triangle-identity,stated/defined,"Raw describes The five weighted triangle class sums of a regular matroid satisfy a c = p1 p2 + p1 p3 + p2 p3; normalized states In a regular matroid satisfying the 3-sum triangle hypotheses, its weighted class sums satisfy `a c = p₁p₂+p₁p₃+p₂p₃`","At/proof prop:regular-triangle-identity, the manuscript requires: In a regular matroid satisfying the 3-sum triangle hypotheses, its weighted class sums satisfy `a c = p₁p₂+p₁p₃+p₂p₃`",None.,high
N162,Triangle a positivity,interface:three_sum_zero_case,interface:three_sum_zero_case,GRANULARITY_MISMATCH,thm:seymour-three-sum,semantic inference,"Raw describes If one pi is zero, contract the corresponding spoke; prove proportional signatures and ratio preservation. Also prove a,c>0 and at most one zero in the applicable coindependent case; the normalized row isolates or specializes The a class is positive under the coindependent-triangle and positive-weight hypotheses","At/proof thm:seymour-three-sum, the manuscript requires: The a class is positive under the coindependent-triangle and positive-weight hypotheses",Keep crosswalk; no correction solely for granularity.,medium
N163,Triangle c positivity,interface:three_sum_zero_case,interface:three_sum_zero_case,GRANULARITY_MISMATCH,thm:seymour-three-sum,semantic inference,"Raw describes If one pi is zero, contract the corresponding spoke; prove proportional signatures and ratio preservation. Also prove a,c>0 and at most one zero in the applicable coindependent case; the normalized row isolates or specializes The c class is positive under the same hypotheses","At/proof thm:seymour-three-sum, the manuscript requires: The c class is positive under the same hypotheses",Keep crosswalk; no correction solely for granularity.,medium
N164,Triangle singleton-class sparsity,interface:three_sum_zero_case,interface:three_sum_zero_case,GRANULARITY_MISMATCH,thm:seymour-three-sum,semantic inference,"Raw describes If one pi is zero, contract the corresponding spoke; prove proportional signatures and ratio preservation. Also prove a,c>0 and at most one zero in the applicable coindependent case; the normalized row isolates or specializes At most one of p₁,p₂,p₃ can vanish","At/proof thm:seymour-three-sum, the manuscript requires: At most one of p₁,p₂,p₃ can vanish",Keep crosswalk; no correction solely for granularity.,medium
N165,K4 triangle replacement,interface:k4_signature,interface:k4_signature,GRANULARITY_MISMATCH,thm:seymour-three-sum,stated/defined,"Raw describes K4 star signature (alpha1 alpha2 alpha3, alpha2 alpha3, alpha1 alpha3, alpha1 alpha2, alpha1+alpha2+alpha3); the normalized row isolates or specializes If `p₁p₂p₃>0`, replacing a target-free 3-sum side by weighted `M(K₄)` with spoke weights `a/p_i` preserves its target basis ratio The raw node also contains a standalone formula not explicitly extracted as an atomic normalized row. Edge E0444 connects this signature to thm:seymour-three-sum; E0023 brings in the triangle signature.","At/proof thm:seymour-three-sum, the manuscript requires: If `p₁p₂p₃>0`, replacing a target-free 3-sum side by weighted `M(K₄)` with spoke weights `a/p_i` preserves its target basis ratio",Review possible normalized-ledger addition after manuscript adjudication.,medium
N165,K4 triangle replacement,thm:seymour-three-sum,thm:seymour-three-sum,AGREEMENT,thm:seymour-three-sum,stated/defined,"Raw describes A regular side of a 3-sum with all three singleton class sums positive has the same target-basis ratio as a weighted K4 side with spoke weights a/p_i; normalized states If `p₁p₂p₃>0`, replacing a target-free 3-sum side by weighted `M(K₄)` with spoke weights `a/p_i` preserves its target basis ratio","At/proof thm:seymour-three-sum, the manuscript requires: If `p₁p₂p₃>0`, replacing a target-free 3-sum side by weighted `M(K₄)` with spoke weights `a/p_i` preserves its target basis ratio",None.,high
N166,Degenerate triangle replacement,interface:three_sum_zero_case,interface:three_sum_zero_case,GRANULARITY_MISMATCH,thm:seymour-three-sum,semantic inference,"Raw describes If one pi is zero, contract the corresponding spoke; prove proportional signatures and ratio preservation. Also prove a,c>0 and at most one zero in the applicable coindependent case; the normalized row isolates or specializes If one `p_i` vanishes, the target-free 3-sum side can instead be replaced by K4 with that spoke contracted and the other two weighted by `a/p_j`, preserving the ratio","At/proof thm:seymour-three-sum, the manuscript requires: If one `p_i` vanishes, the target-free 3-sum side can instead be replaced by K4 with that spoke contracted and the other two weighted by `a/p_j`, preserving the ratio",Keep crosswalk; no correction solely for granularity.,medium
N167,Seymour target-basis ratio reduction,interface:reduced_ratio,interface:reduced_ratio,GRANULARITY_MISMATCH,thm:seymour-linear-cost,stated/defined,"Raw describes The target basis ratio evaluated at the output of a specified finite reduction trace. This names the expression without asserting its invariance; the normalized row isolates or specializes Successive target-free 1-, 2-, and 3-sum reductions preserve the target weighted-basis ratio of each regular minor","At/proof thm:seymour-linear-cost, the manuscript requires: Successive target-free 1-, 2-, and 3-sum reductions preserve the target weighted-basis ratio of each regular minor",Keep crosswalk; no correction solely for granularity.,medium
N167,Seymour target-basis ratio reduction,interface:reduction_invariant,interface:reduction_invariant,GRANULARITY_MISMATCH,thm:seymour-linear-cost,stated/defined,"Raw describes A finite sequence of legal local reductions preserves the target basis ratio and its port degeneracy tag; the normalized row isolates or specializes Successive target-free 1-, 2-, and 3-sum reductions preserve the target weighted-basis ratio of each regular minor","At/proof thm:seymour-linear-cost, the manuscript requires: Successive target-free 1-, 2-, and 3-sum reductions preserve the target weighted-basis ratio of each regular minor",Keep crosswalk; no correction solely for granularity.,medium
N167,Seymour target-basis ratio reduction,thm:seymour-linear-cost,thm:seymour-linear-cost,GRANULARITY_MISMATCH,thm:seymour-linear-cost,stated/defined,"The raw node describes The fixed regular-program linear-cost infimum is unchanged when each input’s target ratio is evaluated by the stated Seymour reductions; this is one of 2 normalized clauses at that label: Successive target-free 1-, 2-, and 3-sum reductions preserve the target weighted-basis ratio of each regular minor","At/proof thm:seymour-linear-cost, the manuscript requires: Successive target-free 1-, 2-, and 3-sum reductions preserve the target weighted-basis ratio of each regular minor",Keep crosswalk; no correction solely for granularity.,medium
N168,Seymour fixed-program cost objective,interface:reduced_ratio,interface:reduced_ratio,GRANULARITY_MISMATCH,thm:seymour-linear-cost,stated/defined,"Raw describes The target basis ratio evaluated at the output of a specified finite reduction trace. This names the expression without asserting its invariance; the normalized row isolates or specializes For the input minors, the reduced ratios give the fixed regular program lincost infimum over shared original weights","At/proof thm:seymour-linear-cost, the manuscript requires: For the input minors, the reduced ratios give the fixed regular program lincost infimum over shared original weights",Keep crosswalk; no correction solely for granularity.,medium
N168,Seymour fixed-program cost objective,interface:reduction_invariant,interface:reduction_invariant,GRANULARITY_MISMATCH,thm:seymour-linear-cost,stated/defined,"Raw describes A finite sequence of legal local reductions preserves the target basis ratio and its port degeneracy tag; the normalized row isolates or specializes For the input minors, the reduced ratios give the fixed regular program lincost infimum over shared original weights","At/proof thm:seymour-linear-cost, the manuscript requires: For the input minors, the reduced ratios give the fixed regular program lincost infimum over shared original weights",Keep crosswalk; no correction solely for granularity.,medium
N168,Seymour fixed-program cost objective,thm:seymour-linear-cost,thm:seymour-linear-cost,GRANULARITY_MISMATCH,thm:seymour-linear-cost,stated/defined,"The raw node describes The fixed regular-program linear-cost infimum is unchanged when each input’s target ratio is evaluated by the stated Seymour reductions; this is one of 2 normalized clauses at that label: For the input minors, the reduced ratios give the fixed regular program lincost infimum over shared original weights","At/proof thm:seymour-linear-cost, the manuscript requires: For the input minors, the reduced ratios give the fixed regular program lincost infimum over shared original weights",Keep crosswalk; no correction solely for granularity.,medium
N169,R10 circuit counts,,,NORMALIZED_ONLY_CANDIDATE,app:r10-atlas-geometry,semantic inference,No raw node states this atomic obligation at comparable specificity.,"At/proof app:r10-atlas-geometry, the manuscript requires: The displayed R10 has fifteen 4-element and fifteen 6-element circuits; the raw node list contains no matching standalone obligation.",Consider an explicit raw dependency for this manuscript fact; preserve the frozen normalized row.,medium
N170,R10 has no triangles,prop:r10-no-three-sum,prop:r10-no-three-sum,GRANULARITY_MISMATCH,app:r10-atlas-geometry,semantic inference,Raw describes An intact R10 leaf cannot attach by a proper 3-sum; in the target component its attachment is a 2-sum; the normalized row isolates or specializes The displayed R10 has no 3-element circuits,"At/proof app:r10-atlas-geometry, the manuscript requires: The displayed R10 has no 3-element circuits",Keep crosswalk; no correction solely for granularity.,medium
N171,R10 has no triads,,,NORMALIZED_ONLY_CANDIDATE,app:r10-atlas-geometry,semantic inference,No raw node states this atomic obligation at comparable specificity.,"At/proof app:r10-atlas-geometry, the manuscript requires: The displayed R10 has no 3-element cocircuits; the raw node list contains no matching standalone obligation.",Consider an explicit raw dependency for this manuscript fact; preserve the frozen normalized row.,medium
N172,R10 single deletion,ext:r10_standard_minors,ext:r10_standard_minors,GRANULARITY_MISMATCH,prop:r10-proper-minors,stated/defined,"Raw describes R10 deletion is K3,3 and contraction its dual, with elementwise relabeling; the normalized row isolates or specializes For each e, R10\e is isomorphic to M(K₃,₃)","At/proof prop:r10-proper-minors, the manuscript requires: For each e, R10\e is isomorphic to M(K₃,₃)",Keep crosswalk; no correction solely for granularity.,medium
N172,R10 single deletion,prop:r10-proper-minors,prop:r10-proper-minors,GRANULARITY_MISMATCH,prop:r10-proper-minors,stated/defined,"The raw node describes Every R10 deletion is graphic K3,3 and every contraction is its dual; all proper minors are graphic or cographic, and those with at most eight elements are both; this is one of 4 normalized clauses at that label: For each e, R10\e is isomorphic to M(K₃,₃)","At/proof prop:r10-proper-minors, the manuscript requires: For each e, R10\e is isomorphic to M(K₃,₃)",Keep crosswalk; no correction solely for granularity.,medium
N173,R10 single contraction,ext:r10_standard_minors,ext:r10_standard_minors,GRANULARITY_MISMATCH,prop:r10-proper-minors,stated/defined,"Raw describes R10 deletion is K3,3 and contraction its dual, with elementwise relabeling; the normalized row isolates or specializes For each e, R10/e is isomorphic to M*(K₃,₃)","At/proof prop:r10-proper-minors, the manuscript requires: For each e, R10/e is isomorphic to M*(K₃,₃)",Keep crosswalk; no correction solely for granularity.,medium
N173,R10 single contraction,prop:r10-proper-minors,prop:r10-proper-minors,GRANULARITY_MISMATCH,prop:r10-proper-minors,stated/defined,"The raw node describes Every R10 deletion is graphic K3,3 and every contraction is its dual; all proper minors are graphic or cographic, and those with at most eight elements are both; this is one of 4 normalized clauses at that label: For each e, R10/e is isomorphic to M*(K₃,₃)","At/proof prop:r10-proper-minors, the manuscript requires: For each e, R10/e is isomorphic to M*(K₃,₃)",Keep crosswalk; no correction solely for granularity.,medium
N174,Graphic minor closure,ext:graphic_basics,ext:graphic_basics,GRANULARITY_MISMATCH,prop:r10-proper-minors,semantic inference,"Raw describes Cycle matroids, graph planar duals, K3,3 minors and parallel extensions; the normalized row isolates or specializes Every minor of a graphic matroid is graphic","At/proof prop:r10-proper-minors, the manuscript requires: Every minor of a graphic matroid is graphic",Keep crosswalk; no correction solely for granularity.,medium
N175,Cographic minor closure,ext:graphic_basics,ext:graphic_basics,GRANULARITY_MISMATCH,prop:r10-proper-minors,semantic inference,"Raw describes Cycle matroids, graph planar duals, K3,3 minors and parallel extensions; the normalized row isolates or specializes Every minor of a cographic matroid is cographic","At/proof prop:r10-proper-minors, the manuscript requires: Every minor of a cographic matroid is cographic",Keep crosswalk; no correction solely for granularity.,medium
N176,Planar graphic-cographic correspondence,ext:graphic_basics,ext:graphic_basics,GRANULARITY_MISMATCH,prop:r10-proper-minors,semantic inference,"Raw describes Cycle matroids, graph planar duals, K3,3 minors and parallel extensions; the normalized row isolates or specializes If a graphic matroid has a planar graph representation, it is also cographic, and dually","At/proof prop:r10-proper-minors, the manuscript requires: If a graphic matroid has a planar graph representation, it is also cographic, and dually",Keep crosswalk; no correction solely for granularity.,medium
N177,Proper R10 minor class,prop:r10-proper-minors,prop:r10-proper-minors,GRANULARITY_MISMATCH,prop:r10-proper-minors,stated/defined,"The raw node describes Every R10 deletion is graphic K3,3 and every contraction is its dual; all proper minors are graphic or cographic, and those with at most eight elements are both; this is one of 4 normalized clauses at that label: Every proper minor of R10 is graphic or cographic","At/proof prop:r10-proper-minors, the manuscript requires: Every proper minor of R10 is graphic or cographic",Keep crosswalk; no correction solely for granularity.,medium
N178,Small R10 minors are both classes,prop:r10-proper-minors,prop:r10-proper-minors,GRANULARITY_MISMATCH,prop:r10-proper-minors,stated/defined,"The raw node describes Every R10 deletion is graphic K3,3 and every contraction is its dual; all proper minors are graphic or cographic, and those with at most eight elements are both; this is one of 4 normalized clauses at that label: Every R10 minor with at most eight elements is both graphic and cographic","At/proof prop:r10-proper-minors, the manuscript requires: Every R10 minor with at most eight elements is both graphic and cographic",Keep crosswalk; no correction solely for granularity.,medium
N179,R10 non-root leaf excludes three-sum,prop:r10-no-three-sum,prop:r10-no-three-sum,GRANULARITY_MISMATCH,prop:r10-no-three-sum,stated/defined,The raw node describes An intact R10 leaf cannot attach by a proper 3-sum; in the target component its attachment is a 2-sum; this is one of 2 normalized clauses at that label: An intact R10 leaf cannot meet its parent by a proper 3-sum because R10 has no triangle,"At/proof prop:r10-no-three-sum, the manuscript requires: An intact R10 leaf cannot meet its parent by a proper 3-sum because R10 has no triangle",Keep crosswalk; no correction solely for granularity.,medium
N180,Target-component R10 attachment,prop:r10-no-three-sum,prop:r10-no-three-sum,GRANULARITY_MISMATCH,prop:r10-no-three-sum,stated/defined,The raw node describes An intact R10 leaf cannot attach by a proper 3-sum; in the target component its attachment is a 2-sum; this is one of 2 normalized clauses at that label: An intact R10 leaf in the target connected component attaches to its parent by a 2-sum,"At/proof prop:r10-no-three-sum, the manuscript requires: An intact R10 leaf in the target connected component attaches to its parent by a 2-sum",Keep crosswalk; no correction solely for granularity.,medium
N181,Circuit persistence under deletion,,,NORMALIZED_ONLY_CANDIDATE,prop:r10-no-three-sum,semantic inference,No raw node states this atomic obligation at comparable specificity.,"At/proof prop:r10-no-three-sum, the manuscript requires: A circuit avoiding a deleted element remains a circuit of the deletion; the raw node list contains no matching standalone obligation.",Review raw graph coverage against the cited manuscript location; leave frozen ledger unchanged.,medium
N182,R10 total basis count,cert:atlas_bases,cert:atlas_bases,GRANULARITY_MISMATCH,prop:r10-basis-polynomials,stated/defined,Raw describes 162 R10 bases; port inclusion and TU minor checks; the normalized row isolates or specializes The displayed R10 has exactly 162 bases,"At/proof prop:r10-basis-polynomials, the manuscript requires: The displayed R10 has exactly 162 bases",Keep crosswalk; no correction solely for granularity.,medium
N182,R10 total basis count,prop:r10-basis-polynomials,prop:r10-basis-polynomials,GRANULARITY_MISMATCH,prop:r10-basis-polynomials,stated/defined,"The raw node describes R10 has 162 bases, and each element belongs to 81; the two stripped port polynomials have 81 unit-coefficient monomials of degrees five and four; this is one of 3 normalized clauses at that label: The displayed R10 has exactly 162 bases","At/proof prop:r10-basis-polynomials, the manuscript requires: The displayed R10 has exactly 162 bases",Keep crosswalk; no correction solely for granularity.,medium
N183,R10 pointed basis counts,cert:atlas_bases,cert:atlas_bases,GRANULARITY_MISMATCH,prop:r10-basis-polynomials,stated/defined,"Raw describes 162 R10 bases; port inclusion and TU minor checks; the normalized row isolates or specializes For any e, exactly 81 bases contain e and 81 omit e","At/proof prop:r10-basis-polynomials, the manuscript requires: For any e, exactly 81 bases contain e and 81 omit e",Keep crosswalk; no correction solely for granularity.,medium
N183,R10 pointed basis counts,prop:r10-basis-polynomials,prop:r10-basis-polynomials,GRANULARITY_MISMATCH,prop:r10-basis-polynomials,stated/defined,"The raw node describes R10 has 162 bases, and each element belongs to 81; the two stripped port polynomials have 81 unit-coefficient monomials of degrees five and four; this is one of 3 normalized clauses at that label: For any e, exactly 81 bases contain e and 81 omit e","At/proof prop:r10-basis-polynomials, the manuscript requires: For any e, exactly 81 bases contain e and 81 omit e",Keep crosswalk; no correction solely for granularity.,medium
N184,R10 pointed polynomial supports,cert:atlas_bases,cert:atlas_bases,GRANULARITY_MISMATCH,prop:r10-basis-polynomials,stated/defined,Raw describes 162 R10 bases; port inclusion and TU minor checks; the normalized row isolates or specializes The corresponding pointed polynomials have 81 square-free unit monomials of degrees four and five,"At/proof prop:r10-basis-polynomials, the manuscript requires: The corresponding pointed polynomials have 81 square-free unit monomials of degrees four and five",Keep crosswalk; no correction solely for granularity.,medium
N184,R10 pointed polynomial supports,prop:r10-basis-polynomials,prop:r10-basis-polynomials,GRANULARITY_MISMATCH,prop:r10-basis-polynomials,stated/defined,"The raw node describes R10 has 162 bases, and each element belongs to 81; the two stripped port polynomials have 81 unit-coefficient monomials of degrees five and four; this is one of 3 normalized clauses at that label: The corresponding pointed polynomials have 81 square-free unit monomials of degrees four and five","At/proof prop:r10-basis-polynomials, the manuscript requires: The corresponding pointed polynomials have 81 square-free unit monomials of degrees four and five",Keep crosswalk; no correction solely for granularity.,medium
N185,R10 automorphism order,cert:atlas_symmetry,cert:atlas_symmetry,GRANULARITY_MISMATCH,prop:r10-symmetry,stated/defined,Raw describes Complete 720-element automorphism group and port transitivity; the normalized row isolates or specializes The automorphism group of R10 has order 720,"At/proof prop:r10-symmetry, the manuscript requires: The automorphism group of R10 has order 720",Keep crosswalk; no correction solely for granularity.,medium
N185,R10 automorphism order,prop:r10-symmetry,prop:r10-symmetry,GRANULARITY_MISMATCH,prop:r10-symmetry,stated/defined,The raw node describes Aut(R10) has order 720 and is transitive; the two port polynomials are equivariant under its action and relabeling of weights; this is one of 4 normalized clauses at that label: The automorphism group of R10 has order 720,"At/proof prop:r10-symmetry, the manuscript requires: The automorphism group of R10 has order 720",Keep crosswalk; no correction solely for granularity.,medium
N186,R10 element transitivity,cert:atlas_symmetry,cert:atlas_symmetry,GRANULARITY_MISMATCH,prop:r10-symmetry,stated/defined,Raw describes Complete 720-element automorphism group and port transitivity; the normalized row isolates or specializes Aut(R10) acts transitively on the ten elements,"At/proof prop:r10-symmetry, the manuscript requires: Aut(R10) acts transitively on the ten elements",Keep crosswalk; no correction solely for granularity.,medium
N186,R10 element transitivity,prop:r10-symmetry,prop:r10-symmetry,GRANULARITY_MISMATCH,prop:r10-symmetry,stated/defined,The raw node describes Aut(R10) has order 720 and is transitive; the two port polynomials are equivariant under its action and relabeling of weights; this is one of 4 normalized clauses at that label: Aut(R10) acts transitively on the ten elements,"At/proof prop:r10-symmetry, the manuscript requires: Aut(R10) acts transitively on the ten elements",Keep crosswalk; no correction solely for granularity.,medium
N187,R10 stabilizer order,cert:atlas_symmetry,cert:atlas_symmetry,GRANULARITY_MISMATCH,prop:r10-symmetry,stated/defined,Raw describes Complete 720-element automorphism group and port transitivity; the normalized row isolates or specializes The stabilizer of a marked element has order 72,"At/proof prop:r10-symmetry, the manuscript requires: The stabilizer of a marked element has order 72",Keep crosswalk; no correction solely for granularity.,medium
N187,R10 stabilizer order,prop:r10-symmetry,prop:r10-symmetry,GRANULARITY_MISMATCH,prop:r10-symmetry,stated/defined,The raw node describes Aut(R10) has order 720 and is transitive; the two port polynomials are equivariant under its action and relabeling of weights; this is one of 4 normalized clauses at that label: The stabilizer of a marked element has order 72,"At/proof prop:r10-symmetry, the manuscript requires: The stabilizer of a marked element has order 72",Keep crosswalk; no correction solely for granularity.,medium
N188,Pointed basis-polynomial equivariance,prop:r10-symmetry,prop:r10-symmetry,GRANULARITY_MISMATCH,prop:r10-symmetry,stated/defined,The raw node describes Aut(R10) has order 720 and is transitive; the two port polynomials are equivariant under its action and relabeling of weights; this is one of 4 normalized clauses at that label: Relabeling weights by an R10 automorphism carries the two pointed weighted basis polynomials at `e` to those at its image,"At/proof prop:r10-symmetry, the manuscript requires: Relabeling weights by an R10 automorphism carries the two pointed weighted basis polynomials at `e` to those at its image",Keep crosswalk; no correction solely for granularity.,medium
N189,R10 subset orbits,cert:atlas_orbits,cert:atlas_orbits,GRANULARITY_MISMATCH,prop:r10-subset-orbits,stated/defined,Raw describes 19 unpointed and 26 pointed subset orbits; the normalized row isolates or specializes Aut(R10) has 19 orbits on subsets of E(R10),"At/proof prop:r10-subset-orbits, the manuscript requires: Aut(R10) has 19 orbits on subsets of E(R10)",Keep crosswalk; no correction solely for granularity.,medium
N189,R10 subset orbits,prop:r10-subset-orbits,prop:r10-subset-orbits,GRANULARITY_MISMATCH,prop:r10-subset-orbits,stated/defined,"The raw node describes Aut(R10) has 19 subset orbits, and a point stabilizer has 26 orbits on subsets avoiding that point; this is one of 2 normalized clauses at that label: Aut(R10) has 19 orbits on subsets of E(R10)","At/proof prop:r10-subset-orbits, the manuscript requires: Aut(R10) has 19 orbits on subsets of E(R10)",Keep crosswalk; no correction solely for granularity.,medium
N190,Pointed R10 subset orbits,cert:atlas_orbits,cert:atlas_orbits,GRANULARITY_MISMATCH,prop:r10-subset-orbits,stated/defined,Raw describes 19 unpointed and 26 pointed subset orbits; the normalized row isolates or specializes A fixed-element stabilizer has 26 orbits on subsets of the other nine elements,"At/proof prop:r10-subset-orbits, the manuscript requires: A fixed-element stabilizer has 26 orbits on subsets of the other nine elements",Keep crosswalk; no correction solely for granularity.,medium
N190,Pointed R10 subset orbits,prop:r10-subset-orbits,prop:r10-subset-orbits,GRANULARITY_MISMATCH,prop:r10-subset-orbits,stated/defined,"The raw node describes Aut(R10) has 19 subset orbits, and a point stabilizer has 26 orbits on subsets avoiding that point; this is one of 2 normalized clauses at that label: A fixed-element stabilizer has 26 orbits on subsets of the other nine elements","At/proof prop:r10-subset-orbits, the manuscript requires: A fixed-element stabilizer has 26 orbits on subsets of the other nine elements",Keep crosswalk; no correction solely for granularity.,medium
N191,Four-state unrooted R10 orbits,cert:atlas_four_color,cert:atlas_four_color,GRANULARITY_MISMATCH,app:r10-atlas-minors,semantic inference,"Raw describes Supplementary 2488/4480 four-state orbit counts; the normalized row isolates or specializes Four-state assignments have 2,488 unrooted orbits under Aut(R10)","At/proof app:r10-atlas-minors, the manuscript requires: Four-state assignments have 2,488 unrooted orbits under Aut(R10)",Keep crosswalk; no correction solely for granularity.,medium
N191,Four-state unrooted R10 orbits,supplement:four_state_orbits,supplement:four_state_orbits,GRANULARITY_MISMATCH,app:r10-atlas-minors,semantic inference,"Raw describes 2488 unpointed and 4480 pointed four-state response orbits in Appendix A; the normalized row isolates or specializes Four-state assignments have 2,488 unrooted orbits under Aut(R10)","At/proof app:r10-atlas-minors, the manuscript requires: Four-state assignments have 2,488 unrooted orbits under Aut(R10)",Keep crosswalk; no correction solely for granularity.,medium
N192,Four-state marked R10 orbits,cert:atlas_four_color,cert:atlas_four_color,GRANULARITY_MISMATCH,app:r10-atlas-minors,semantic inference,"Raw describes Supplementary 2488/4480 four-state orbit counts; the normalized row isolates or specializes The marked embedding count for four-state assignments is 4,480","At/proof app:r10-atlas-minors, the manuscript requires: The marked embedding count for four-state assignments is 4,480",Keep crosswalk; no correction solely for granularity.,medium
N192,Four-state marked R10 orbits,supplement:four_state_orbits,supplement:four_state_orbits,GRANULARITY_MISMATCH,app:r10-atlas-minors,semantic inference,"Raw describes 2488 unpointed and 4480 pointed four-state response orbits in Appendix A; the normalized row isolates or specializes The marked embedding count for four-state assignments is 4,480","At/proof app:r10-atlas-minors, the manuscript requires: The marked embedding count for four-state assignments is 4,480",Keep crosswalk; no correction solely for granularity.,medium
N193,R10 pointed determinant,ext:determinant_basis,ext:determinant_basis,GRANULARITY_MISMATCH,app:r10-atlas-response,semantic inference,"Raw describes Cauchy–Binet: det(A W A^T) is the weighted basis polynomial for full-row-rank TU A; the normalized row isolates or specializes For distinguished element zero, the pointed weighted basis polynomial omitting zero is det L(x)","At/proof app:r10-atlas-response, the manuscript requires: For distinguished element zero, the pointed weighted basis polynomial omitting zero is det L(x)",Keep crosswalk; no correction solely for granularity.,medium
N194,R10 pointed cofactor,ext:determinant_basis,ext:determinant_basis,GRANULARITY_MISMATCH,app:r10-atlas-response,semantic inference,Raw describes Cauchy–Binet: det(A W A^T) is the weighted basis polynomial for full-row-rank TU A; the normalized row isolates or specializes The pointed weighted basis polynomial containing zero is the displayed principal cofactor of L(x),"At/proof app:r10-atlas-response, the manuscript requires: The pointed weighted basis polynomial containing zero is the displayed principal cofactor of L(x)",Keep crosswalk; no correction solely for granularity.,medium
N195,Pointed R10 target circuits,cert:r10_boundary,cert:r10_boundary,GRANULARITY_MISMATCH,lem:r10-minimal-positive,stated/defined,"Raw describes All 512 masks and the two positive/negative boundary families; the normalized row isolates or specializes With element zero distinguished, the minimal non-target sets spanning it are six K3,3 perfect matchings and nine row-column double stars `R_i∪C_j`","At/proof lem:r10-minimal-positive, the manuscript requires: With element zero distinguished, the minimal non-target sets spanning it are six K3,3 perfect matchings and nine row-column double stars `R_i∪C_j`",Keep crosswalk; no correction solely for granularity.,medium
N195,Pointed R10 target circuits,interface:r10_predicate,interface:r10_predicate,GRANULARITY_MISMATCH,lem:r10-minimal-positive,stated/defined,"Raw describes The 9-bit pointed R10 closure predicate and exact column-to-K3,3-edge convention; the normalized row isolates or specializes With element zero distinguished, the minimal non-target sets spanning it are six K3,3 perfect matchings and nine row-column double stars `R_i∪C_j`","At/proof lem:r10-minimal-positive, the manuscript requires: With element zero distinguished, the minimal non-target sets spanning it are six K3,3 perfect matchings and nine row-column double stars `R_i∪C_j`",Keep crosswalk; no correction solely for granularity.,medium
N195,Pointed R10 target circuits,lem:r10-minimal-positive,lem:r10-minimal-positive,GRANULARITY_MISMATCH,lem:r10-minimal-positive,stated/defined,"The raw labeled node describes The pointed R10 predicate has six perfect matchings and nine double stars as minimal positive inputs, with the stated two maximal-negative families; the normalized row isolates its matroid-specific clause: With element zero distinguished, the minimal non-target sets spanning it are six K3,3 perfect matchings and nine row-column double stars `R_i∪C_j`","At/proof lem:r10-minimal-positive, the manuscript requires: With element zero distinguished, the minimal non-target sets spanning it are six K3,3 perfect matchings and nine row-column double stars `R_i∪C_j`",Keep crosswalk; no correction solely for granularity.,medium
N196,Pointed R10 maximal nonspanning sets,cert:r10_boundary,cert:r10_boundary,GRANULARITY_MISMATCH,lem:r10-boundary-inputs,stated/defined,Raw describes All 512 masks and the two positive/negative boundary families; the normalized row isolates or specializes The maximal negative sets are nine `(R_i∪C_j)\{e_ij}` and six complements of row or column stars,"At/proof lem:r10-boundary-inputs, the manuscript requires: The maximal negative sets are nine `(R_i∪C_j)\{e_ij}` and six complements of row or column stars",Keep crosswalk; no correction solely for granularity.,medium
N196,Pointed R10 maximal nonspanning sets,interface:r10_predicate,interface:r10_predicate,GRANULARITY_MISMATCH,lem:r10-boundary-inputs,stated/defined,"Raw describes The 9-bit pointed R10 closure predicate and exact column-to-K3,3-edge convention; the normalized row isolates or specializes The maximal negative sets are nine `(R_i∪C_j)\{e_ij}` and six complements of row or column stars","At/proof lem:r10-boundary-inputs, the manuscript requires: The maximal negative sets are nine `(R_i∪C_j)\{e_ij}` and six complements of row or column stars",Keep crosswalk; no correction solely for granularity.,medium
N196,Pointed R10 maximal nonspanning sets,lem:r10-minimal-positive,lem:r10-minimal-positive,GRANULARITY_MISMATCH,lem:r10-boundary-inputs,stated/defined,"Raw describes The pointed R10 predicate has six perfect matchings and nine double stars as minimal positive inputs, with the stated two maximal-negative families; the normalized row isolates or specializes The maximal negative sets are nine `(R_i∪C_j)\{e_ij}` and six complements of row or column stars","At/proof lem:r10-boundary-inputs, the manuscript requires: The maximal negative sets are nine `(R_i∪C_j)\{e_ij}` and six complements of row or column stars",Keep crosswalk; no correction solely for granularity.,medium
N197,Connected pair circuit,ext:r10_connected,ext:r10_connected,GRANULARITY_MISMATCH,lem:r10-targeted-query-matroid,semantic inference,"Raw describes R10 is connected: every element has a target circuit witness; the normalized row isolates or specializes In a connected matroid, any two elements lie in a common circuit; hence each non-target element of R10 lies with the target in some circuit","At/proof lem:r10-targeted-query-matroid, the manuscript requires: In a connected matroid, any two elements lie in a common circuit; hence each non-target element of R10 lies with the target in some circuit",Keep crosswalk; no correction solely for granularity.,medium
N198,Pointed R10 source uniformity,lem:r10-targeted-query-matroid,lem:r10-targeted-query-matroid,AGREEMENT,lem:r10-targeted-query-matroid,stated/defined,"Raw describes Every coordinate of pointed R10 closure is essential, so its targeted query matroid is U9,10; normalized states All nine coordinates of the pointed closure predicate are essential, so its targeted coordinate-query matroid is `U_{9,10}`","At/proof lem:r10-targeted-query-matroid, the manuscript requires: All nine coordinates of the pointed closure predicate are essential, so its targeted coordinate-query matroid is `U_{9,10}`",None.,high
N199,Natural R10 boundary energies,cert:natural_program,cert:natural_program,GRANULARITY_MISMATCH,prop:r10-natural-program-cost,semantic inference,"Raw describes Unit-weight energies and balanced incidence for the natural R10 program; the normalized row isolates or specializes At unit weights the four natural-program boundary energy classes are 3, 5, 5, 3","At/proof prop:r10-natural-program-cost, the manuscript requires: At unit weights the four natural-program boundary energy classes are 3, 5, 5, 3",Keep crosswalk; no correction solely for granularity.,medium
N200,R10 size-five target-circuit incidence,cert:natural_program,cert:natural_program,GRANULARITY_MISMATCH,prop:r10-natural-program-cost,semantic inference,Raw describes Unit-weight energies and balanced incidence for the natural R10 program; the normalized row isolates or specializes Each non-target element appears in five of nine size-five target circuits,"At/proof prop:r10-natural-program-cost, the manuscript requires: Each non-target element appears in five of nine size-five target circuits",Keep crosswalk; no correction solely for granularity.,medium
N201,R10 size-five target-cocircuit incidence,cert:natural_program,cert:natural_program,GRANULARITY_MISMATCH,prop:r10-natural-program-cost,semantic inference,Raw describes Unit-weight energies and balanced incidence for the natural R10 program; the normalized row isolates or specializes Each non-target element appears in five of nine size-five target cocircuits,"At/proof prop:r10-natural-program-cost, the manuscript requires: Each non-target element appears in five of nine size-five target cocircuits",Keep crosswalk; no correction solely for granularity.,medium
N202,Natural R10 program correctness,interface:r10_natural_program,interface:r10_natural_program,GRANULARITY_MISMATCH,prop:r10-natural-program-cost,stated/defined,"Raw describes The pointed R10 representation, each of its nine non-target columns available at bit value one; the normalized row isolates or specializes The positive-response labeling of the nine non-target R10 elements computes pointed closure","At/proof prop:r10-natural-program-cost, the manuscript requires: The positive-response labeling of the nine non-target R10 elements computes pointed closure",Keep crosswalk; no correction solely for granularity.,medium
N202,Natural R10 program correctness,prop:r10-natural-program-cost,prop:r10-natural-program-cost,GRANULARITY_MISMATCH,prop:r10-natural-program-cost,stated/defined,The raw node describes The natural pointed R10 program has linear-cost infimum exactly five over every real representation; this is one of 2 normalized clauses at that label: The positive-response labeling of the nine non-target R10 elements computes pointed closure,"At/proof prop:r10-natural-program-cost, the manuscript requires: The positive-response labeling of the nine non-target R10 elements computes pointed closure",Keep crosswalk; no correction solely for granularity.,medium
N203,Natural R10 fixed-program optimum,interface:r10_natural_program,interface:r10_natural_program,GRANULARITY_MISMATCH,prop:r10-natural-program-cost,stated/defined,"Raw describes The pointed R10 representation, each of its nine non-target columns available at bit value one; the normalized row isolates or specializes That labeled program has lincost 5 over all real representations","At/proof prop:r10-natural-program-cost, the manuscript requires: That labeled program has lincost 5 over all real representations",Keep crosswalk; no correction solely for granularity.,medium
N203,Natural R10 fixed-program optimum,prop:r10-natural-program-cost,prop:r10-natural-program-cost,GRANULARITY_MISMATCH,prop:r10-natural-program-cost,stated/defined,The raw node describes The natural pointed R10 program has linear-cost infimum exactly five over every real representation; this is one of 2 normalized clauses at that label: That labeled program has lincost 5 over all real representations,"At/proof prop:r10-natural-program-cost, the manuscript requires: That labeled program has lincost 5 over all real representations",Keep crosswalk; no correction solely for granularity.,medium
N204,Parallel target construction,interface:r10_alternative_program,interface:r10_alternative_program,GRANULARITY_MISMATCH,prop:r10-regular-route-b,semantic inference,"Raw describes The 18 by 28 representation with 27 labeled inputs, proven regular by parallel target copies and graphic 2-sums; the normalized row isolates or specializes Adjoin a parallel copy of the target and use the original target as 2-sum glue, retaining the copy","At/proof prop:r10-regular-route-b, the manuscript requires: Adjoin a parallel copy of the target and use the original target as 2-sum glue, retaining the copy",Keep crosswalk; no correction solely for granularity.,medium
N205,Parallel target regularity,interface:r10_alternative_program,interface:r10_alternative_program,GRANULARITY_MISMATCH,prop:r10-regular-route-b,semantic inference,"Raw describes The 18 by 28 representation with 27 labeled inputs, proven regular by parallel target copies and graphic 2-sums; the normalized row isolates or specializes Under proper gluing of regular factors, the retained-target construction is regular","At/proof prop:r10-regular-route-b, the manuscript requires: Under proper gluing of regular factors, the retained-target construction is regular",Keep crosswalk; no correction solely for granularity.,medium
N206,Parallel-target closure union,interface:r10_alternative_program,interface:r10_alternative_program,FORMULATION_MISMATCH,prop:r10-regular-route-b,semantic inference,"Raw records the regular parallel construction; normalized separately requires the union-of-closure rule, which the raw node description does not state. E0051 imports broad sum facts into the construction; E0507 uses the interface in prop:r10-regular-route-b. Neither states the target-closure union.","At/proof prop:r10-regular-route-b, the manuscript requires: For the construction in M136, the retained target is spanned by available elements exactly when one of the two pointed components' target conditions holds; the parallel-target paragraph states acceptance of the union of the two component predicates.",Check the parallel-target proof and consider adding an explicit raw dependency for closure union.,medium
N207,Graphic double-star predicate,ext:graphic_basics,ext:graphic_basics,GRANULARITY_MISMATCH,prop:r10-regular-route-b,semantic inference,"Raw describes Cycle matroids, graph planar duals, K3,3 minors and parallel extensions; the normalized row isolates or specializes In the six-path graph `H` of `sec:r10-pointed`, its target edge is spanned precisely when one complete row path and one complete column path are available, producing the nine double-star positive sets","At/proof prop:r10-regular-route-b, the manuscript requires: In the six-path graph `H` of `sec:r10-pointed`, its target edge is spanned precisely when one complete row path and one complete column path are available, producing the nine double-star positive sets",Keep crosswalk; no correction solely for granularity.,medium
N207,Graphic double-star predicate,interface:r10_alternative_program,interface:r10_alternative_program,GRANULARITY_MISMATCH,prop:r10-regular-route-b,semantic inference,"Raw describes The 18 by 28 representation with 27 labeled inputs, proven regular by parallel target copies and graphic 2-sums; the normalized row isolates or specializes In the six-path graph `H` of `sec:r10-pointed`, its target edge is spanned precisely when one complete row path and one complete column path are available, producing the nine double-star positive sets","At/proof prop:r10-regular-route-b, the manuscript requires: In the six-path graph `H` of `sec:r10-pointed`, its target edge is spanned precisely when one complete row path and one complete column path are available, producing the nine double-star positive sets",Keep crosswalk; no correction solely for granularity.,medium
N208,Alternative positive boundary energies,cert:alternative_program,cert:alternative_program,GRANULARITY_MISMATCH,prop:r10-regular-route-b,stated/defined,"Raw describes 18 by 28 alternative matrix and energies at weights 5/4 and 1; the normalized row isolates or specializes At R10 weight p and graphic weight 1, C₊(p)=max(3/p,30/(6p+5))","At/proof prop:r10-regular-route-b, the manuscript requires: At R10 weight p and graphic weight 1, C₊(p)=max(3/p,30/(6p+5))",Keep crosswalk; no correction solely for granularity.,medium
N208,Alternative positive boundary energies,prop:r10-regular-route-b,prop:r10-regular-route-b,GRANULARITY_MISMATCH,prop:r10-regular-route-b,stated/defined,"The raw node describes The explicit 27-input regular program at weights 5/4 and 1 has worst energies 12/5 and 29/4, hence linear cost at most sqrt(87/5); this is one of 4 normalized clauses at that label: At R10 weight p and graphic weight 1, C₊(p)=max(3/p,30/(6p+5))","At/proof prop:r10-regular-route-b, the manuscript requires: At R10 weight p and graphic weight 1, C₊(p)=max(3/p,30/(6p+5))",Keep crosswalk; no correction solely for granularity.,medium
N209,Alternative negative boundary energies,cert:alternative_program,cert:alternative_program,GRANULARITY_MISMATCH,prop:r10-regular-route-b,stated/defined,"Raw describes 18 by 28 alternative matrix and energies at weights 5/4 and 1; the normalized row isolates or specializes At the same weights, C₋(p)=max(5p+1,3p+3)","At/proof prop:r10-regular-route-b, the manuscript requires: At the same weights, C₋(p)=max(5p+1,3p+3)",Keep crosswalk; no correction solely for granularity.,medium
N209,Alternative negative boundary energies,prop:r10-regular-route-b,prop:r10-regular-route-b,GRANULARITY_MISMATCH,prop:r10-regular-route-b,stated/defined,"The raw node describes The explicit 27-input regular program at weights 5/4 and 1 has worst energies 12/5 and 29/4, hence linear cost at most sqrt(87/5); this is one of 4 normalized clauses at that label: At the same weights, C₋(p)=max(5p+1,3p+3)","At/proof prop:r10-regular-route-b, the manuscript requires: At the same weights, C₋(p)=max(5p+1,3p+3)",Keep crosswalk; no correction solely for granularity.,medium
N210,Alternative program computes pointed closure,interface:r10_alternative_program,interface:r10_alternative_program,GRANULARITY_MISMATCH,prop:r10-regular-route-b,stated/defined,"Raw describes The 18 by 28 representation with 27 labeled inputs, proven regular by parallel target copies and graphic 2-sums; the normalized row isolates or specializes The second regular program has the same acceptance predicate as pointed R10 closure","At/proof prop:r10-regular-route-b, the manuscript requires: The second regular program has the same acceptance predicate as pointed R10 closure",Keep crosswalk; no correction solely for granularity.,medium
N210,Alternative program computes pointed closure,prop:r10-regular-route-b,prop:r10-regular-route-b,GRANULARITY_MISMATCH,prop:r10-regular-route-b,stated/defined,"The raw node describes The explicit 27-input regular program at weights 5/4 and 1 has worst energies 12/5 and 29/4, hence linear cost at most sqrt(87/5); this is one of 4 normalized clauses at that label: The second regular program has the same acceptance predicate as pointed R10 closure","At/proof prop:r10-regular-route-b, the manuscript requires: The second regular program has the same acceptance predicate as pointed R10 closure",Keep crosswalk; no correction solely for granularity.,medium
N211,Alternative program cost bound,interface:r10_alternative_program,interface:r10_alternative_program,GRANULARITY_MISMATCH,prop:r10-regular-route-b,stated/defined,"Raw describes The 18 by 28 representation with 27 labeled inputs, proven regular by parallel target copies and graphic 2-sums; the normalized row isolates or specializes At the displayed weights, lincost(P_reg) ≤ sqrt(87/5)","At/proof prop:r10-regular-route-b, the manuscript requires: At the displayed weights, lincost(P_reg) ≤ sqrt(87/5)",Keep crosswalk; no correction solely for granularity.,medium
N211,Alternative program cost bound,prop:r10-regular-route-b,prop:r10-regular-route-b,GRANULARITY_MISMATCH,prop:r10-regular-route-b,stated/defined,"The raw node describes The explicit 27-input regular program at weights 5/4 and 1 has worst energies 12/5 and 29/4, hence linear cost at most sqrt(87/5); this is one of 4 normalized clauses at that label: At the displayed weights, lincost(P_reg) ≤ sqrt(87/5)","At/proof prop:r10-regular-route-b, the manuscript requires: At the displayed weights, lincost(P_reg) ≤ sqrt(87/5)",Keep crosswalk; no correction solely for granularity.,medium
N212,Zero-weight R10 minor limit,interface:two_sum_response,interface:two_sum_response,GRANULARITY_MISMATCH,app:r10-atlas-minors,semantic inference,"Raw describes P0/P1 for the target-free side, with tagged zero and infinite port responses; the normalized row isolates or specializes A zero incoming weight deletes the associated R10 element in the pointed polynomial ratio","At/proof app:r10-atlas-minors, the manuscript requires: A zero incoming weight deletes the associated R10 element in the pointed polynomial ratio",Keep crosswalk; no correction solely for granularity.,medium
N213,Infinite-weight R10 minor limit,interface:two_sum_response,interface:two_sum_response,GRANULARITY_MISMATCH,app:r10-atlas-minors,semantic inference,"Raw describes P0/P1 for the target-free side, with tagged zero and infinite port responses; the normalized row isolates or specializes An infinite incoming weight contracts the associated R10 element after homogeneous factors cancel","At/proof app:r10-atlas-minors, the manuscript requires: An infinite incoming weight contracts the associated R10 element after homogeneous factors cancel",Keep crosswalk; no correction solely for granularity.,medium
N214,R10 target loop or coloop ratio,interface:two_sum_response,interface:two_sum_response,GRANULARITY_MISMATCH,app:r10-atlas-minors,semantic inference,"Raw describes P0/P1 for the target-free side, with tagged zero and infinite port responses; the normalized row isolates or specializes For a target loop P₀/P₁ is infinite; for a target coloop it is zero","At/proof app:r10-atlas-minors, the manuscript requires: For a target loop P₀/P₁ is infinite; for a target coloop it is zero",Keep crosswalk; no correction solely for granularity.,medium
N215,Intact target-free R10 contribution,interface:reduced_ratio,interface:reduced_ratio,GRANULARITY_MISMATCH,thm:r10-fixed-weight-evaluation,stated/defined,Raw describes The target basis ratio evaluated at the output of a specified finite reduction trace. This names the expression without asserting its invariance; the normalized row isolates or specializes An intact target-free R10 side supplies P₀ᵉ/P₁ᵉ as its two-sum effective weight,"At/proof thm:r10-fixed-weight-evaluation, the manuscript requires: An intact target-free R10 side supplies P₀ᵉ/P₁ᵉ as its two-sum effective weight",Keep crosswalk; no correction solely for granularity.,medium
N215,Intact target-free R10 contribution,thm:r10-fixed-weight-evaluation,thm:r10-fixed-weight-evaluation,GRANULARITY_MISMATCH,thm:r10-fixed-weight-evaluation,stated/defined,"The raw node describes In fixed-weight evaluation, intact R10 pieces contribute their two port-polynomial ratio or its reciprocal; a proper deletion or contraction makes the piece graphic or cographic; this is one of 3 normalized clauses at that label: An intact target-free R10 side supplies P₀ᵉ/P₁ᵉ as its two-sum effective weight","At/proof thm:r10-fixed-weight-evaluation, the manuscript requires: An intact target-free R10 side supplies P₀ᵉ/P₁ᵉ as its two-sum effective weight",Keep crosswalk; no correction solely for granularity.,medium
N216,Intact target R10 contribution,interface:reduced_ratio,interface:reduced_ratio,GRANULARITY_MISMATCH,thm:r10-fixed-weight-evaluation,stated/defined,"Raw describes The target basis ratio evaluated at the output of a specified finite reduction trace. This names the expression without asserting its invariance; the normalized row isolates or specializes When e is the target of an intact R10 leaf, the target-basis ratio is P₁ᵉ/P₀ᵉ","At/proof thm:r10-fixed-weight-evaluation, the manuscript requires: When e is the target of an intact R10 leaf, the target-basis ratio is P₁ᵉ/P₀ᵉ",Keep crosswalk; no correction solely for granularity.,medium
N216,Intact target R10 contribution,thm:r10-fixed-weight-evaluation,thm:r10-fixed-weight-evaluation,GRANULARITY_MISMATCH,thm:r10-fixed-weight-evaluation,stated/defined,"The raw node describes In fixed-weight evaluation, intact R10 pieces contribute their two port-polynomial ratio or its reciprocal; a proper deletion or contraction makes the piece graphic or cographic; this is one of 3 normalized clauses at that label: When e is the target of an intact R10 leaf, the target-basis ratio is P₁ᵉ/P₀ᵉ","At/proof thm:r10-fixed-weight-evaluation, the manuscript requires: When e is the target of an intact R10 leaf, the target-basis ratio is P₁ᵉ/P₀ᵉ",Keep crosswalk; no correction solely for granularity.,medium
N217,Changed R10 leaf class,interface:reduced_ratio,interface:reduced_ratio,GRANULARITY_MISMATCH,thm:r10-fixed-weight-evaluation,stated/defined,Raw describes The target basis ratio evaluated at the output of a specified finite reduction trace. This names the expression without asserting its invariance; the normalized row isolates or specializes A proper deletion or contraction of an R10 leaf is graphic or cographic,"At/proof thm:r10-fixed-weight-evaluation, the manuscript requires: A proper deletion or contraction of an R10 leaf is graphic or cographic",Keep crosswalk; no correction solely for granularity.,medium
N217,Changed R10 leaf class,thm:r10-fixed-weight-evaluation,thm:r10-fixed-weight-evaluation,GRANULARITY_MISMATCH,thm:r10-fixed-weight-evaluation,stated/defined,"The raw node describes In fixed-weight evaluation, intact R10 pieces contribute their two port-polynomial ratio or its reciprocal; a proper deletion or contraction makes the piece graphic or cographic; this is one of 3 normalized clauses at that label: A proper deletion or contraction of an R10 leaf is graphic or cographic","At/proof thm:r10-fixed-weight-evaluation, the manuscript requires: A proper deletion or contraction of an R10 leaf is graphic or cographic",Keep crosswalk; no correction solely for granularity.,medium
N218,Recursive pointed matroid,interface:recursive_natural_matroid,interface:recursive_natural_matroid,GRANULARITY_MISMATCH,prop:recursive-r10-closure,semantic inference,"Raw describes Recursive 2-sum construction at the nine ports, with disjoint fresh ground sets; the normalized row isolates or specializes Starting with pointed R10, attach nine disjoint pointed copies at the nine non-target elements by proper 2-sums; retain the root target","At/proof prop:recursive-r10-closure, the manuscript requires: Starting with pointed R10, attach nine disjoint pointed copies at the nine non-target elements by proper 2-sums; retain the root target",Keep crosswalk; no correction solely for granularity.,medium
N219,Recursive R10 regularity,prop:recursive-r10-closure,prop:recursive-r10-closure,GRANULARITY_MISMATCH,prop:recursive-r10-closure,stated/defined,"The raw node describes The recursive 2-sum R10 matroid is regular with 1+9^h elements and rank (1+9^h)/2, computes the composed predicate, and retains R10 as a minor; this is one of 6 normalized clauses at that label: Each recursively attached pointed matroid M_h is regular","At/proof prop:recursive-r10-closure, the manuscript requires: Each recursively attached pointed matroid M_h is regular",Keep crosswalk; no correction solely for granularity.,medium
N220,Recursive R10 ground-set size,prop:recursive-r10-closure,prop:recursive-r10-closure,GRANULARITY_MISMATCH,prop:recursive-r10-closure,stated/defined,"The raw node describes The recursive 2-sum R10 matroid is regular with 1+9^h elements and rank (1+9^h)/2, computes the composed predicate, and retains R10 as a minor; this is one of 6 normalized clauses at that label: |E(M_h)|=1+9^h","At/proof prop:recursive-r10-closure, the manuscript requires: |E(M_h)|=1+9^h",Keep crosswalk; no correction solely for granularity.,medium
N221,Recursive R10 rank,prop:recursive-r10-closure,prop:recursive-r10-closure,GRANULARITY_MISMATCH,prop:recursive-r10-closure,stated/defined,"The raw node describes The recursive 2-sum R10 matroid is regular with 1+9^h elements and rank (1+9^h)/2, computes the composed predicate, and retains R10 as a minor; this is one of 6 normalized clauses at that label: r(M_h)=(1+9^h)/2","At/proof prop:recursive-r10-closure, the manuscript requires: r(M_h)=(1+9^h)/2",Keep crosswalk; no correction solely for granularity.,medium
N222,Recursive target closure composition,prop:recursive-r10-closure,prop:recursive-r10-closure,GRANULARITY_MISMATCH,prop:recursive-r10-closure,stated/defined,"The raw node describes The recursive 2-sum R10 matroid is regular with 1+9^h elements and rank (1+9^h)/2, computes the composed predicate, and retains R10 as a minor; this is one of 6 normalized clauses at that label: Target spanning in the 2-sum tree is exactly Boolean self-composition of the base pointed R10 closure predicate","At/proof prop:recursive-r10-closure, the manuscript requires: Target spanning in the 2-sum tree is exactly Boolean self-composition of the base pointed R10 closure predicate",Keep crosswalk; no correction solely for granularity.,medium
N223,Recursive R10 minor,prop:recursive-r10-closure,prop:recursive-r10-closure,GRANULARITY_MISMATCH,prop:recursive-r10-closure,stated/defined,"The raw node describes The recursive 2-sum R10 matroid is regular with 1+9^h elements and rank (1+9^h)/2, computes the composed predicate, and retains R10 as a minor; this is one of 6 normalized clauses at that label: Each natural recursive pointed matroid contains R10 as a minor","At/proof prop:recursive-r10-closure, the manuscript requires: Each natural recursive pointed matroid contains R10 as a minor",Keep crosswalk; no correction solely for granularity.,medium
N224,Recursive matroids are not graphic or cographic,prop:recursive-r10-closure,prop:recursive-r10-closure,GRANULARITY_MISMATCH,prop:recursive-r10-closure,stated/defined,"The raw node describes The recursive 2-sum R10 matroid is regular with 1+9^h elements and rank (1+9^h)/2, computes the composed predicate, and retains R10 as a minor; this is one of 6 normalized clauses at that label: Each M_h is neither graphic nor cographic","At/proof prop:recursive-r10-closure, the manuscript requires: Each M_h is neither graphic nor cographic",Keep crosswalk; no correction solely for granularity.,medium
N225,R10 nongraphic/noncographic status,,,NORMALIZED_ONLY_CANDIDATE,prop:recursive-r10-closure,semantic inference,No raw node states this atomic obligation at comparable specificity.,"At/proof prop:recursive-r10-closure, the manuscript requires: R10 itself is neither graphic nor cographic; the raw node list contains no matching standalone obligation.",Review raw graph coverage against the cited manuscript location; leave frozen ledger unchanged.,medium
N226,Recursive target-circuit substitution,ext:sum_bases,ext:sum_bases,GRANULARITY_MISMATCH,prop:recursive-r10-natural-cost,semantic inference,"Raw describes Direct/2-sum basis and circuit bijections, rank and regularity preservation; the normalized row isolates or specializes Target circuits in the natural 2-sum tree substitute child target circuits, with at most 5^h leaves and this maximum attained","At/proof prop:recursive-r10-natural-cost, the manuscript requires: Target circuits in the natural 2-sum tree substitute child target circuits, with at most 5^h leaves and this maximum attained",Keep crosswalk; no correction solely for granularity.,medium
N227,Recursive target-cocircuit substitution,ext:sum_bases,ext:sum_bases,GRANULARITY_MISMATCH,prop:recursive-r10-natural-cost,semantic inference,"Raw describes Direct/2-sum basis and circuit bijections, rank and regularity preservation; the normalized row isolates or specializes Target cocircuits substitute child target cocircuits, with at most 5^h leaves and this maximum attained","At/proof prop:recursive-r10-natural-cost, the manuscript requires: Target cocircuits substitute child target cocircuits, with at most 5^h leaves and this maximum attained",Keep crosswalk; no correction solely for granularity.,medium
N228,Recursive circuit incidence,interface:recursive_balanced_incidence,interface:recursive_balanced_incidence,GRANULARITY_MISMATCH,prop:recursive-r10-natural-cost,semantic inference,"Raw describes Recursive large circuit/cocircuit families have size 5^h and each of the 9^h coordinates occurs with frequency (5/9)^h; the normalized row isolates or specializes Each selected size-5^h target circuit has 5^h leaves, and every leaf occurs in fraction 5^h/9^h of the family","At/proof prop:recursive-r10-natural-cost, the manuscript requires: Each selected size-5^h target circuit has 5^h leaves, and every leaf occurs in fraction 5^h/9^h of the family",Keep crosswalk; no correction solely for granularity.,medium
N229,Recursive cocircuit incidence,interface:recursive_balanced_incidence,interface:recursive_balanced_incidence,GRANULARITY_MISMATCH,prop:recursive-r10-natural-cost,semantic inference,"Raw describes Recursive large circuit/cocircuit families have size 5^h and each of the 9^h coordinates occurs with frequency (5/9)^h; the normalized row isolates or specializes Each selected size-5^h target cocircuit has 5^h leaves, and every leaf occurs in fraction 5^h/9^h of the family","At/proof prop:recursive-r10-natural-cost, the manuscript requires: Each selected size-5^h target cocircuit has 5^h leaves, and every leaf occurs in fraction 5^h/9^h of the family",Keep crosswalk; no correction solely for granularity.,medium
N230,Natural recursive program optimum,prop:recursive-r10-natural-cost,prop:recursive-r10-natural-cost,AGREEMENT,prop:recursive-r10-natural-cost,stated/defined,Raw describes The natural recursive regular program has optimized linear cost exactly 5^h; normalized states The natural leaf-labeled regular program has `lincost=5^h` for all `h≥1`,"At/proof prop:recursive-r10-natural-cost, the manuscript requires: The natural leaf-labeled regular program has `lincost=5^h` for all `h≥1`",None.,high
N231,Recursive alternative program,interface:recursive_alternative_program,interface:recursive_alternative_program,GRANULARITY_MISMATCH,thm:recursive-r10-regular-cost,semantic inference,"Raw describes Replicate 27-input program recursively, grouping three child copies under each shared input label; the normalized row isolates or specializes Attach one child program at each of the 27 non-target elements of a fresh alternative pointed program by 2-sums, repeating the same child input across the three elements sharing a query label","At/proof thm:recursive-r10-regular-cost, the manuscript requires: Attach one child program at each of the 27 non-target elements of a fresh alternative pointed program by 2-sums, repeating the same child input across the three elements sharing a query label",Keep crosswalk; no correction solely for granularity.,medium
N232,Recursive alternative regularity,interface:recursive_alternative_program,interface:recursive_alternative_program,GRANULARITY_MISMATCH,thm:recursive-r10-regular-cost,stated/defined,"Raw describes Replicate 27-input program recursively, grouping three child copies under each shared input label; the normalized row isolates or specializes The 27-attachment 2-sum matroid remains regular","At/proof thm:recursive-r10-regular-cost, the manuscript requires: The 27-attachment 2-sum matroid remains regular",Keep crosswalk; no correction solely for granularity.,medium
N232,Recursive alternative regularity,thm:recursive-r10-regular-cost,thm:recursive-r10-regular-cost,GRANULARITY_MISMATCH,thm:recursive-r10-regular-cost,stated/defined,"The raw node describes The recursively replicated alternative program computes F_h and its displayed representation has exact energies (12/5)^h and (29/4)^h, giving the corresponding linear-cost upper bound; this is one of 6 normalized clauses at that label: The 27-attachment 2-sum matroid remains regular","At/proof thm:recursive-r10-regular-cost, the manuscript requires: The 27-attachment 2-sum matroid remains regular",Keep crosswalk; no correction solely for granularity.,medium
N233,Recursive alternative target closure,interface:recursive_alternative_program,interface:recursive_alternative_program,GRANULARITY_MISMATCH,thm:recursive-r10-regular-cost,stated/defined,"Raw describes Replicate 27-input program recursively, grouping three child copies under each shared input label; the normalized row isolates or specializes The 27-attachment matroid’s target closure composes the child target-closure predicates","At/proof thm:recursive-r10-regular-cost, the manuscript requires: The 27-attachment matroid’s target closure composes the child target-closure predicates",Keep crosswalk; no correction solely for granularity.,medium
N233,Recursive alternative target closure,thm:recursive-r10-regular-cost,thm:recursive-r10-regular-cost,GRANULARITY_MISMATCH,thm:recursive-r10-regular-cost,stated/defined,"The raw node describes The recursively replicated alternative program computes F_h and its displayed representation has exact energies (12/5)^h and (29/4)^h, giving the corresponding linear-cost upper bound; this is one of 6 normalized clauses at that label: The 27-attachment matroid’s target closure composes the child target-closure predicates","At/proof thm:recursive-r10-regular-cost, the manuscript requires: The 27-attachment matroid’s target closure composes the child target-closure predicates",Keep crosswalk; no correction solely for granularity.,medium
N234,Recursive alternative program computes F_h,interface:recursive_alternative_program,interface:recursive_alternative_program,GRANULARITY_MISMATCH,thm:recursive-r10-regular-cost,stated/defined,"Raw describes Replicate 27-input program recursively, grouping three child copies under each shared input label; the normalized row isolates or specializes With repeated query labels, the resulting program computes Boolean self-composition","At/proof thm:recursive-r10-regular-cost, the manuscript requires: With repeated query labels, the resulting program computes Boolean self-composition",Keep crosswalk; no correction solely for granularity.,medium
N234,Recursive alternative program computes F_h,thm:recursive-r10-regular-cost,thm:recursive-r10-regular-cost,GRANULARITY_MISMATCH,thm:recursive-r10-regular-cost,stated/defined,"The raw node describes The recursively replicated alternative program computes F_h and its displayed representation has exact energies (12/5)^h and (29/4)^h, giving the corresponding linear-cost upper bound; this is one of 6 normalized clauses at that label: With repeated query labels, the resulting program computes Boolean self-composition","At/proof thm:recursive-r10-regular-cost, the manuscript requires: With repeated query labels, the resulting program computes Boolean self-composition",Keep crosswalk; no correction solely for granularity.,medium
N235,Recursive alternative positive energy,interface:recursive_extremizers,interface:recursive_extremizers,GRANULARITY_MISMATCH,thm:recursive-r10-regular-cost,stated/defined,Raw describes Build recursive inputs realizing both alternative response extrema; include zero/infinite port cases; the normalized row isolates or specializes The scaled-child construction has C₊(h)=(12/5)^h,"At/proof thm:recursive-r10-regular-cost, the manuscript requires: The scaled-child construction has C₊(h)=(12/5)^h",Keep crosswalk; no correction solely for granularity.,medium
N235,Recursive alternative positive energy,thm:recursive-r10-regular-cost,thm:recursive-r10-regular-cost,GRANULARITY_MISMATCH,thm:recursive-r10-regular-cost,stated/defined,"The raw node describes The recursively replicated alternative program computes F_h and its displayed representation has exact energies (12/5)^h and (29/4)^h, giving the corresponding linear-cost upper bound; this is one of 6 normalized clauses at that label: The scaled-child construction has C₊(h)=(12/5)^h","At/proof thm:recursive-r10-regular-cost, the manuscript requires: The scaled-child construction has C₊(h)=(12/5)^h",Keep crosswalk; no correction solely for granularity.,medium
N236,Recursive alternative negative energy,interface:recursive_extremizers,interface:recursive_extremizers,GRANULARITY_MISMATCH,thm:recursive-r10-regular-cost,stated/defined,Raw describes Build recursive inputs realizing both alternative response extrema; include zero/infinite port cases; the normalized row isolates or specializes The scaled-child construction has C₋(h)=(29/4)^h,"At/proof thm:recursive-r10-regular-cost, the manuscript requires: The scaled-child construction has C₋(h)=(29/4)^h",Keep crosswalk; no correction solely for granularity.,medium
N236,Recursive alternative negative energy,thm:recursive-r10-regular-cost,thm:recursive-r10-regular-cost,GRANULARITY_MISMATCH,thm:recursive-r10-regular-cost,stated/defined,"The raw node describes The recursively replicated alternative program computes F_h and its displayed representation has exact energies (12/5)^h and (29/4)^h, giving the corresponding linear-cost upper bound; this is one of 6 normalized clauses at that label: The scaled-child construction has C₋(h)=(29/4)^h","At/proof thm:recursive-r10-regular-cost, the manuscript requires: The scaled-child construction has C₋(h)=(29/4)^h",Keep crosswalk; no correction solely for granularity.,medium
N237,Recursive alternative cost bound,interface:recursive_extremizers,interface:recursive_extremizers,GRANULARITY_MISMATCH,thm:recursive-r10-regular-cost,stated/defined,Raw describes Build recursive inputs realizing both alternative response extrema; include zero/infinite port cases; the normalized row isolates or specializes The construction has lincost ≤ (sqrt(87/5))^h,"At/proof thm:recursive-r10-regular-cost, the manuscript requires: The construction has lincost ≤ (sqrt(87/5))^h",Keep crosswalk; no correction solely for granularity.,medium
N237,Recursive alternative cost bound,thm:recursive-r10-regular-cost,thm:recursive-r10-regular-cost,GRANULARITY_MISMATCH,thm:recursive-r10-regular-cost,stated/defined,"The raw node describes The recursively replicated alternative program computes F_h and its displayed representation has exact energies (12/5)^h and (29/4)^h, giving the corresponding linear-cost upper bound; this is one of 6 normalized clauses at that label: The construction has lincost ≤ (sqrt(87/5))^h","At/proof thm:recursive-r10-regular-cost, the manuscript requires: The construction has lincost ≤ (sqrt(87/5))^h",Keep crosswalk; no correction solely for granularity.,medium
N238,Pointed R10 closure balance,cert:r10_boundary,cert:r10_boundary,GRANULARITY_MISMATCH,app:r10-recursive-base,semantic inference,"Raw describes All 512 masks and the two positive/negative boundary families; the normalized row isolates or specializes Among the 512 non-target subsets, 256 span target and 256 do not","At/proof app:r10-recursive-base, the manuscript requires: Among the 512 non-target subsets, 256 span target and 256 do not",Keep crosswalk; no correction solely for granularity.,medium
N239,Pointed R10 sensitivity witnesses,cert:recursive_base,cert:recursive_base,GRANULARITY_MISMATCH,app:r10-recursive-base,semantic inference,Raw describes Base sensitivity five on both fibers and extremal masks; the normalized row isolates or specializes There are one spanning and one nonspanning R10 subset for which toggling each of five distinct elements reverses target-spanning status. E0521 identifies the base certificate as an input to prop:recursive-r10-sensitivity.,"At/proof app:r10-recursive-base, the manuscript requires: There are one spanning and one nonspanning R10 subset for which toggling each of five distinct elements reverses target-spanning status",Keep crosswalk; no correction solely for granularity.,medium
N240,Pointed R10 closure symmetry,cert:atlas_symmetry,cert:atlas_symmetry,GRANULARITY_MISMATCH,app:r10-exact-source-certificate,semantic inference,Raw describes Complete 720-element automorphism group and port transitivity; the normalized row isolates or specializes Row and column permutations and transposition induce 72 symmetries of the pointed R10 target-closure predicate,"At/proof app:r10-exact-source-certificate, the manuscript requires: Row and column permutations and transposition induce 72 symmetries of the pointed R10 target-closure predicate",Keep crosswalk; no correction solely for granularity.,medium
N240,Pointed R10 closure symmetry,prop:r10-symmetry,prop:r10-symmetry,GRANULARITY_MISMATCH,app:r10-exact-source-certificate,semantic inference,Raw describes Aut(R10) has order 720 and is transitive; the two port polynomials are equivariant under its action and relabeling of weights; the normalized row isolates or specializes Row and column permutations and transposition induce 72 symmetries of the pointed R10 target-closure predicate,"At/proof app:r10-exact-source-certificate, the manuscript requires: Row and column permutations and transposition induce 72 symmetries of the pointed R10 target-closure predicate",Keep crosswalk; no correction solely for granularity.,medium
N241,Free response expansion,interface:relation_extension,interface:relation_extension,GRANULARITY_MISMATCH,subsec:free-response-expansion,semantic inference,"Raw describes Free response basis plus target and the positive relation columns before contraction; the normalized row isolates or specializes From a finite computational factorization, create one free represented generator for each query-response-coordinate, plus a target generator, with inherited response labels","At/proof subsec:free-response-expansion, the manuscript requires: From a finite computational factorization, create one free represented generator for each query-response-coordinate, plus a target generator, with inherited response labels",Keep crosswalk; no correction solely for granularity.,medium
N242,Relation space,def:normal-form-relation-space,def:normal-form-relation-space,AGREEMENT,def:normal-form-relation-space,stated/defined,"Raw describes normal form relation space; normalized states For each positive input, adjoin the vector relation `target − Σ available factorization-coordinate generators`; their span is the relation subspace","At/proof def:normal-form-relation-space, the manuscript requires: For each positive input, adjoin the vector relation `target − Σ available factorization-coordinate generators`; their span is the relation subspace",None.,high
N242,Relation space,interface:relation_extension,interface:relation_extension,GRANULARITY_MISMATCH,def:normal-form-relation-space,stated/defined,"Raw describes Free response basis plus target and the positive relation columns before contraction; the normalized row isolates or specializes For each positive input, adjoin the vector relation `target − Σ available factorization-coordinate generators`; their span is the relation subspace","At/proof def:normal-form-relation-space, the manuscript requires: For each positive input, adjoin the vector relation `target − Σ available factorization-coordinate generators`; their span is the relation subspace",Keep crosswalk; no correction solely for granularity.,medium
N243,Free response generators form basis,interface:relation_extension,interface:relation_extension,GRANULARITY_MISMATCH,prop:relation-fundamental-circuits,stated/defined,Raw describes Free response basis plus target and the positive relation columns before contraction; the normalized row isolates or specializes The response generators and target form a basis before relation contraction,"At/proof prop:relation-fundamental-circuits, the manuscript requires: The response generators and target form a basis before relation contraction",Keep crosswalk; no correction solely for granularity.,medium
N243,Free response generators form basis,prop:relation-fundamental-circuits,prop:relation-fundamental-circuits,GRANULARITY_MISMATCH,prop:relation-fundamental-circuits,stated/defined,"The raw node describes The free response generators and target form a basis before contraction, and each relation element’s fundamental circuit is its nonzero coordinate support together with that element; this is one of 2 normalized clauses at that label: The response generators and target form a basis before relation contraction","At/proof prop:relation-fundamental-circuits, the manuscript requires: The response generators and target form a basis before relation contraction",Keep crosswalk; no correction solely for granularity.,medium
N244,Relation fundamental-circuit support,interface:relation_extension,interface:relation_extension,GRANULARITY_MISMATCH,prop:relation-fundamental-circuits,stated/defined,"Raw describes Free response basis plus target and the positive relation columns before contraction; the normalized row isolates or specializes Each positive relation element has fundamental circuit consisting of itself, target, and precisely its nonzero response generators","At/proof prop:relation-fundamental-circuits, the manuscript requires: Each positive relation element has fundamental circuit consisting of itself, target, and precisely its nonzero response generators",Keep crosswalk; no correction solely for granularity.,medium
N244,Relation fundamental-circuit support,prop:relation-fundamental-circuits,prop:relation-fundamental-circuits,GRANULARITY_MISMATCH,prop:relation-fundamental-circuits,stated/defined,"The raw node describes The free response generators and target form a basis before contraction, and each relation element’s fundamental circuit is its nonzero coordinate support together with that element; this is one of 2 normalized clauses at that label: Each positive relation element has fundamental circuit consisting of itself, target, and precisely its nonzero response generators","At/proof prop:relation-fundamental-circuits, the manuscript requires: Each positive relation element has fundamental circuit consisting of itself, target, and precisely its nonzero response generators",Keep crosswalk; no correction solely for granularity.,medium
N245,Quotient program matroid,def:quotient-normal-form,def:quotient-normal-form,AGREEMENT,def:quotient-normal-form,stated/defined,"Raw describes quotient normal form; normalized states The vector matroid of the images of response and target generators in the quotient by the relation space, retaining each response label","At/proof def:quotient-normal-form, the manuscript requires: The vector matroid of the images of response and target generators in the quotient by the relation space, retaining each response label",None.,high
N246,Quotient equals contraction,prop:quotient-normal-form-contraction,prop:quotient-normal-form-contraction,AGREEMENT,prop:quotient-normal-form-contraction,stated/defined,"Raw describes Contracting the represented positive relation elements produces the quotient normal-form matroid, identically on the surviving labeled ground set; normalized states Adjoining relation elements to the free response vector matroid and contracting all of them gives the quotient normal-form matroid, identically on the surviving ground set","At/proof prop:quotient-normal-form-contraction, the manuscript requires: Adjoining relation elements to the free response vector matroid and contracting all of them gives the quotient normal-form matroid, identically on the surviving ground set",None.,high
N247,Positive quotient closure certificate,interface:quotient_negative_functional,interface:quotient_negative_functional,GRANULARITY_MISMATCH,thm:quotient-normal-form-correct,stated/defined,"Raw describes For each negative input, the explicit functional annihilates all relations and takes target value one; the normalized row isolates or specializes Each positive relation makes quotient target lie in the span/closure of its available generators","At/proof thm:quotient-normal-form-correct, the manuscript requires: Each positive relation makes quotient target lie in the span/closure of its available generators",Keep crosswalk; no correction solely for granularity.,medium
N247,Positive quotient closure certificate,thm:quotient-normal-form-correct,thm:quotient-normal-form-correct,GRANULARITY_MISMATCH,thm:quotient-normal-form-correct,stated/defined,The raw node describes Every computational factorization produces a quotient program whose available vectors span the target exactly on the positive inputs; this is one of 3 normalized clauses at that label: Each positive relation makes quotient target lie in the span/closure of its available generators,"At/proof thm:quotient-normal-form-correct, the manuscript requires: Each positive relation makes quotient target lie in the span/closure of its available generators",Keep crosswalk; no correction solely for granularity.,medium
N248,Negative quotient nonclosure certificate,interface:quotient_negative_functional,interface:quotient_negative_functional,GRANULARITY_MISMATCH,thm:quotient-normal-form-correct,stated/defined,"Raw describes For each negative input, the explicit functional annihilates all relations and takes target value one; the normalized row isolates or specializes A functional annihilating the relation space and available generators but not the target proves target nonclosure","At/proof thm:quotient-normal-form-correct, the manuscript requires: A functional annihilating the relation space and available generators but not the target proves target nonclosure",Keep crosswalk; no correction solely for granularity.,medium
N248,Negative quotient nonclosure certificate,thm:quotient-normal-form-correct,thm:quotient-normal-form-correct,GRANULARITY_MISMATCH,thm:quotient-normal-form-correct,stated/defined,The raw node describes Every computational factorization produces a quotient program whose available vectors span the target exactly on the positive inputs; this is one of 3 normalized clauses at that label: A functional annihilating the relation space and available generators but not the target proves target nonclosure,"At/proof thm:quotient-normal-form-correct, the manuscript requires: A functional annihilating the relation space and available generators but not the target proves target nonclosure",Keep crosswalk; no correction solely for granularity.,medium
N249,Quotient program computes f,interface:quotient_negative_functional,interface:quotient_negative_functional,GRANULARITY_MISMATCH,thm:quotient-normal-form-correct,stated/defined,"Raw describes For each negative input, the explicit functional annihilates all relations and takes target value one; the normalized row isolates or specializes Under the factorization equations, positive and negative closure clauses give the program acceptance rule for f","At/proof thm:quotient-normal-form-correct, the manuscript requires: Under the factorization equations, positive and negative closure clauses give the program acceptance rule for f",Keep crosswalk; no correction solely for granularity.,medium
N249,Quotient program computes f,thm:quotient-normal-form-correct,thm:quotient-normal-form-correct,GRANULARITY_MISMATCH,thm:quotient-normal-form-correct,stated/defined,"The raw node describes Every computational factorization produces a quotient program whose available vectors span the target exactly on the positive inputs; this is one of 3 normalized clauses at that label: Under the factorization equations, positive and negative closure clauses give the program acceptance rule for f","At/proof thm:quotient-normal-form-correct, the manuscript requires: Under the factorization equations, positive and negative closure clauses give the program acceptance rule for f",Keep crosswalk; no correction solely for granularity.,medium
N250,Quotient target modular cut,,,NORMALIZED_ONLY_CANDIDATE,prop:quotient-complementary-rank;thm:quotient-normal-form-correct,semantic inference,No raw node states this atomic obligation at comparable specificity. The quotient-correctness arrows E0577-E0582 have no direct modular-cut input; the separate modular-cut chain E0229-E0231 and E0314 does not state this application-specific cut consequence.,"At/proof prop:quotient-complementary-rank;thm:quotient-normal-form-correct, the manuscript requires: The positive availability flats of the non-target quotient matroid lie in the cut of its target extension and all negative availability flats lie outside it; the raw node list contains no matching standalone obligation.",Consider an explicit raw dependency for this manuscript fact; preserve the frozen normalized row.,medium
N251,Optimal binary quotient program existence,thm:optimal-matroid-normal-form,thm:optimal-matroid-normal-form,GRANULARITY_MISMATCH,thm:optimal-matroid-normal-form;thm:binary-msp-adversary-equality,stated/defined,"The raw node describes For an optimal binary factorization, the explicit quotient representation, its fixed-type infimum, the global program optimum, and the adversary value all coincide; this is one of 2 normalized clauses at that label: An optimal binary computational factorization yields a real-representable response-labeled quotient program computing f","At/proof thm:optimal-matroid-normal-form;thm:binary-msp-adversary-equality, the manuscript requires: An optimal binary computational factorization yields a real-representable response-labeled quotient program computing f",Keep crosswalk; no correction solely for granularity.,medium
N252,Optimal binary value equality,thm:optimal-matroid-normal-form,thm:optimal-matroid-normal-form,GRANULARITY_MISMATCH,thm:optimal-matroid-normal-form;thm:binary-msp-adversary-equality,stated/defined,"The raw node describes For an optimal binary factorization, the explicit quotient representation, its fixed-type infimum, the global program optimum, and the adversary value all coincide; this is one of 2 normalized clauses at that label: The displayed quotient representation, fixed-program infimum and global program infimum equal the adversary value","At/proof thm:optimal-matroid-normal-form;thm:binary-msp-adversary-equality, the manuscript requires: The displayed quotient representation, fixed-program infimum and global program infimum equal the adversary value",Keep crosswalk; no correction solely for granularity.,medium
N253,Finite-response quotient comparison,thm:multiresponse-msp-comparison,thm:multiresponse-msp-comparison,AGREEMENT,thm:multiresponse-msp-comparison,stated/defined,"Raw describes For finite separating response partitions, the global labeled program optimum lies between the adversary bound and sqrt(kappa) times it; binary queries give equality; normalized states For a nonconstant separating query problem admitting a source matroid, the global labeled-program cost lies between the adversary value and `sqrt(max_q(card(B_q)−1))` times that value","At/proof thm:multiresponse-msp-comparison, the manuscript requires: For a nonconstant separating query problem admitting a source matroid, the global labeled-program cost lies between the adversary value and `sqrt(max_q(card(B_q)−1))` times that value",None.,high
N254,Global optimality certificate for a regular program,prop:regular-optimality-certificate,prop:regular-optimality-certificate,AGREEMENT,prop:regular-optimality-certificate,stated/defined,"Raw describes A regular program whose linear-cost infimum matches the adversary value is globally optimal among all represented labeled programs; normalized states If an adversary certificate has value `L` and a regular labeled program has fixed-program cost `L`, then it attains the unrestricted labeled-program optimum","At/proof prop:regular-optimality-certificate, the manuscript requires: If an adversary certificate has value `L` and a regular labeled program has fixed-program cost `L`, then it attains the unrestricted labeled-program optimum",None.,high
N255,R10 connectedness,ext:r10_connected,ext:r10_connected,GRANULARITY_MISMATCH,lem:r10-targeted-query-matroid,semantic inference,"Raw describes R10 is connected: every element has a target circuit witness; the normalized row isolates or specializes The displayed R10 is connected, supporting the common-circuit argument for every target/non-target pair and proper recursive attachments","At/proof lem:r10-targeted-query-matroid, the manuscript requires: The displayed R10 is connected, supporting the common-circuit argument for every target/non-target pair and proper recursive attachments",Keep crosswalk; no correction solely for granularity.,medium
N256,Binary cycle symmetric difference,,,NORMALIZED_ONLY_CANDIDATE,def:matroid-cycle,semantic inference,No raw node states this atomic obligation at comparable specificity.,"At/proof def:matroid-cycle, the manuscript requires: Cycles of a regular matroid are closed under symmetric difference because regular matroids are binary; the raw node list contains no matching standalone obligation.",Consider an explicit raw dependency for this manuscript fact; preserve the frozen normalized row.,medium
N257,Rank-one uniform regularity,prop:grover-program-value,prop:grover-program-value,GRANULARITY_MISMATCH,prop:grover-program-value,semantic inference,"Raw describes The usual rank-one regular OR program has optimized linear cost sqrt(n); the normalized row isolates or specializes U_{1,n+1} is regular, witnessed by an all-ones one-row TU representation","At/proof prop:grover-program-value, the manuscript requires: U_{1,n+1} is regular, witnessed by an all-ones one-row TU representation",Keep crosswalk; no correction solely for granularity.,medium
N258,Incidence representation of a graphic matroid,ext:graphic_basics,ext:graphic_basics,GRANULARITY_MISMATCH,sec:introduction,semantic inference,"Raw describes Cycle matroids, graph planar duals, K3,3 minors and parallel extensions; the normalized row isolates or specializes A graph's edge-incidence vector configuration has exactly its cycle dependencies and therefore represents its graphic matroid","At/proof sec:introduction, the manuscript requires: A graph's edge-incidence vector configuration has exactly its cycle dependencies and therefore represents its graphic matroid",Keep crosswalk; no correction solely for granularity.,medium
N259,OR source matroid,,,NORMALIZED_ONLY_CANDIDATE,sec:grover-example,semantic inference,No raw node states this atomic obligation at comparable specificity.,"At/proof sec:grover-example, the manuscript requires: For OR_n all coordinate queries are essential, giving targeted source matroid U_{n,n+1}; the raw node list contains no matching standalone obligation.",Review raw graph coverage against the cited manuscript location; leave frozen ledger unchanged.,medium
N260,OR positive-response program matroid,prop:grover-program-value,prop:grover-program-value,GRANULARITY_MISMATCH,prop:grover-program-value,semantic inference,"Raw describes The usual rank-one regular OR program has optimized linear cost sqrt(n); the normalized row isolates or specializes The displayed OR program has matroid U_{1,n+1} and accepts exactly nonempty available sets","At/proof prop:grover-program-value, the manuscript requires: The displayed OR program has matroid U_{1,n+1} and accepts exactly nonempty available sets",Keep crosswalk; no correction solely for granularity.,medium
N261,TU row restriction,thm:regular-matroid-energy,thm:regular-matroid-energy,GRANULARITY_MISMATCH,thm:regular-matroid-energy,semantic inference,"Raw describes Each positive energy of a regular program is a target-inclusion basis ratio on a restriction minor; each negative energy is the reciprocal ratio on a contraction minor, with the coloop case equal to zero; the normalized row isolates or specializes Retaining a row basis from a column restriction of a TU matrix gives a full-row-rank TU matrix","At/proof thm:regular-matroid-energy, the manuscript requires: Retaining a row basis from a column restriction of a TU matrix gives a full-row-rank TU matrix",Keep crosswalk; no correction solely for granularity.,medium
N262,Row-restriction matroid equivalence,thm:regular-matroid-energy,thm:regular-matroid-energy,GRANULARITY_MISMATCH,thm:regular-matroid-energy,semantic inference,"Raw describes Each positive energy of a regular program is a target-inclusion basis ratio on a restriction minor; each negative energy is the reciprocal ratio on a contraction minor, with the coloop case equal to zero; the normalized row isolates or specializes Removing dependent rows preserves the restricted column matroid and its target reconstruction equations","At/proof thm:regular-matroid-energy, the manuscript requires: Removing dependent rows preserves the restricted column matroid and its target reconstruction equations",Keep crosswalk; no correction solely for granularity.,medium
N263,Maximal nonspanning sets,ext:matroid_basic,ext:matroid_basic,GRANULARITY_MISMATCH,lem:r10-boundary-inputs,semantic inference,"Raw describes Finite matroid closure, exchange, rank, bases, duality and hyperplanes; the normalized row isolates or specializes For a nonloop target `τ`, an inclusion-maximal subset of the other elements that does not span `τ` is a hyperplane avoiding `τ`; its complement is a cocircuit containing `τ`","At/proof lem:r10-boundary-inputs, the manuscript requires: For a nonloop target `τ`, an inclusion-maximal subset of the other elements that does not span `τ` is a hyperplane avoiding `τ`; its complement is a cocircuit containing `τ`",Keep crosswalk; no correction solely for granularity.,medium
N264,Graphic target-edge closure,ext:graphic_basics,ext:graphic_basics,GRANULARITY_MISMATCH,prop:r10-regular-route-b,semantic inference,"Raw describes Cycle matroids, graph planar duals, K3,3 minors and parallel extensions; the normalized row isolates or specializes In a graphic matroid, an edge is in the closure of an edge set exactly when its endpoints are joined by a path in that set","At/proof prop:r10-regular-route-b, the manuscript requires: In a graphic matroid, an edge is in the closure of an edge set exactly when its endpoints are joined by a path in that set",Keep crosswalk; no correction solely for granularity.,medium
N265,Port blocker relation,thm:singleton-fiber-scalarization,thm:singleton-fiber-scalarization,GRANULARITY_MISMATCH,thm:singleton-fiber-scalarization,semantic inference,"Raw describes With one output fiber a singleton, the squared adversary value is a fractional packing/covering optimum, whose covering constraints reduce to target cocircuits; the normalized row isolates or specializes The minimal non-target sets hitting every target circuit are the non-target parts of target cocircuits, for a nonloop pointed matroid","At/proof thm:singleton-fiber-scalarization, the manuscript requires: The minimal non-target sets hitting every target circuit are the non-target parts of target cocircuits, for a nonloop pointed matroid",Keep crosswalk; no correction solely for granularity.,medium
,,cert:adversary_lower,cert:adversary_lower,NON_MATROID_RAW_NODE,thm:r10-source-interval,raw reverse pass,"Raw manuscript-wide node concerns general mathematics, application/optimization context, implementation data, or a certificate rather than an additional standalone matroid obligation.","At/use thm:r10-source-interval, Rational 87 by 51 lower adversary, all nine filtered PSD inequalities and strict Rayleigh lower threshold.",No Matroid-ledger correction proposed.,medium
,,cert:adversary_upper,cert:adversary_upper,NON_MATROID_RAW_NODE,thm:r10-source-interval,raw reverse pass,"Raw manuscript-wide node concerns general mathematics, application/optimization context, implementation data, or a certificate rather than an additional standalone matroid obligation.","At/use thm:r10-source-interval, Dyadic base factors, exact residual repair and strict 3.9301 upper bound.",No Matroid-ledger correction proposed.,medium
,,cert:classical_fbs,cert:classical_fbs,NON_MATROID_RAW_NODE,,raw reverse pass,"Raw manuscript-wide node concerns general mathematics, application/optimization context, implementation data, or a certificate rather than an additional standalone matroid obligation.",No standalone TeX label in the raw node; its description says Supplementary fractional-block-sensitivity primal/dual certificates.,No Matroid-ledger correction proposed.,medium
,,cert:classical_sabotage,cert:classical_sabotage,NON_MATROID_RAW_NODE,,raw reverse pass,"Raw manuscript-wide node concerns general mathematics, application/optimization context, implementation data, or a certificate rather than an additional standalone matroid obligation.",No standalone TeX label in the raw node; its description says Supplementary exact sabotage policy and dual lower bound.,No Matroid-ledger correction proposed.,medium
,,cert:r10_source,cert:r10_source,NON_MATROID_RAW_NODE,thm:r10-source-interval,raw reverse pass,"Raw manuscript-wide node concerns general mathematics, application/optimization context, implementation data, or a certificate rather than an additional standalone matroid obligation.","At/use thm:r10-source-interval, Predicate and mask/filter conventions.",No Matroid-ledger correction proposed.,medium
,,def:amplitude-readout,def:amplitude-readout,NON_MATROID_RAW_NODE,def:amplitude-readout,raw reverse pass,"Raw manuscript-wide node concerns general mathematics, application/optimization context, implementation data, or a certificate rather than an additional standalone matroid obligation.","At/use def:amplitude-readout, amplitude readout",No Matroid-ledger correction proposed.,medium
,,def:balanced-recombination,def:balanced-recombination,NON_MATROID_RAW_NODE,def:balanced-recombination,raw reverse pass,"Raw manuscript-wide node concerns general mathematics, application/optimization context, implementation data, or a certificate rather than an additional standalone matroid obligation.","At/use def:balanced-recombination, balanced recombination",No Matroid-ledger correction proposed.,medium
,,def:common-refinement,def:common-refinement,NON_MATROID_RAW_NODE,def:common-refinement,raw reverse pass,"Raw manuscript-wide node concerns general mathematics, application/optimization context, implementation data, or a certificate rather than an additional standalone matroid obligation.","At/use def:common-refinement, common refinement",No Matroid-ledger correction proposed.,medium
,,def:computational-factorization,def:computational-factorization,NON_MATROID_RAW_NODE,def:computational-factorization,raw reverse pass,"Raw manuscript-wide node concerns general mathematics, application/optimization context, implementation data, or a certificate rather than an additional standalone matroid obligation.","At/use def:computational-factorization, computational factorization",No Matroid-ledger correction proposed.,medium
,,def:configuration-amplitude,def:configuration-amplitude,NON_MATROID_RAW_NODE,def:configuration-amplitude,raw reverse pass,"Raw manuscript-wide node concerns general mathematics, application/optimization context, implementation data, or a certificate rather than an additional standalone matroid obligation.","At/use def:configuration-amplitude, configuration amplitude",No Matroid-ledger correction proposed.,medium
,,def:configuration-arena,def:configuration-arena,NON_MATROID_RAW_NODE,def:configuration-arena,raw reverse pass,"Raw manuscript-wide node concerns general mathematics, application/optimization context, implementation data, or a certificate rather than an additional standalone matroid obligation.","At/use def:configuration-arena, configuration arena",No Matroid-ledger correction proposed.,medium
,,def:correlation-kernel,def:correlation-kernel,NON_MATROID_RAW_NODE,def:correlation-kernel,raw reverse pass,"Raw manuscript-wide node concerns general mathematics, application/optimization context, implementation data, or a certificate rather than an additional standalone matroid obligation.","At/use def:correlation-kernel, correlation kernel",No Matroid-ledger correction proposed.,medium
,,def:correlation-transport,def:correlation-transport,NON_MATROID_RAW_NODE,def:correlation-transport,raw reverse pass,"Raw manuscript-wide node concerns general mathematics, application/optimization context, implementation data, or a certificate rather than an additional standalone matroid obligation.","At/use def:correlation-transport, correlation transport",No Matroid-ledger correction proposed.,medium
,,def:correlation-transport-lagrangian,def:correlation-transport-lagrangian,NON_MATROID_RAW_NODE,def:correlation-transport-lagrangian,raw reverse pass,"Raw manuscript-wide node concerns general mathematics, application/optimization context, implementation data, or a certificate rather than an additional standalone matroid obligation.","At/use def:correlation-transport-lagrangian, correlation transport lagrangian",No Matroid-ledger correction proposed.,medium
,,def:correlation-transport-value,def:correlation-transport-value,NON_MATROID_RAW_NODE,def:correlation-transport-value,raw reverse pass,"Raw manuscript-wide node concerns general mathematics, application/optimization context, implementation data, or a certificate rather than an additional standalone matroid obligation.","At/use def:correlation-transport-value, correlation transport value",No Matroid-ledger correction proposed.,medium
,,def:fiber-partition,def:fiber-partition,NON_MATROID_RAW_NODE,def:fiber-partition,raw reverse pass,"Raw manuscript-wide node concerns general mathematics, application/optimization context, implementation data, or a certificate rather than an additional standalone matroid obligation.","At/use def:fiber-partition, fiber partition",No Matroid-ledger correction proposed.,medium
,,def:general-adversary-bound-weighted,def:general-adversary-bound-weighted,NON_MATROID_RAW_NODE,def:general-adversary-bound-weighted,raw reverse pass,"Raw manuscript-wide node concerns general mathematics, application/optimization context, implementation data, or a certificate rather than an additional standalone matroid obligation.","At/use def:general-adversary-bound-weighted, general adversary bound weighted",No Matroid-ledger correction proposed.,medium
,,def:negative-separation-energy,def:negative-separation-energy,NON_MATROID_RAW_NODE,def:negative-separation-energy,raw reverse pass,"Raw manuscript-wide node concerns general mathematics, application/optimization context, implementation data, or a certificate rather than an additional standalone matroid obligation.","At/use def:negative-separation-energy, negative separation energy",No Matroid-ledger correction proposed.,medium
,,def:partition,def:partition,NON_MATROID_RAW_NODE,def:partition,raw reverse pass,"Raw manuscript-wide node concerns general mathematics, application/optimization context, implementation data, or a certificate rather than an additional standalone matroid obligation.","At/use def:partition, partition",No Matroid-ledger correction proposed.,medium
,,def:partition-refinement,def:partition-refinement,NON_MATROID_RAW_NODE,def:partition-refinement,raw reverse pass,"Raw manuscript-wide node concerns general mathematics, application/optimization context, implementation data, or a certificate rather than an additional standalone matroid obligation.","At/use def:partition-refinement, partition refinement",No Matroid-ledger correction proposed.,medium
,,def:phase-address,def:phase-address,NON_MATROID_RAW_NODE,def:phase-address,raw reverse pass,"Raw manuscript-wide node concerns general mathematics, application/optimization context, implementation data, or a certificate rather than an additional standalone matroid obligation.","At/use def:phase-address, phase address",No Matroid-ledger correction proposed.,medium
,,def:phase-assignment,def:phase-assignment,NON_MATROID_RAW_NODE,def:phase-assignment,raw reverse pass,"Raw manuscript-wide node concerns general mathematics, application/optimization context, implementation data, or a certificate rather than an additional standalone matroid obligation.","At/use def:phase-assignment, phase assignment",No Matroid-ledger correction proposed.,medium
,,def:phase-query,def:phase-query,NON_MATROID_RAW_NODE,def:phase-query,raw reverse pass,"Raw manuscript-wide node concerns general mathematics, application/optimization context, implementation data, or a certificate rather than an additional standalone matroid obligation.","At/use def:phase-query, phase query",No Matroid-ledger correction proposed.,medium
,,def:positive-kernel,def:positive-kernel,NON_MATROID_RAW_NODE,def:positive-kernel,raw reverse pass,"Raw manuscript-wide node concerns general mathematics, application/optimization context, implementation data, or a certificate rather than an additional standalone matroid obligation.","At/use def:positive-kernel, positive kernel",No Matroid-ledger correction proposed.,medium
,,def:positive-reconstruction-energy,def:positive-reconstruction-energy,NON_MATROID_RAW_NODE,def:positive-reconstruction-energy,raw reverse pass,"Raw manuscript-wide node concerns general mathematics, application/optimization context, implementation data, or a certificate rather than an additional standalone matroid obligation.","At/use def:positive-reconstruction-energy, positive reconstruction energy",No Matroid-ledger correction proposed.,medium
,,def:power-law-carrier,def:power-law-carrier,NON_MATROID_RAW_NODE,def:power-law-carrier,raw reverse pass,"Raw manuscript-wide node concerns general mathematics, application/optimization context, implementation data, or a certificate rather than an additional standalone matroid obligation.","At/use def:power-law-carrier, power law carrier",No Matroid-ledger correction proposed.,medium
,,def:quantum-query-circuit,def:quantum-query-circuit,NON_MATROID_RAW_NODE,def:quantum-query-circuit,raw reverse pass,"Raw manuscript-wide node concerns general mathematics, application/optimization context, implementation data, or a certificate rather than an additional standalone matroid obligation.","At/use def:quantum-query-circuit, quantum query circuit",No Matroid-ledger correction proposed.,medium
,,def:quantum-query-complexity,def:quantum-query-complexity,NON_MATROID_RAW_NODE,def:quantum-query-complexity,raw reverse pass,"Raw manuscript-wide node concerns general mathematics, application/optimization context, implementation data, or a certificate rather than an additional standalone matroid obligation.","At/use def:quantum-query-complexity, quantum query complexity",No Matroid-ledger correction proposed.,medium
,,def:query-gate,def:query-gate,NON_MATROID_RAW_NODE,def:query-gate,raw reverse pass,"Raw manuscript-wide node concerns general mathematics, application/optimization context, implementation data, or a certificate rather than an additional standalone matroid obligation.","At/use def:query-gate, query gate",No Matroid-ledger correction proposed.,medium
,,def:query-separation,def:query-separation,NON_MATROID_RAW_NODE,def:query-separation,raw reverse pass,"Raw manuscript-wide node concerns general mathematics, application/optimization context, implementation data, or a certificate rather than an additional standalone matroid obligation.","At/use def:query-separation, query separation",No Matroid-ledger correction proposed.,medium
,,def:query-set-separates-function,def:query-set-separates-function,NON_MATROID_RAW_NODE,def:query-set-separates-function,raw reverse pass,"Raw manuscript-wide node concerns general mathematics, application/optimization context, implementation data, or a certificate rather than an additional standalone matroid obligation.","At/use def:query-set-separates-function, query set separates function",No Matroid-ledger correction proposed.,medium
,,def:recombination,def:recombination,NON_MATROID_RAW_NODE,def:recombination,raw reverse pass,"Raw manuscript-wide node concerns general mathematics, application/optimization context, implementation data, or a certificate rather than an additional standalone matroid obligation.","At/use def:recombination, recombination",No Matroid-ledger correction proposed.,medium
,,def:reconstruction-set,def:reconstruction-set,NON_MATROID_RAW_NODE,def:reconstruction-set,raw reverse pass,"Raw manuscript-wide node concerns general mathematics, application/optimization context, implementation data, or a certificate rather than an additional standalone matroid obligation.","At/use def:reconstruction-set, reconstruction set",No Matroid-ledger correction proposed.,medium
,,def:recursive-r10-function,def:recursive-r10-function,NON_MATROID_RAW_NODE,def:recursive-r10-function,raw reverse pass,"Raw manuscript-wide node concerns general mathematics, application/optimization context, implementation data, or a certificate rather than an additional standalone matroid obligation.","At/use def:recursive-r10-function, recursive r10 function",No Matroid-ledger correction proposed.,medium
,,def:representable-matroid-span-program-class,def:representable-matroid-span-program-class,NON_MATROID_RAW_NODE,def:representable-matroid-span-program-class,raw reverse pass,"Raw manuscript-wide node concerns general mathematics, application/optimization context, implementation data, or a certificate rather than an additional standalone matroid obligation.","At/use def:representable-matroid-span-program-class, representable matroid span program class",No Matroid-ledger correction proposed.,medium
,,def:representation-cost,def:representation-cost,NON_MATROID_RAW_NODE,def:representation-cost,raw reverse pass,"Raw manuscript-wide node concerns general mathematics, application/optimization context, implementation data, or a certificate rather than an additional standalone matroid obligation.","At/use def:representation-cost, representation cost",No Matroid-ledger correction proposed.,medium
,,def:response-labeled-span-program,def:response-labeled-span-program,NON_MATROID_RAW_NODE,def:response-labeled-span-program,raw reverse pass,"Raw manuscript-wide node concerns general mathematics, application/optimization context, implementation data, or a certificate rather than an additional standalone matroid obligation.","At/use def:response-labeled-span-program, response labeled span program",No Matroid-ledger correction proposed.,medium
,,def:reversible-classical-gate,def:reversible-classical-gate,NON_MATROID_RAW_NODE,def:reversible-classical-gate,raw reverse pass,"Raw manuscript-wide node concerns general mathematics, application/optimization context, implementation data, or a certificate rather than an additional standalone matroid obligation.","At/use def:reversible-classical-gate, reversible classical gate",No Matroid-ledger correction proposed.,medium
,,def:routing-norm,def:routing-norm,NON_MATROID_RAW_NODE,def:routing-norm,raw reverse pass,"Raw manuscript-wide node concerns general mathematics, application/optimization context, implementation data, or a certificate rather than an additional standalone matroid obligation.","At/use def:routing-norm, routing norm",No Matroid-ledger correction proposed.,medium
,,def:separation-set,def:separation-set,NON_MATROID_RAW_NODE,def:separation-set,raw reverse pass,"Raw manuscript-wide node concerns general mathematics, application/optimization context, implementation data, or a certificate rather than an additional standalone matroid obligation.","At/use def:separation-set, separation set",No Matroid-ledger correction proposed.,medium
,,def:span-program,def:span-program,NON_MATROID_RAW_NODE,def:span-program,raw reverse pass,"Raw manuscript-wide node concerns general mathematics, application/optimization context, implementation data, or a certificate rather than an additional standalone matroid obligation.","At/use def:span-program, span program",No Matroid-ledger correction proposed.,medium
,,ext:adversary_composition,ext:adversary_composition,NON_MATROID_RAW_NODE,thm:recursive-r10-comparison,raw reverse pass,"Raw manuscript-wide node concerns general mathematics, application/optimization context, implementation data, or a certificate rather than an additional standalone matroid obligation.","At/use thm:recursive-r10-comparison, Exact weighted Boolean adversary composition, including unequal input costs.",No Matroid-ledger correction proposed.,medium
,,ext:adversary_tightness,ext:adversary_tightness,NON_MATROID_RAW_NODE,thm:recursive-r10-comparison,raw reverse pass,"Raw manuscript-wide node concerns general mathematics, application/optimization context, implementation data, or a certificate rather than an additional standalone matroid obligation.","At/use thm:recursive-r10-comparison, Bounded-error Boolean quantum query complexity is Theta(general adversary).",No Matroid-ledger correction proposed.,medium
,,ext:affine_minimization,ext:affine_minimization,NON_MATROID_RAW_NODE,prop:representation-energy-attainment,raw reverse pass,"Raw manuscript-wide node concerns general mathematics, application/optimization context, implementation data, or a certificate rather than an additional standalone matroid obligation.","At/use prop:representation-energy-attainment, Minimum Euclidean norm on a nonempty affine subspace",No Matroid-ledger correction proposed.,medium
,,ext:cauchy_schwarz,ext:cauchy_schwarz,NON_MATROID_RAW_NODE,prop:r10-natural-program-cost,raw reverse pass,"Raw manuscript-wide node concerns general mathematics, application/optimization context, implementation data, or a certificate rather than an additional standalone matroid obligation.","At/use prop:r10-natural-program-cost, Cauchy–Schwarz for finite real vectors",No Matroid-ledger correction proposed.,medium
,,ext:exact_psd_checker,ext:exact_psd_checker,NON_MATROID_RAW_NODE,thm:r10-source-interval,raw reverse pass,"Raw manuscript-wide node concerns general mathematics, application/optimization context, implementation data, or a certificate rather than an additional standalone matroid obligation.","At/use thm:r10-source-interval, Soundness of rational LDL/Gram certificates and embedding their inequalities in real PSD/operator norms.",No Matroid-ledger correction proposed.,medium
,,ext:finite_compactness,ext:finite_compactness,NON_MATROID_RAW_NODE,prop:adversary-attainment,raw reverse pass,"Raw manuscript-wide node concerns general mathematics, application/optimization context, implementation data, or a certificate rather than an additional standalone matroid obligation.","At/use prop:adversary-attainment, Finite-dimensional compactness and extreme-value theorem",No Matroid-ledger correction proposed.,medium
,,ext:finite_group_actions,ext:finite_group_actions,NON_MATROID_RAW_NODE,prop:r10-symmetry,raw reverse pass,"Raw manuscript-wide node concerns general mathematics, application/optimization context, implementation data, or a certificate rather than an additional standalone matroid obligation.","At/use prop:r10-symmetry, Finite permutation groups, stabilizers and orbit partitions",No Matroid-ledger correction proposed.,medium
,,ext:finite_induction,ext:finite_induction,NON_MATROID_RAW_NODE,def:recursive-r10-function,raw reverse pass,"Raw manuscript-wide node concerns general mathematics, application/optimization context, implementation data, or a certificate rather than an additional standalone matroid obligation.","At/use def:recursive-r10-function, Natural-number recursion, induction and disjoint finite products",No Matroid-ledger correction proposed.,medium
,,ext:finite_probability,ext:finite_probability,NON_MATROID_RAW_NODE,def:amplitude-readout,raw reverse pass,"Raw manuscript-wide node concerns general mathematics, application/optimization context, implementation data, or a certificate rather than an additional standalone matroid obligation.","At/use def:amplitude-readout, Finite probability, projective readout and norm identities",No Matroid-ledger correction proposed.,medium
,,ext:finite_products,ext:finite_products,NON_MATROID_RAW_NODE,def:recursive-r10-function,raw reverse pass,"Raw manuscript-wide node concerns general mathematics, application/optimization context, implementation data, or a certificate rather than an additional standalone matroid obligation.","At/use def:recursive-r10-function, Finite coordinate products and interpolation between inputs",No Matroid-ledger correction proposed.,medium
,,ext:finite_sets,ext:finite_sets,NON_MATROID_RAW_NODE,def:matroid,raw reverse pass,"Raw manuscript-wide node concerns general mathematics, application/optimization context, implementation data, or a certificate rather than an additional standalone matroid obligation.","At/use def:matroid, Finite sums, products, subsets, cardinalities and decidable equality",No Matroid-ledger correction proposed.,medium
,,ext:infima,ext:infima,NON_MATROID_RAW_NODE,def:quantum-query-complexity,raw reverse pass,"Raw manuscript-wide node concerns general mathematics, application/optimization context, implementation data, or a certificate rather than an additional standalone matroid obligation.","At/use def:quantum-query-complexity, Infima/suprema, monotonicity and extended nonnegative real values",No Matroid-ledger correction proposed.,medium
,,ext:inner_product,ext:inner_product,NON_MATROID_RAW_NODE,def:configuration-amplitude,raw reverse pass,"Raw manuscript-wide node concerns general mathematics, application/optimization context, implementation data, or a certificate rather than an additional standalone matroid obligation.","At/use def:configuration-amplitude, Finite real inner products and polarization",No Matroid-ledger correction proposed.,medium
,,ext:linear_basis,ext:linear_basis,NON_MATROID_RAW_NODE,def:matroid-representability,raw reverse pass,"Raw manuscript-wide node concerns general mathematics, application/optimization context, implementation data, or a certificate rather than an additional standalone matroid obligation.","At/use def:matroid-representability, Finite bases, spans, coordinate maps and linear independence",No Matroid-ledger correction proposed.,medium
,,ext:linear_equiv,ext:linear_equiv,NON_MATROID_RAW_NODE,def:projective-equivalence,raw reverse pass,"Raw manuscript-wide node concerns general mathematics, application/optimization context, implementation data, or a certificate rather than an additional standalone matroid obligation.","At/use def:projective-equivalence, Linear equivalences and inverse coordinate transformations",No Matroid-ledger correction proposed.,medium
,,ext:linear_quotient,ext:linear_quotient,NON_MATROID_RAW_NODE,def:quotient-normal-form,raw reverse pass,"Raw manuscript-wide node concerns general mathematics, application/optimization context, implementation data, or a certificate rather than an additional standalone matroid obligation.","At/use def:quotient-normal-form, Submodule quotients, induced maps and quotient dimensions",No Matroid-ledger correction proposed.,medium
,,ext:linear_separation,ext:linear_separation,NON_MATROID_RAW_NODE,def:separation-set,raw reverse pass,"Raw manuscript-wide node concerns general mathematics, application/optimization context, implementation data, or a certificate rather than an additional standalone matroid obligation.","At/use def:separation-set, Finite-dimensional annihilator separation and dual bases",No Matroid-ledger correction proposed.,medium
,,ext:lp_duality,ext:lp_duality,NON_MATROID_RAW_NODE,thm:singleton-fiber-scalarization,raw reverse pass,"Raw manuscript-wide node concerns general mathematics, application/optimization context, implementation data, or a certificate rather than an additional standalone matroid obligation.","At/use thm:singleton-fiber-scalarization, Finite feasible bounded linear programs have equal primal/dual optima.",No Matroid-ledger correction proposed.,medium
,,ext:matrix_norms,ext:matrix_norms,NON_MATROID_RAW_NODE,def:general-adversary-bound-weighted,raw reverse pass,"Raw manuscript-wide node concerns general mathematics, application/optimization context, implementation data, or a certificate rather than an additional standalone matroid obligation.","At/use def:general-adversary-bound-weighted, Finite real matrices and Euclidean operator norm inequalities",No Matroid-ledger correction proposed.,medium
,,ext:matrix_spectral,ext:matrix_spectral,NON_MATROID_RAW_NODE,lem:bipartite-spectrum,raw reverse pass,"Raw manuscript-wide node concerns general mathematics, application/optimization context, implementation data, or a certificate rather than an additional standalone matroid obligation.","At/use lem:bipartite-spectrum, Finite real spectral theorem, singular values and symmetric dilation",No Matroid-ledger correction proposed.,medium
,,ext:mobius,ext:mobius,NON_MATROID_RAW_NODE,prop:mobius-source-potential,raw reverse pass,"Raw manuscript-wide node concerns general mathematics, application/optimization context, implementation data, or a certificate rather than an additional standalone matroid obligation.","At/use prop:mobius-source-potential, Finite-poset zeta/Mobius inversion.",No Matroid-ledger correction proposed.,medium
,,ext:norm_duality,ext:norm_duality,NON_MATROID_RAW_NODE,def:routing-norm,raw reverse pass,"Raw manuscript-wide node concerns general mathematics, application/optimization context, implementation data, or a certificate rather than an additional standalone matroid obligation.","At/use def:routing-norm, Finite-dimensional quotient-norm, operator/nuclear norm duality.",No Matroid-ledger correction proposed.,medium
,,ext:orthogonal_unitary,ext:orthogonal_unitary,NON_MATROID_RAW_NODE,thm:standard-quantum-equivalence,raw reverse pass,"Raw manuscript-wide node concerns general mathematics, application/optimization context, implementation data, or a certificate rather than an additional standalone matroid obligation.","At/use thm:standard-quantum-equivalence, Orthogonal maps are unitary after complexification",No Matroid-ledger correction proposed.,medium
,,ext:partition_lattice,ext:partition_lattice,NON_MATROID_RAW_NODE,prop:query-closure-operator,raw reverse pass,"Raw manuscript-wide node concerns general mathematics, application/optimization context, implementation data, or a certificate rather than an additional standalone matroid obligation.","At/use prop:query-closure-operator, Equivalence relations, quotient blocks and partition lattice",No Matroid-ledger correction proposed.,medium
,,ext:partition_pinching,ext:partition_pinching,NON_MATROID_RAW_NODE,prop:mobius-source-potential,raw reverse pass,"Raw manuscript-wide node concerns general mathematics, application/optimization context, implementation data, or a certificate rather than an additional standalone matroid obligation.","At/use prop:mobius-source-potential, Block-diagonal conditional expectation is operator-norm contractive.",No Matroid-ledger correction proposed.,medium
,,ext:psd_gram,ext:psd_gram,NON_MATROID_RAW_NODE,def:positive-kernel,raw reverse pass,"Raw manuscript-wide node concerns general mathematics, application/optimization context, implementation data, or a certificate rather than an additional standalone matroid obligation.","At/use def:positive-kernel, PSD quadratic forms, Gram factorization and finite real inner products",No Matroid-ledger correction proposed.,medium
,,ext:quadratic_minimum,ext:quadratic_minimum,NON_MATROID_RAW_NODE,thm:regular-matroid-energy,raw reverse pass,"Raw manuscript-wide node concerns general mathematics, application/optimization context, implementation data, or a certificate rather than an additional standalone matroid obligation.","At/use thm:regular-matroid-energy, Full-row-rank constrained quadratic minimum and Schur-complement/determinant ratio.",No Matroid-ledger correction proposed.,medium
,,ext:randomized_sensitivity,ext:randomized_sensitivity,NON_MATROID_RAW_NODE,thm:recursive-r10-randomized-lower,raw reverse pass,"Raw manuscript-wide node concerns general mathematics, application/optimization context, implementation data, or a certificate rather than an additional standalone matroid obligation.","At/use thm:recursive-r10-randomized-lower, Coupled-transcript expected-query lower bound (1-2 epsilon) times sensitivity.",No Matroid-ledger correction proposed.,medium
,,ext:rank_nullity,ext:rank_nullity,NON_MATROID_RAW_NODE,prop:quotient-complementary-rank,raw reverse pass,"Raw manuscript-wide node concerns general mathematics, application/optimization context, implementation data, or a certificate rather than an additional standalone matroid obligation.","At/use prop:quotient-complementary-rank, Rank-nullity, annihilators and independent rank lower bounds",No Matroid-ledger correction proposed.,medium
,,ext:rank_two_determinant,ext:rank_two_determinant,NON_MATROID_RAW_NODE,prop:regular-triangle-identity,raw reverse pass,"Raw manuscript-wide node concerns general mathematics, application/optimization context, implementation data, or a certificate rather than an additional standalone matroid obligation.","At/use prop:regular-triangle-identity, Two-dimensional determinant identity and positivity",No Matroid-ledger correction proposed.,medium
,,ext:real_order,ext:real_order,NON_MATROID_RAW_NODE,def:representation-cost,raw reverse pass,"Raw manuscript-wide node concerns general mathematics, application/optimization context, implementation data, or a certificate rather than an additional standalone matroid obligation.","At/use def:representation-cost, Real ordered-field arithmetic and square-root identities",No Matroid-ledger correction proposed.,medium
,,ext:real_powers,ext:real_powers,NON_MATROID_RAW_NODE,def:power-law-carrier,raw reverse pass,"Raw manuscript-wide node concerns general mathematics, application/optimization context, implementation data, or a certificate rather than an additional standalone matroid obligation.","At/use def:power-law-carrier, Real power identities under positivity assumptions",No Matroid-ledger correction proposed.,medium
,,ext:realification,ext:realification,NON_MATROID_RAW_NODE,thm:standard-quantum-equivalence,raw reverse pass,"Raw manuscript-wide node concerns general mathematics, application/optimization context, implementation data, or a certificate rather than an additional standalone matroid obligation.","At/use thm:standard-quantum-equivalence, Complex unitary evolution embeds in real orthogonal evolution, preserving probabilities.",No Matroid-ledger correction proposed.,medium
,,ext:scalar_balance,ext:scalar_balance,NON_MATROID_RAW_NODE,prop:representation-balance,raw reverse pass,"Raw manuscript-wide node concerns general mathematics, application/optimization context, implementation data, or a certificate rather than an additional standalone matroid obligation.","At/use prop:representation-balance, Infimum of max(alpha^2 P,alpha^-2 N) and zero-limit cases",No Matroid-ledger correction proposed.,medium
,,ext:simplex_extreme_points,ext:simplex_extreme_points,NON_MATROID_RAW_NODE,thm:permutation-wall,raw reverse pass,"Raw manuscript-wide node concerns general mathematics, application/optimization context, implementation data, or a certificate rather than an additional standalone matroid obligation.","At/use thm:permutation-wall, Extreme points of a finite probability simplex",No Matroid-ledger correction proposed.,medium
,,ext:slater,ext:slater,NON_MATROID_RAW_NODE,prop:correlation-transport-dual,raw reverse pass,"Raw manuscript-wide node concerns general mathematics, application/optimization context, implementation data, or a certificate rather than an additional standalone matroid obligation.","At/use prop:correlation-transport-dual, Finite-dimensional SDP strong duality under strict feasibility.",No Matroid-ledger correction proposed.,medium
,,ext:walsh_kickback,ext:walsh_kickback,NON_MATROID_RAW_NODE,thm:standard-quantum-equivalence,raw reverse pass,"Raw manuscript-wide node concerns general mathematics, application/optimization context, implementation data, or a certificate rather than an additional standalone matroid obligation.","At/use thm:standard-quantum-equivalence, Walsh transform and phase kickback for the specified one-hot XOR oracle.",No Matroid-ledger correction proposed.,medium
,,interface:factorization_upper_bound,interface:factorization_upper_bound,NON_MATROID_RAW_NODE,thm:r10-source-interval,raw reverse pass,"Raw manuscript-wide node concerns general mathematics, application/optimization context, implementation data, or a certificate rather than an additional standalone matroid obligation.","At/use thm:r10-source-interval, For unit query costs, any exact finite separating-pair factorization with positive and negative loads P,N gives Adv <= sqrt(PN). No minimizer or strong duality is needed.",No Matroid-ledger correction proposed.,medium
,,interface:k4_signature,interface:k4_signature,RAW_ONLY_CANDIDATE,eq:k4-five-sums;thm:seymour-three-sum,raw reverse pass,The raw interface specifies the five weighted M(K4) class sums; normalized M114 records ratio preservation but not this standalone signature. Edge E0444 connects this distinct signature to thm:seymour-three-sum; E0023 supplies the triangle signature.,"The proof of thm:seymour-three-sum displays the ordered five-tuple (α1α2α3, α2α3, α1α3, α1α2, α1+α2+α3).",Propose an atomic K4 signature row sourced from M114 after review.,high
,,interface:one_hot_oracle,interface:one_hot_oracle,NON_MATROID_RAW_NODE,thm:standard-quantum-equivalence,raw reverse pass,"Raw manuscript-wide node concerns general mathematics, application/optimization context, implementation data, or a certificate rather than an additional standalone matroid obligation.","At/use thm:standard-quantum-equivalence, XOR by the one-hot response vector; finite ancillary answer register with its specified encoding.",No Matroid-ledger correction proposed.,medium
,,interface:or_function,interface:or_function,NON_MATROID_RAW_NODE,prop:grover-source-value,raw reverse pass,"Raw manuscript-wide node concerns general mathematics, application/optimization context, implementation data, or a certificate rather than an additional standalone matroid obligation.","At/use prop:grover-source-value, Boolean OR on a finite coordinate set, including a separate zero-coordinate case.",No Matroid-ledger correction proposed.,medium
,,interface:randomized_expected_queries,interface:randomized_expected_queries,NON_MATROID_RAW_NODE,thm:recursive-r10-randomized-lower,raw reverse pass,"Raw manuscript-wide node concerns general mathematics, application/optimization context, implementation data, or a certificate rather than an additional standalone matroid obligation.","At/use thm:recursive-r10-randomized-lower, Worst input expected randomized decision-tree cost with per-input error bound.",No Matroid-ledger correction proposed.,medium
,,interface:response_multiplicity,interface:response_multiplicity,NON_MATROID_RAW_NODE,thm:multiresponse-msp-comparison,raw reverse pass,"Raw manuscript-wide node concerns general mathematics, application/optimization context, implementation data, or a certificate rather than an additional standalone matroid obligation.","At/use thm:multiresponse-msp-comparison, kappa is the maximum number of unobserved response blocks.",No Matroid-ledger correction proposed.,medium
,,interface:sensitivity,interface:sensitivity,NON_MATROID_RAW_NODE,prop:recursive-r10-sensitivity,raw reverse pass,"Raw manuscript-wide node concerns general mathematics, application/optimization context, implementation data, or a certificate rather than an additional standalone matroid obligation.","At/use prop:recursive-r10-sensitivity, Two-sided maximum sensitivity on Boolean fibers and its block-composition rule.",No Matroid-ledger correction proposed.,medium
,,interface:triangle_signature,interface:triangle_signature,RAW_ONLY_CANDIDATE,eq:seymour-three-sum-phi;eq:seymour-three-sum-five;lem:seymour-three-sum-five,raw reverse pass,"The raw interface names the weighted five-class signature; normalized M110/M111 record classes and gluing but omit its explicit Φ_L construction. Edges E0435 and E0628 show direct proof uses, while E0023 carries the signature into the K4 interface.","Before lem:seymour-three-sum-five, the manuscript defines Φ_L by weighted independent subsets and names a,p1,p2,p3,c.",Propose an atomic triangle-signature definition sourced from M110/M111 after review.,high
,,interface:worst_energies,interface:worst_energies,NON_MATROID_RAW_NODE,def:representation-cost,raw reverse pass,"Raw manuscript-wide node concerns general mathematics, application/optimization context, implementation data, or a certificate rather than an additional standalone matroid obligation.","At/use def:representation-cost, Maximum positive/negative energies with empty-fiber convention zero.",No Matroid-ledger correction proposed.,medium
,,lem:adversary-copy-invariance,lem:adversary-copy-invariance,NON_MATROID_RAW_NODE,lem:adversary-copy-invariance,raw reverse pass,"Raw manuscript-wide node concerns general mathematics, application/optimization context, implementation data, or a certificate rather than an additional standalone matroid obligation.","At/use lem:adversary-copy-invariance, Duplicating each input into a nonempty finite copy fiber without changing answers or outputs leaves the weighted adversary value unchanged.",No Matroid-ledger correction proposed.,medium
,,lem:bipartite-spectrum,lem:bipartite-spectrum,NON_MATROID_RAW_NODE,lem:bipartite-spectrum,raw reverse pass,"Raw manuscript-wide node concerns general mathematics, application/optimization context, implementation data, or a certificate rather than an additional standalone matroid obligation.","At/use lem:bipartite-spectrum, A Boolean adversary matrix has an off-diagonal rectangular block, whose norm equals the full matrix norm; its spectrum is symmetric.",No Matroid-ledger correction proposed.,medium
,,lem:positive-kernel-entry-bound,lem:positive-kernel-entry-bound,NON_MATROID_RAW_NODE,lem:positive-kernel-entry-bound,raw reverse pass,"Raw manuscript-wide node concerns general mathematics, application/optimization context, implementation data, or a certificate rather than an additional standalone matroid obligation.","At/use lem:positive-kernel-entry-bound, A PSD kernel satisfies the entrywise Cauchy–Schwarz inequality, and a zero diagonal forces the corresponding row and column to vanish.",No Matroid-ledger correction proposed.,medium
,,lem:positive-kernel-self-duality,lem:positive-kernel-self-duality,NON_MATROID_RAW_NODE,lem:positive-kernel-self-duality,raw reverse pass,"Raw manuscript-wide node concerns general mathematics, application/optimization context, implementation data, or a certificate rather than an additional standalone matroid obligation.","At/use lem:positive-kernel-self-duality, A linear functional on the PSD cone has finite infimum precisely when its coefficient matrix is PSD; the finite infimum is zero.",No Matroid-ledger correction proposed.,medium
,,lem:reconstruction-separation-pairing,lem:reconstruction-separation-pairing,NON_MATROID_RAW_NODE,lem:reconstruction-separation-pairing,raw reverse pass,"Raw manuscript-wide node concerns general mathematics, application/optimization context, implementation data, or a certificate rather than an additional standalone matroid obligation.","At/use lem:reconstruction-separation-pairing, Positive reconstruction and negative separation witnesses pair to one after retaining only queries that distinguish their inputs.",No Matroid-ledger correction proposed.,medium
,,prop:adversary-attainment,prop:adversary-attainment,NON_MATROID_RAW_NODE,prop:adversary-attainment,raw reverse pass,"Raw manuscript-wide node concerns general mathematics, application/optimization context, implementation data, or a certificate rather than an additional standalone matroid obligation.","At/use prop:adversary-attainment, For a separating finite query family with positive query costs, the adversary optimum is finite and attained.",No Matroid-ledger correction proposed.,medium
,,prop:adversary-routing-duality,prop:adversary-routing-duality,NON_MATROID_RAW_NODE,prop:adversary-routing-duality,raw reverse pass,"Raw manuscript-wide node concerns general mathematics, application/optimization context, implementation data, or a certificate rather than an additional standalone matroid obligation.","At/use prop:adversary-routing-duality, The weighted routing norm is dual to filtered operator-norm constraints, and the adversary value is the supremum of routing costs on unit rank-one demands.",No Matroid-ledger correction proposed.,medium
,,prop:correlation-positive,prop:correlation-positive,NON_MATROID_RAW_NODE,prop:correlation-positive,raw reverse pass,"Raw manuscript-wide node concerns general mathematics, application/optimization context, implementation data, or a certificate rather than an additional standalone matroid obligation.","At/use prop:correlation-positive, The correlation kernel of a family of quantum states is positive semidefinite.",No Matroid-ledger correction proposed.,medium
,,prop:correlation-transport-attainment,prop:correlation-transport-attainment,NON_MATROID_RAW_NODE,prop:correlation-transport-attainment,raw reverse pass,"Raw manuscript-wide node concerns general mathematics, application/optimization context, implementation data, or a certificate rather than an additional standalone matroid obligation.","At/use prop:correlation-transport-attainment, For separating finite query families, the correlation-transport infimum is attained.",No Matroid-ledger correction proposed.,medium
,,prop:correlation-transport-dual,prop:correlation-transport-dual,NON_MATROID_RAW_NODE,prop:correlation-transport-dual,raw reverse pass,"Raw manuscript-wide node concerns general mathematics, application/optimization context, implementation data, or a certificate rather than an additional standalone matroid obligation.","At/use prop:correlation-transport-dual, The correlation transport has the stated diagonal-load multiplier dual, with equal primal and dual values.",No Matroid-ledger correction proposed.,medium
,,prop:correlation-transport-feasible,prop:correlation-transport-feasible,NON_MATROID_RAW_NODE,prop:correlation-transport-feasible,raw reverse pass,"Raw manuscript-wide node concerns general mathematics, application/optimization context, implementation data, or a certificate rather than an additional standalone matroid obligation.","At/use prop:correlation-transport-feasible, A separating query family admits a feasible correlation transport.",No Matroid-ledger correction proposed.,medium
,,prop:factorization-transport-equivalence,prop:factorization-transport-equivalence,NON_MATROID_RAW_NODE,prop:factorization-transport-equivalence,raw reverse pass,"Raw manuscript-wide node concerns general mathematics, application/optimization context, implementation data, or a certificate rather than an additional standalone matroid obligation.","At/use prop:factorization-transport-equivalence, Gram kernels and computational factorizations have the same feasibility and cost; a separating query set has an optimal factorization of adversary cost.",No Matroid-ledger correction proposed.,medium
,,prop:grover-source-value,prop:grover-source-value,NON_MATROID_RAW_NODE,prop:grover-source-value,raw reverse pass,"Raw manuscript-wide node concerns general mathematics, application/optimization context, implementation data, or a certificate rather than an additional standalone matroid obligation.","At/use prop:grover-source-value, The exact general adversary value of OR_n under coordinate queries is sqrt(n).",No Matroid-ledger correction proposed.,medium
,,prop:partition-computation,prop:partition-computation,NON_MATROID_RAW_NODE,prop:partition-computation,raw reverse pass,"Raw manuscript-wide node concerns general mathematics, application/optimization context, implementation data, or a certificate rather than an additional standalone matroid obligation.","At/use prop:partition-computation, A partition refines the fibers of f exactly when f factors through its block map.",No Matroid-ledger correction proposed.,medium
,,prop:quantum-separation-cover,prop:quantum-separation-cover,NON_MATROID_RAW_NODE,prop:quantum-separation-cover,raw reverse pass,"Raw manuscript-wide node concerns general mathematics, application/optimization context, implementation data, or a certificate rather than an additional standalone matroid obligation.","At/use prop:quantum-separation-cover, A quantum query circuit computing with error below one half requires the allowed queries to separate opposite-output inputs.",No Matroid-ledger correction proposed.,medium
,,prop:query-correlation-support,prop:query-correlation-support,NON_MATROID_RAW_NODE,prop:query-correlation-support,raw reverse pass,"Raw manuscript-wide node concerns general mathematics, application/optimization context, implementation data, or a certificate rather than an additional standalone matroid obligation.","At/use prop:query-correlation-support, A phase query leaves a configuration’s pairwise correlation contribution unchanged when the addressed query does not separate the two inputs.",No Matroid-ledger correction proposed.,medium
,,prop:quotient-complementary-rank,prop:quotient-complementary-rank,NON_MATROID_RAW_NODE,prop:quotient-complementary-rank,raw reverse pass,"Raw manuscript-wide node concerns general mathematics, application/optimization context, implementation data, or a certificate rather than an additional standalone matroid obligation.","At/use prop:quotient-complementary-rank, The negative-functional matrix annihilates the positive-relation matrix; complementary rank lower certificates determine the quotient dimension and its full annihilator when their ranks sum to the free dimension.",No Matroid-ledger correction proposed.,medium
,,prop:quotient-normal-form-cost,prop:quotient-normal-form-cost,NON_MATROID_RAW_NODE,prop:quotient-normal-form-cost,raw reverse pass,"Raw manuscript-wide node concerns general mathematics, application/optimization context, implementation data, or a certificate rather than an additional standalone matroid obligation.","At/use prop:quotient-normal-form-cost, The quotient representation’s positive energy is bounded by its factor load, while its negative energy is bounded by the same load weighted by the number of unobserved response blocks.",No Matroid-ledger correction proposed.,medium
,,prop:recombination-preserves-correlation,prop:recombination-preserves-correlation,NON_MATROID_RAW_NODE,prop:recombination-preserves-correlation,raw reverse pass,"Raw manuscript-wide node concerns general mathematics, application/optimization context, implementation data, or a certificate rather than an additional standalone matroid obligation.","At/use prop:recombination-preserves-correlation, A real recombination preserves the Euclidean inner product.",No Matroid-ledger correction proposed.,medium
,,prop:reconstruction-separation-acceptance,prop:reconstruction-separation-acceptance,NON_MATROID_RAW_NODE,prop:reconstruction-separation-acceptance,raw reverse pass,"Raw manuscript-wide node concerns general mathematics, application/optimization context, implementation data, or a certificate rather than an additional standalone matroid obligation.","At/use prop:reconstruction-separation-acceptance, A span program accepts exactly when its reconstruction set is nonempty, and rejects exactly when its normalized separation set is nonempty.",No Matroid-ledger correction proposed.,medium
,,prop:recursive-r10-sensitivity,prop:recursive-r10-sensitivity,RAW_ONLY_CANDIDATE,prop:recursive-r10-sensitivity,raw reverse pass,"The raw theorem gives the two-sided 5^h sensitivity of the recursively composed pointed-closure predicate; normalized M154 records only base witnesses. Edges E0519-E0521 enter from sensitivity, induction, and the base certificate; E0522 and E0536 carry the result into query/program claims. This graph context favors application scope but does not settle whether a matroid-side closure reformulation is needed.","At prop:recursive-r10-sensitivity, induction proves s_0(F_h)=s_1(F_h)=5^h from the pointed R10 base witnesses and block composition.","Review whether to add a matroid-side recursive target-closure sensitivity row, sourced from M145/M154.",medium
,,prop:representation-balance,prop:representation-balance,NON_MATROID_RAW_NODE,prop:representation-balance,raw reverse pass,"Raw manuscript-wide node concerns general mathematics, application/optimization context, implementation data, or a certificate rather than an additional standalone matroid obligation.","At/use prop:representation-balance, Optimizing the common relative scale balances the worst energies at their geometric mean, also as an infimum when one factor is zero.",No Matroid-ledger correction proposed.,medium
,,prop:representation-coordinate-invariance,prop:representation-coordinate-invariance,NON_MATROID_RAW_NODE,prop:representation-coordinate-invariance,raw reverse pass,"Raw manuscript-wide node concerns general mathematics, application/optimization context, implementation data, or a certificate rather than an additional standalone matroid obligation.","At/use prop:representation-coordinate-invariance, Invertible ambient coordinate changes preserve each input energy and the balanced representation cost.",No Matroid-ledger correction proposed.,medium
,,prop:representation-energy-attainment,prop:representation-energy-attainment,NON_MATROID_RAW_NODE,prop:representation-energy-attainment,raw reverse pass,"Raw manuscript-wide node concerns general mathematics, application/optimization context, implementation data, or a certificate rather than an additional standalone matroid obligation.","At/use prop:representation-energy-attainment, Both input-level quadratic energy minima are attained in finite dimensions.",No Matroid-ledger correction proposed.,medium
,,prop:representation-scaling,prop:representation-scaling,NON_MATROID_RAW_NODE,prop:representation-scaling,raw reverse pass,"Raw manuscript-wide node concerns general mathematics, application/optimization context, implementation data, or a certificate rather than an additional standalone matroid obligation.","At/use prop:representation-scaling, Scaling target vectors by alpha and input vectors by beta rescales the worst positive and negative energies by reciprocal square ratios.",No Matroid-ledger correction proposed.,medium
,,prop:represented-program-gives-transport,prop:represented-program-gives-transport,NON_MATROID_RAW_NODE,prop:represented-program-gives-transport,raw reverse pass,"Raw manuscript-wide node concerns general mathematics, application/optimization context, implementation data, or a certificate rather than an additional standalone matroid obligation.","At/use prop:represented-program-gives-transport, A represented program gives a transport bounded by its worst witness energies; balancing yields the adversary lower bound on its representation cost.",No Matroid-ledger correction proposed.,medium
,,prop:routing-potential-optimality,prop:routing-potential-optimality,NON_MATROID_RAW_NODE,prop:routing-potential-optimality,raw reverse pass,"Raw manuscript-wide node concerns general mathematics, application/optimization context, implementation data, or a certificate rather than an additional standalone matroid obligation.","At/use prop:routing-potential-optimality, A feasible adversary matrix matching a routing upper bound certifies equality with that bound.",No Matroid-ledger correction proposed.,medium
,,prop:scalar-flat-routing-certificate,prop:scalar-flat-routing-certificate,NON_MATROID_RAW_NODE,prop:scalar-flat-routing-certificate,raw reverse pass,"Raw manuscript-wide node concerns general mathematics, application/optimization context, implementation data, or a certificate rather than an additional standalone matroid obligation.","At/use prop:scalar-flat-routing-certificate, Any nonnegative flat-dependent fractional assignment to separating queries yields the stated nuclear-norm routing upper bound.",No Matroid-ledger correction proposed.,medium
,,supplement:fbs,supplement:fbs,NON_MATROID_RAW_NODE,,raw reverse pass,"Raw manuscript-wide node concerns general mathematics, application/optimization context, implementation data, or a certificate rather than an additional standalone matroid obligation.",No standalone TeX label in the raw node; its description says Pointed R10 fractional block sensitivity: 247 inputs at 3 and nine at 5 in each fiber.,No Matroid-ledger correction proposed.,medium
,,supplement:sabotage,supplement:sabotage,NON_MATROID_RAW_NODE,,raw reverse pass,"Raw manuscript-wide node concerns general mathematics, application/optimization context, implementation data, or a certificate rather than an additional standalone matroid obligation.",No standalone TeX label in the raw node; its description says Exact sabotage value 240947/53451 for the appendix model.,No Matroid-ledger correction proposed.,medium
,,thm:adversary-lower-bounds-msp,thm:adversary-lower-bounds-msp,NON_MATROID_RAW_NODE,thm:adversary-lower-bounds-msp,raw reverse pass,"Raw manuscript-wide node concerns general mathematics, application/optimization context, implementation data, or a certificate rather than an additional standalone matroid obligation.","At/use thm:adversary-lower-bounds-msp, The adversary value is a lower bound on the global represented labeled program optimum, also with extended values.",No Matroid-ledger correction proposed.,medium
,,thm:adversary-query-lower-bound,thm:adversary-query-lower-bound,NON_MATROID_RAW_NODE,thm:adversary-query-lower-bound,raw reverse pass,"Raw manuscript-wide node concerns general mathematics, application/optimization context, implementation data, or a certificate rather than an additional standalone matroid obligation.","At/use thm:adversary-query-lower-bound, Boolean bounded-error query complexity is at least (1−2 sqrt(epsilon(1−epsilon)))/2 times the general adversary bound in the phase-query model.",No Matroid-ledger correction proposed.,medium
,,thm:correlation-transport-adversary,thm:correlation-transport-adversary,NON_MATROID_RAW_NODE,thm:correlation-transport-adversary,raw reverse pass,"Raw manuscript-wide node concerns general mathematics, application/optimization context, implementation data, or a certificate rather than an additional standalone matroid obligation.","At/use thm:correlation-transport-adversary, For finite queries and a Boolean target, the correlation-transport value equals the general adversary bound, including the nonseparating infinite case.",No Matroid-ledger correction proposed.,medium
,,thm:flat-adversary-decomposition,thm:flat-adversary-decomposition,NON_MATROID_RAW_NODE,thm:flat-adversary-decomposition,raw reverse pass,"Raw manuscript-wide node concerns general mathematics, application/optimization context, implementation data, or a certificate rather than an additional standalone matroid obligation.","At/use thm:flat-adversary-decomposition, The Boolean rectangular adversary optimization can be grouped by realized agreement flats, with each query retaining precisely the blocks whose flats omit it.",No Matroid-ledger correction proposed.,medium
,,thm:permutation-wall,thm:permutation-wall,NON_MATROID_RAW_NODE,thm:permutation-wall,raw reverse pass,"Raw manuscript-wide node concerns general mathematics, application/optimization context, implementation data, or a certificate rather than an additional standalone matroid obligation.","At/use thm:permutation-wall, Every affine automorphism of a finite probability simplex is induced by a permutation of its configurations.",No Matroid-ledger correction proposed.,medium
,,thm:r10-source-interval,thm:r10-source-interval,NON_MATROID_RAW_NODE,thm:r10-source-interval,raw reverse pass,"Raw manuscript-wide node concerns general mathematics, application/optimization context, implementation data, or a certificate rather than an additional standalone matroid obligation.","At/use thm:r10-source-interval, The pointed R10 adversary value lies strictly between 3.908755342845 and 3.9301.",No Matroid-ledger correction proposed.,medium
,,thm:recursive-r10-comparison,thm:recursive-r10-comparison,NON_MATROID_RAW_NODE,thm:recursive-r10-comparison,raw reverse pass,"Raw manuscript-wide node concerns general mathematics, application/optimization context, implementation data, or a certificate rather than an additional standalone matroid obligation.","At/use thm:recursive-r10-comparison, The recursive family has randomized lower bound 5^h/3, natural program cost 5^h, the alternative program upper bound, and quantum complexity Theta(a^h) for the certified base adversary value a.",No Matroid-ledger correction proposed.,medium
,,thm:recursive-r10-randomized-lower,thm:recursive-r10-randomized-lower,NON_MATROID_RAW_NODE,thm:recursive-r10-randomized-lower,raw reverse pass,"Raw manuscript-wide node concerns general mathematics, application/optimization context, implementation data, or a certificate rather than an additional standalone matroid obligation.","At/use thm:recursive-r10-randomized-lower, Worst-case expected randomized queries for the recursive predicate are at least (1−2 epsilon)5^h, in particular 5^h/3 at error one third.",No Matroid-ledger correction proposed.,medium
,,thm:square-root-forced,thm:square-root-forced,NON_MATROID_RAW_NODE,thm:square-root-forced,raw reverse pass,"Raw manuscript-wide node concerns general mathematics, application/optimization context, implementation data, or a certificate rather than an additional standalone matroid obligation.","At/use thm:square-root-forced, A reversible power-law carrier admitting the specified balanced linear involution must use exponent two.",No Matroid-ledger correction proposed.,medium
,,thm:standard-quantum-equivalence,thm:standard-quantum-equivalence,NON_MATROID_RAW_NODE,thm:standard-quantum-equivalence,raw reverse pass,"Raw manuscript-wide node concerns general mathematics, application/optimization context, implementation data, or a certificate rather than an additional standalone matroid obligation.","At/use thm:standard-quantum-equivalence, The real partition-phase circuit model and the explicitly one-hot encoded reversible response oracle have identical minimum query counts and output error.",No Matroid-ledger correction proposed.,medium
